{
  "scenario": "baseline",
  "strategy": "proportional_fair",
  "seed": 48,
  "samples": 600,
  "avg_offered_load_mbps": 44.677184733329916,
  "avg_accepted_load_mbps": 44.677184733329916,
  "avg_capacity_mbps": 55.11522729033754,
  "avg_goodput_mbps": 44.48448450076851,
  "avg_queue": 1.465,
  "final_capacity_mbps": 97.98353645181895,
  "final_goodput_mbps": 88.56738369981218,
  "final_queue": 3,
  "final_blocked_rate": 0.0,
  "final_blocked_queue_cap_rate": 0.0,
  "final_blocked_timeout_rate": 0.0,
  "final_utilization": 0.5,
  "final_fairness": 0.9926191857734552,
  "avg_utilization": 0.265,
  "avg_fairness": 0.8876445788298457,
  "avg_acceptance_rate": 0.9966666666666667,
  "avg_service_rate": 0.9801584327115205,
  "final_mean_served_delay_s": 2.6711281070745696,
  "final_p95_served_delay_s": 7.0,
  "final_mean_timeout_delay_s": 0.0
}