{
  "scenario": "both_int6",
  "strategy": "greedy_backlog",
  "seed": 43,
  "samples": 600,
  "avg_offered_load_mbps": 759.8008368706072,
  "avg_accepted_load_mbps": 618.0340091665881,
  "avg_capacity_mbps": 183.6800492519589,
  "avg_goodput_mbps": 183.64590719366697,
  "avg_queue": 60.46333333333333,
  "final_capacity_mbps": 189.40030486450385,
  "final_goodput_mbps": 189.40030486450388,
  "final_queue": 62,
  "final_blocked_rate": 0.7380178716490658,
  "final_blocked_queue_cap_rate": 0.18805848903330624,
  "final_blocked_timeout_rate": 0.5499593826157595,
  "final_utilization": 1.0,
  "final_fairness": 0.9839595340984482,
  "avg_utilization": 0.9985416666666667,
  "avg_fairness": 0.9814331197320794,
  "avg_acceptance_rate": 0.8253028188383539,
  "avg_service_rate": 0.23736445370325426,
  "final_mean_served_delay_s": 15.777015437392796,
  "final_p95_served_delay_s": 20.0,
  "final_mean_timeout_delay_s": 20.0
}