{
  "scenario": "both_q15_t20",
  "strategy": "round_robin",
  "seed": 44,
  "samples": 600,
  "avg_offered_load_mbps": 764.4133077715236,
  "avg_accepted_load_mbps": 764.4133077715236,
  "avg_capacity_mbps": 152.78154352209043,
  "avg_goodput_mbps": 152.3067913369856,
  "avg_queue": 74.47666666666667,
  "final_capacity_mbps": 153.8588202669597,
  "final_goodput_mbps": 153.8588202669597,
  "final_queue": 77,
  "final_blocked_rate": 0.7660361842105263,
  "final_blocked_queue_cap_rate": 0.0,
  "final_blocked_timeout_rate": 0.7660361842105263,
  "final_utilization": 1.0,
  "final_fairness": 0.9663380829026595,
  "avg_utilization": 0.9989583333333333,
  "avg_fairness": 0.94829144189083,
  "avg_acceptance_rate": 1.0,
  "avg_service_rate": 0.2237462603259006,
  "final_mean_served_delay_s": 14.414634146341463,
  "final_p95_served_delay_s": 20.0,
  "final_mean_timeout_delay_s": 20.0
}