{
  "scenario": "both_q5_t40",
  "strategy": "greedy_backlog",
  "seed": 45,
  "samples": 600,
  "avg_offered_load_mbps": 787.1612102454801,
  "avg_accepted_load_mbps": 445.5242667631569,
  "avg_capacity_mbps": 190.07167441598557,
  "avg_goodput_mbps": 189.89997030334482,
  "avg_queue": 77.18,
  "final_capacity_mbps": 197.36244828141207,
  "final_goodput_mbps": 197.36244828141207,
  "final_queue": 75,
  "final_blocked_rate": 0.7282430213464697,
  "final_blocked_queue_cap_rate": 0.4388341543513957,
  "final_blocked_timeout_rate": 0.2894088669950739,
  "final_utilization": 1.0,
  "final_fairness": 0.9807168470695423,
  "avg_utilization": 0.9985416666666667,
  "avg_fairness": 0.9811071417699857,
  "avg_acceptance_rate": 0.613315153574393,
  "avg_service_rate": 0.24937117736380535,
  "final_mean_served_delay_s": 29.405451448040886,
  "final_p95_served_delay_s": 39.0,
  "final_mean_timeout_delay_s": 40.0
}