{
  "scenario": "both_q5_t10",
  "strategy": "greedy_backlog",
  "seed": 42,
  "samples": 600,
  "avg_offered_load_mbps": 766.2760178948384,
  "avg_accepted_load_mbps": 744.2105244394185,
  "avg_capacity_mbps": 191.89743384526852,
  "avg_goodput_mbps": 191.60371438856492,
  "avg_queue": 34.875,
  "final_capacity_mbps": 197.09028526126224,
  "final_goodput_mbps": 197.09028526126224,
  "final_queue": 39,
  "final_blocked_rate": 0.7384937238493724,
  "final_blocked_queue_cap_rate": 0.027196652719665274,
  "final_blocked_timeout_rate": 0.7112970711297071,
  "final_utilization": 1.0,
  "final_fairness": 0.9900860821862456,
  "avg_utilization": 0.99625,
  "avg_fairness": 0.9834711377661485,
  "avg_acceptance_rate": 0.9763574537952172,
  "avg_service_rate": 0.23515513746033245,
  "final_mean_served_delay_s": 7.356655290102389,
  "final_p95_served_delay_s": 10.0,
  "final_mean_timeout_delay_s": 10.0
}