{
  "scenario": "baseline_both",
  "strategy": "ppo",
  "seed": 50,
  "episode_reward": -5.731984621000212,
  "episode_steps": 600,
  "samples": 600,
  "avg_offered_load_mbps": 778.7999490711376,
  "avg_accepted_load_mbps": 625.2690631644504,
  "avg_capacity_mbps": 153.57969173452437,
  "avg_goodput_mbps": 153.17098419736894,
  "avg_queue": 58.54666666666667,
  "final_capacity_mbps": 155.10780120122834,
  "final_goodput_mbps": 155.10780120122834,
  "final_queue": 54,
  "final_blocked_rate": 0.7832167832167832,
  "final_blocked_queue_cap_rate": 0.20238584944467297,
  "final_blocked_timeout_rate": 0.5808309337721103,
  "final_utilization": 1.0,
  "final_fairness": 0.9467102655101312,
  "avg_utilization": 0.9983333333333333,
  "avg_fairness": 0.9308981026270694,
  "avg_acceptance_rate": 0.8151526389573048,
  "avg_service_rate": 0.19775904017988782,
  "final_mean_served_delay_s": 14.348837209302326,
  "final_p95_served_delay_s": 20.0,
  "final_mean_timeout_delay_s": 20.0
}