{
  "scenario": "both_ch64",
  "strategy": "proportional_fair",
  "seed": 45,
  "samples": 600,
  "avg_offered_load_mbps": 787.1612102454801,
  "avg_accepted_load_mbps": 643.1272802086834,
  "avg_capacity_mbps": 205.62042865429984,
  "avg_goodput_mbps": 205.42715070039887,
  "avg_queue": 58.455,
  "final_capacity_mbps": 199.05565569556634,
  "final_goodput_mbps": 199.05565569556632,
  "final_queue": 63,
  "final_blocked_rate": 0.7064860426929392,
  "final_blocked_queue_cap_rate": 0.18144499178981938,
  "final_blocked_timeout_rate": 0.5250410509031199,
  "final_utilization": 1.0,
  "final_fairness": 0.9063014239327918,
  "avg_utilization": 0.9971354166666667,
  "avg_fairness": 0.8161706757416637,
  "avg_acceptance_rate": 0.8369930388650418,
  "avg_service_rate": 0.29070650175552304,
  "final_mean_served_delay_s": 14.440184049079754,
  "final_p95_served_delay_s": 20.0,
  "final_mean_timeout_delay_s": 20.0
}