{
  "scenario": "both_q15_t20",
  "strategy": "greedy_backlog",
  "seed": 45,
  "samples": 600,
  "avg_offered_load_mbps": 787.1612102454801,
  "avg_accepted_load_mbps": 787.1612102454801,
  "avg_capacity_mbps": 192.86097150971608,
  "avg_goodput_mbps": 192.68926739707533,
  "avg_queue": 74.92833333333333,
  "final_capacity_mbps": 186.89246780042413,
  "final_goodput_mbps": 186.89246780042413,
  "final_queue": 78,
  "final_blocked_rate": 0.7093596059113301,
  "final_blocked_queue_cap_rate": 0.0,
  "final_blocked_timeout_rate": 0.7093596059113301,
  "final_utilization": 1.0,
  "final_fairness": 0.9725394539508369,
  "avg_utilization": 0.9985416666666667,
  "avg_fairness": 0.9850671735800524,
  "avg_acceptance_rate": 1.0,
  "avg_service_rate": 0.26466598266366637,
  "final_mean_served_delay_s": 16.106349206349208,
  "final_p95_served_delay_s": 20.0,
  "final_mean_timeout_delay_s": 20.0
}