{
  "scenario": "both_ch32",
  "strategy": "round_robin",
  "seed": 45,
  "samples": 600,
  "avg_offered_load_mbps": 787.1612102454801,
  "avg_accepted_load_mbps": 621.2483514337631,
  "avg_capacity_mbps": 101.92875638383241,
  "avg_goodput_mbps": 101.66812320959748,
  "avg_queue": 59.656666666666666,
  "final_capacity_mbps": 101.53994924912206,
  "final_goodput_mbps": 101.53994924912205,
  "final_queue": 63,
  "final_blocked_rate": 0.8399014778325123,
  "final_blocked_queue_cap_rate": 0.20977011494252873,
  "final_blocked_timeout_rate": 0.6301313628899836,
  "final_utilization": 1.0,
  "final_fairness": 0.892424358077934,
  "avg_utilization": 0.9992708333333333,
  "avg_fairness": 0.9229336011798146,
  "avg_acceptance_rate": 0.8007408719023021,
  "avg_service_rate": 0.147575045180953,
  "final_mean_served_delay_s": 14.357798165137615,
  "final_p95_served_delay_s": 20.0,
  "final_mean_timeout_delay_s": 20.0
}