{
  "scenario": "baseline_timeout",
  "strategy": "greedy_backlog",
  "seed": 50,
  "samples": 600,
  "avg_offered_load_mbps": 778.7999490711376,
  "avg_accepted_load_mbps": 778.7999490711376,
  "avg_capacity_mbps": 192.89799955790988,
  "avg_goodput_mbps": 192.7845058015706,
  "avg_queue": 75.125,
  "final_capacity_mbps": 203.9661072563603,
  "final_goodput_mbps": 203.9661072563603,
  "final_queue": 82,
  "final_blocked_rate": 0.7149321266968326,
  "final_blocked_queue_cap_rate": 0.0,
  "final_blocked_timeout_rate": 0.7149321266968326,
  "final_utilization": 1.0,
  "final_fairness": 0.9894717915409121,
  "avg_utilization": 0.9983333333333333,
  "avg_fairness": 0.9835100824367572,
  "avg_acceptance_rate": 1.0,
  "avg_service_rate": 0.2581072695092308,
  "final_mean_served_delay_s": 16.450081833060555,
  "final_p95_served_delay_s": 20.0,
  "final_mean_timeout_delay_s": 20.0
}