{
  "scenario": "both_int3",
  "strategy": "round_robin",
  "seed": 45,
  "samples": 600,
  "avg_offered_load_mbps": 787.1612102454801,
  "avg_accepted_load_mbps": 628.0026170308265,
  "avg_capacity_mbps": 173.79536551475482,
  "avg_goodput_mbps": 173.16056829761254,
  "avg_queue": 57.693333333333335,
  "final_capacity_mbps": 171.87717620590024,
  "final_goodput_mbps": 171.87717620590018,
  "final_queue": 61,
  "final_blocked_rate": 0.7413793103448276,
  "final_blocked_queue_cap_rate": 0.19540229885057472,
  "final_blocked_timeout_rate": 0.5459770114942529,
  "final_utilization": 1.0,
  "final_fairness": 0.9465398708118147,
  "avg_utilization": 0.9985416666666667,
  "avg_fairness": 0.9530578589018603,
  "avg_acceptance_rate": 0.8174525592915926,
  "avg_service_rate": 0.25446184810214184,
  "final_mean_served_delay_s": 13.848857644991213,
  "final_p95_served_delay_s": 20.0,
  "final_mean_timeout_delay_s": 20.0
}