{
  "scenario": "both_q5_t40",
  "strategy": "greedy_backlog",
  "seed": 46,
  "samples": 600,
  "avg_offered_load_mbps": 752.7792334683929,
  "avg_accepted_load_mbps": 431.143145037478,
  "avg_capacity_mbps": 191.00101092442452,
  "avg_goodput_mbps": 190.91117450025044,
  "avg_queue": 77.12,
  "final_capacity_mbps": 199.35063592983707,
  "final_goodput_mbps": 199.35063592983707,
  "final_queue": 82,
  "final_blocked_rate": 0.7146529562982005,
  "final_blocked_queue_cap_rate": 0.4194515852613539,
  "final_blocked_timeout_rate": 0.2952013710368466,
  "final_utilization": 1.0,
  "final_fairness": 0.9903226276831988,
  "avg_utilization": 0.9985416666666667,
  "avg_fairness": 0.9820830095214211,
  "avg_acceptance_rate": 0.6208768749895315,
  "avg_service_rate": 0.26095277894941127,
  "final_mean_served_delay_s": 30.607876712328768,
  "final_p95_served_delay_s": 40.0,
  "final_mean_timeout_delay_s": 40.0
}