{
  "scenario": "both_int6",
  "strategy": "proportional_fair",
  "seed": 42,
  "samples": 600,
  "avg_offered_load_mbps": 766.2760178948384,
  "avg_accepted_load_mbps": 619.3574595051206,
  "avg_capacity_mbps": 137.57158395997322,
  "avg_goodput_mbps": 137.43845982203675,
  "avg_queue": 59.895,
  "final_capacity_mbps": 136.721622114238,
  "final_goodput_mbps": 136.721622114238,
  "final_queue": 72,
  "final_blocked_rate": 0.7895397489539749,
  "final_blocked_queue_cap_rate": 0.18451882845188283,
  "final_blocked_timeout_rate": 0.605020920502092,
  "final_utilization": 1.0,
  "final_fairness": 0.9227293843761877,
  "avg_utilization": 0.99625,
  "avg_fairness": 0.8200977483044614,
  "avg_acceptance_rate": 0.8336333681468776,
  "avg_service_rate": 0.18166205938072003,
  "final_mean_served_delay_s": 15.399071925754061,
  "final_p95_served_delay_s": 20.0,
  "final_mean_timeout_delay_s": 20.0
}