{
  "scenario": "both_q5_t40",
  "strategy": "longest_queue_first",
  "seed": 45,
  "samples": 600,
  "avg_offered_load_mbps": 787.1612102454801,
  "avg_accepted_load_mbps": 423.30087094704334,
  "avg_capacity_mbps": 151.4567106707448,
  "avg_goodput_mbps": 151.31059178234113,
  "avg_queue": 75.91833333333334,
  "final_capacity_mbps": 149.4057976671947,
  "final_goodput_mbps": 149.4057976671947,
  "final_queue": 75,
  "final_blocked_rate": 0.7672413793103449,
  "final_blocked_queue_cap_rate": 0.45894909688013136,
  "final_blocked_timeout_rate": 0.30829228243021345,
  "final_utilization": 1.0,
  "final_fairness": 0.950630112103606,
  "avg_utilization": 0.9985416666666667,
  "avg_fairness": 0.934595998483994,
  "avg_acceptance_rate": 0.5916465621866852,
  "avg_service_rate": 0.21383344885025943,
  "final_mean_served_delay_s": 29.380081300813007,
  "final_p95_served_delay_s": 40.0,
  "final_mean_timeout_delay_s": 40.0
}