{
  "scenario": "both_ch32",
  "strategy": "round_robin",
  "seed": 46,
  "samples": 600,
  "avg_offered_load_mbps": 752.7792334683929,
  "avg_accepted_load_mbps": 601.6519840056777,
  "avg_capacity_mbps": 102.09886151644471,
  "avg_goodput_mbps": 101.93026587142491,
  "avg_queue": 58.615,
  "final_capacity_mbps": 102.21446735088598,
  "final_goodput_mbps": 102.21446735088595,
  "final_queue": 63,
  "final_blocked_rate": 0.8534704370179949,
  "final_blocked_queue_cap_rate": 0.1928020565552699,
  "final_blocked_timeout_rate": 0.6606683804627249,
  "final_utilization": 1.0,
  "final_fairness": 0.9497913351307039,
  "avg_utilization": 0.9994791666666667,
  "avg_fairness": 0.9255254045170176,
  "avg_acceptance_rate": 0.8100515788103342,
  "avg_service_rate": 0.11785543892647231,
  "final_mean_served_delay_s": 14.54121863799283,
  "final_p95_served_delay_s": 20.0,
  "final_mean_timeout_delay_s": 20.0
}