{
  "scenario": "both_ch32",
  "strategy": "longest_queue_first",
  "seed": 49,
  "samples": 600,
  "avg_offered_load_mbps": 743.3465389769656,
  "avg_accepted_load_mbps": 596.6749581457847,
  "avg_capacity_mbps": 102.32590546569432,
  "avg_goodput_mbps": 102.15766120317447,
  "avg_queue": 60.498333333333335,
  "final_capacity_mbps": 104.25274597361035,
  "final_goodput_mbps": 104.25274597361036,
  "final_queue": 66,
  "final_blocked_rate": 0.8376245847176079,
  "final_blocked_queue_cap_rate": 0.19269102990033224,
  "final_blocked_timeout_rate": 0.6449335548172758,
  "final_utilization": 1.0,
  "final_fairness": 0.9063018571859761,
  "avg_utilization": 1.0,
  "avg_fairness": 0.9122779063039891,
  "avg_acceptance_rate": 0.8312851340724192,
  "avg_service_rate": 0.15587118210512277,
  "final_mean_served_delay_s": 14.873846153846154,
  "final_p95_served_delay_s": 20.0,
  "final_mean_timeout_delay_s": 20.0
}