{
  "scenario": "both_int3",
  "strategy": "greedy_backlog",
  "seed": 45,
  "samples": 600,
  "avg_offered_load_mbps": 787.1612102454801,
  "avg_accepted_load_mbps": 650.2319279413041,
  "avg_capacity_mbps": 202.00421656758002,
  "avg_goodput_mbps": 201.84323630840242,
  "avg_queue": 59.63666666666666,
  "final_capacity_mbps": 187.754023992239,
  "final_goodput_mbps": 187.754023992239,
  "final_queue": 64,
  "final_blocked_rate": 0.7105911330049262,
  "final_blocked_queue_cap_rate": 0.17405582922824303,
  "final_blocked_timeout_rate": 0.5365353037766831,
  "final_utilization": 1.0,
  "final_fairness": 0.9888514979899367,
  "avg_utilization": 0.9985416666666667,
  "avg_fairness": 0.9860974835928965,
  "avg_acceptance_rate": 0.8398812810825874,
  "avg_service_rate": 0.2764693013182235,
  "final_mean_served_delay_s": 14.90015600624025,
  "final_p95_served_delay_s": 20.0,
  "final_mean_timeout_delay_s": 20.0
}