{
  "scenario": "both_q5_t40",
  "strategy": "greedy_backlog",
  "seed": 43,
  "samples": 600,
  "avg_offered_load_mbps": 759.8008368706072,
  "avg_accepted_load_mbps": 432.11515587534734,
  "avg_capacity_mbps": 190.11042745315606,
  "avg_goodput_mbps": 190.09072053950922,
  "avg_queue": 78.54833333333333,
  "final_capacity_mbps": 189.81060528037455,
  "final_goodput_mbps": 189.81060528037455,
  "final_queue": 82,
  "final_blocked_rate": 0.7323314378554021,
  "final_blocked_queue_cap_rate": 0.44029244516653127,
  "final_blocked_timeout_rate": 0.29203899268887085,
  "final_utilization": 1.0,
  "final_fairness": 0.986171503759994,
  "avg_utilization": 0.9985416666666667,
  "avg_fairness": 0.9815646791037701,
  "avg_acceptance_rate": 0.6023552458166082,
  "avg_service_rate": 0.24365368321640807,
  "final_mean_served_delay_s": 30.176776429809358,
  "final_p95_served_delay_s": 39.0,
  "final_mean_timeout_delay_s": 40.0
}