{
  "scenario": "both_ch64",
  "strategy": "proportional_fair",
  "seed": 43,
  "samples": 600,
  "avg_offered_load_mbps": 759.8008368706072,
  "avg_accepted_load_mbps": 611.1076205245706,
  "avg_capacity_mbps": 205.9070188911085,
  "avg_goodput_mbps": 205.8185268803098,
  "avg_queue": 58.64833333333333,
  "final_capacity_mbps": 208.02803650397124,
  "final_goodput_mbps": 208.02803650397118,
  "final_queue": 60,
  "final_blocked_rate": 0.7038992688870837,
  "final_blocked_queue_cap_rate": 0.1933387489845654,
  "final_blocked_timeout_rate": 0.5105605199025183,
  "final_utilization": 1.0,
  "final_fairness": 0.8542701807764175,
  "avg_utilization": 0.9973958333333334,
  "avg_fairness": 0.8103694026736004,
  "avg_acceptance_rate": 0.8202363742157788,
  "avg_service_rate": 0.26838317216008584,
  "final_mean_served_delay_s": 15.186846038863976,
  "final_p95_served_delay_s": 20.0,
  "final_mean_timeout_delay_s": 20.0
}