{
  "scenario": "both_q10_t20",
  "strategy": "ppo_v4",
  "seed": 44,
  "episode_reward": 71.33436661423136,
  "episode_steps": 600,
  "samples": 600,
  "avg_offered_load_mbps": 764.4133077715236,
  "avg_accepted_load_mbps": 757.2351991811967,
  "avg_capacity_mbps": 159.92015055611657,
  "avg_goodput_mbps": 159.27753895778716,
  "avg_queue": 73.52166666666666,
  "final_capacity_mbps": 154.19634458987738,
  "final_goodput_mbps": 154.1963445898774,
  "final_queue": 77,
  "final_blocked_rate": 0.7639802631578947,
  "final_blocked_queue_cap_rate": 0.008634868421052632,
  "final_blocked_timeout_rate": 0.7553453947368421,
  "final_utilization": 1.0,
  "final_fairness": 0.6887386506698299,
  "avg_utilization": 0.9989583333333333,
  "avg_fairness": 0.6587808417647348,
  "avg_acceptance_rate": 0.9931512501587372,
  "avg_service_rate": 0.21835569107454186,
  "final_mean_served_delay_s": 14.173038229376257,
  "final_p95_served_delay_s": 20.0,
  "final_mean_timeout_delay_s": 20.0
}