{
  "scenario": "baseline_queue_cap",
  "strategy": "greedy_backlog",
  "seed": 50,
  "samples": 600,
  "avg_offered_load_mbps": 778.7999490711376,
  "avg_accepted_load_mbps": 669.1922310588286,
  "avg_capacity_mbps": 191.03664873549033,
  "avg_goodput_mbps": 190.92315497915104,
  "avg_queue": 889.8566666666667,
  "final_capacity_mbps": 192.85914272562943,
  "final_goodput_mbps": 192.8591427256294,
  "final_queue": 1511,
  "final_blocked_rate": 0.134923899629782,
  "final_blocked_queue_cap_rate": 0.134923899629782,
  "final_blocked_timeout_rate": 0.0,
  "final_utilization": 1.0,
  "final_fairness": 0.9881642358623273,
  "avg_utilization": 0.9983333333333333,
  "avg_fairness": 0.9825545117846811,
  "avg_acceptance_rate": 0.9878651157368485,
  "avg_service_rate": 0.23813738376680124,
  "final_mean_served_delay_s": 223.05236486486487,
  "final_p95_served_delay_s": 426.0,
  "final_mean_timeout_delay_s": 0.0
}