{
  "scenario": "both_int3",
  "strategy": "proportional_fair",
  "seed": 44,
  "samples": 600,
  "avg_offered_load_mbps": 764.4133077715236,
  "avg_accepted_load_mbps": 620.0905668672311,
  "avg_capacity_mbps": 177.48476959817833,
  "avg_goodput_mbps": 177.2916262578973,
  "avg_queue": 59.175,
  "final_capacity_mbps": 182.80087064921997,
  "final_goodput_mbps": 182.80087064921995,
  "final_queue": 61,
  "final_blocked_rate": 0.7376644736842105,
  "final_blocked_queue_cap_rate": 0.18791118421052633,
  "final_blocked_timeout_rate": 0.5497532894736842,
  "final_utilization": 1.0,
  "final_fairness": 0.7695965871763242,
  "avg_utilization": 0.9989583333333333,
  "avg_fairness": 0.8254836757386617,
  "avg_acceptance_rate": 0.8244888003142864,
  "avg_service_rate": 0.2543848447785658,
  "final_mean_served_delay_s": 15.098786828422877,
  "final_p95_served_delay_s": 20.0,
  "final_mean_timeout_delay_s": 20.0
}