{
  "scenario": "baseline_queue_cap",
  "strategy": "proportional_fair",
  "seed": 44,
  "samples": 600,
  "avg_offered_load_mbps": 764.4133077715236,
  "avg_accepted_load_mbps": 635.2026578786877,
  "avg_capacity_mbps": 151.60044827274805,
  "avg_goodput_mbps": 151.44314607091889,
  "avg_queue": 917.1133333333333,
  "final_capacity_mbps": 150.71020406316754,
  "final_goodput_mbps": 150.7102040631676,
  "final_queue": 1514,
  "final_blocked_rate": 0.16817434210526316,
  "final_blocked_queue_cap_rate": 0.16817434210526316,
  "final_blocked_timeout_rate": 0.0,
  "final_utilization": 1.0,
  "final_fairness": 0.9411809738999124,
  "avg_utilization": 0.9989583333333333,
  "avg_fairness": 0.9095330564256621,
  "avg_acceptance_rate": 0.9773692255957682,
  "avg_service_rate": 0.2246060878992624,
  "final_mean_served_delay_s": 227.7583497053045,
  "final_p95_served_delay_s": 451.0,
  "final_mean_timeout_delay_s": 0.0
}