{
  "scenario": "both_ch64",
  "strategy": "greedy_backlog",
  "seed": 51,
  "samples": 600,
  "avg_offered_load_mbps": 770.4303003527792,
  "avg_accepted_load_mbps": 630.5085729553052,
  "avg_capacity_mbps": 239.49108066105197,
  "avg_goodput_mbps": 239.37573044799475,
  "avg_queue": 58.513333333333335,
  "final_capacity_mbps": 235.52360470978945,
  "final_goodput_mbps": 235.52360470978942,
  "final_queue": 49,
  "final_blocked_rate": 0.6728167281672817,
  "final_blocked_queue_cap_rate": 0.18081180811808117,
  "final_blocked_timeout_rate": 0.4920049200492005,
  "final_utilization": 1.0,
  "final_fairness": 0.937833230300673,
  "avg_utilization": 0.9981770833333333,
  "avg_fairness": 0.9703913927683965,
  "avg_acceptance_rate": 0.8442959197882975,
  "avg_service_rate": 0.3141911390271399,
  "final_mean_served_delay_s": 15.22429906542056,
  "final_p95_served_delay_s": 20.0,
  "final_mean_timeout_delay_s": 20.0
}