{
  "scenario": "both_ch64",
  "strategy": "greedy_backlog",
  "seed": 50,
  "samples": 600,
  "avg_offered_load_mbps": 778.7999490711376,
  "avg_accepted_load_mbps": 636.3700436051887,
  "avg_capacity_mbps": 239.61454642395893,
  "avg_goodput_mbps": 239.47960553630293,
  "avg_queue": 58.13,
  "final_capacity_mbps": 245.2274872599789,
  "final_goodput_mbps": 245.2274872599789,
  "final_queue": 53,
  "final_blocked_rate": 0.665158371040724,
  "final_blocked_queue_cap_rate": 0.17935006170300288,
  "final_blocked_timeout_rate": 0.4858083093377211,
  "final_utilization": 1.0,
  "final_fairness": 0.9807554496702539,
  "avg_utilization": 0.9972395833333333,
  "avg_fairness": 0.9704084574180446,
  "avg_acceptance_rate": 0.8401648927531089,
  "avg_service_rate": 0.31345157090659137,
  "final_mean_served_delay_s": 15.107752956636006,
  "final_p95_served_delay_s": 20.0,
  "final_mean_timeout_delay_s": 20.0
}