{
  "scenario": "both_q15_t20",
  "strategy": "round_robin",
  "seed": 46,
  "samples": 600,
  "avg_offered_load_mbps": 752.7792334683929,
  "avg_accepted_load_mbps": 752.7792334683929,
  "avg_capacity_mbps": 152.69990395661935,
  "avg_goodput_mbps": 152.4553039671822,
  "avg_queue": 72.395,
  "final_capacity_mbps": 154.13935281749914,
  "final_goodput_mbps": 154.13935281749914,
  "final_queue": 66,
  "final_blocked_rate": 0.7802056555269923,
  "final_blocked_queue_cap_rate": 0.0,
  "final_blocked_timeout_rate": 0.7802056555269923,
  "final_utilization": 1.0,
  "final_fairness": 0.9684337084168231,
  "avg_utilization": 0.9985416666666667,
  "avg_fairness": 0.9481302104587729,
  "avg_acceptance_rate": 1.0,
  "avg_service_rate": 0.19660391903913055,
  "final_mean_served_delay_s": 15.440715883668904,
  "final_p95_served_delay_s": 20.0,
  "final_mean_timeout_delay_s": 20.0
}