{
  "scenario": "baseline_both",
  "strategy": "round_robin",
  "seed": 46,
  "samples": 600,
  "avg_offered_load_mbps": 752.7792334683929,
  "avg_accepted_load_mbps": 610.1044385728998,
  "avg_capacity_mbps": 153.3908684525272,
  "avg_goodput_mbps": 153.00563117849913,
  "avg_queue": 57.35666666666667,
  "final_capacity_mbps": 154.13935281749914,
  "final_goodput_mbps": 154.13935281749914,
  "final_queue": 61,
  "final_blocked_rate": 0.7776349614395887,
  "final_blocked_queue_cap_rate": 0.18594687232219365,
  "final_blocked_timeout_rate": 0.591688089117395,
  "final_utilization": 1.0,
  "final_fairness": 0.9684337084168231,
  "avg_utilization": 0.9985416666666667,
  "avg_fairness": 0.9499940249808706,
  "avg_acceptance_rate": 0.8180127517911442,
  "avg_service_rate": 0.2021864295313584,
  "final_mean_served_delay_s": 14.692139737991265,
  "final_p95_served_delay_s": 20.0,
  "final_mean_timeout_delay_s": 20.0
}