{
  "scenario": "baseline_timeout",
  "strategy": "proportional_fair",
  "seed": 43,
  "samples": 600,
  "avg_offered_load_mbps": 759.8008368706072,
  "avg_accepted_load_mbps": 759.8008368706072,
  "avg_capacity_mbps": 159.87062721815093,
  "avg_goodput_mbps": 159.85515347561392,
  "avg_queue": 77.03833333333333,
  "final_capacity_mbps": 159.41836329939568,
  "final_goodput_mbps": 159.41836329939565,
  "final_queue": 72,
  "final_blocked_rate": 0.7632006498781478,
  "final_blocked_queue_cap_rate": 0.0,
  "final_blocked_timeout_rate": 0.7632006498781478,
  "final_utilization": 1.0,
  "final_fairness": 0.8007890574549786,
  "avg_utilization": 0.9985416666666667,
  "avg_fairness": 0.7632307287492249,
  "avg_acceptance_rate": 1.0,
  "avg_service_rate": 0.20742299814557444,
  "final_mean_served_delay_s": 16.555772994129157,
  "final_p95_served_delay_s": 20.0,
  "final_mean_timeout_delay_s": 20.0
}