{
  "scenario": "both_ch32",
  "strategy": "round_robin",
  "seed": 49,
  "samples": 600,
  "avg_offered_load_mbps": 743.3465389769656,
  "avg_accepted_load_mbps": 596.510697840535,
  "avg_capacity_mbps": 101.79361435357369,
  "avg_goodput_mbps": 101.53934054252201,
  "avg_queue": 60.181666666666665,
  "final_capacity_mbps": 100.68255234752448,
  "final_goodput_mbps": 100.68255234752445,
  "final_queue": 65,
  "final_blocked_rate": 0.8334717607973422,
  "final_blocked_queue_cap_rate": 0.19269102990033224,
  "final_blocked_timeout_rate": 0.6407807308970099,
  "final_utilization": 1.0,
  "final_fairness": 0.9480456423918616,
  "avg_utilization": 1.0,
  "avg_fairness": 0.9229437498746851,
  "avg_acceptance_rate": 0.8313208496614078,
  "avg_service_rate": 0.15751428749951116,
  "final_mean_served_delay_s": 14.50297619047619,
  "final_p95_served_delay_s": 20.0,
  "final_mean_timeout_delay_s": 20.0
}