{
  "scenario": "both_ch32",
  "strategy": "longest_queue_first",
  "seed": 44,
  "samples": 600,
  "avg_offered_load_mbps": 764.4133077715236,
  "avg_accepted_load_mbps": 607.4357029069664,
  "avg_capacity_mbps": 102.29497416682835,
  "avg_goodput_mbps": 102.13332674479513,
  "avg_queue": 60.07333333333333,
  "final_capacity_mbps": 103.19616895682958,
  "final_goodput_mbps": 103.19616895682958,
  "final_queue": 61,
  "final_blocked_rate": 0.8416940789473685,
  "final_blocked_queue_cap_rate": 0.20394736842105263,
  "final_blocked_timeout_rate": 0.6377467105263158,
  "final_utilization": 1.0,
  "final_fairness": 0.9309584717514668,
  "avg_utilization": 1.0,
  "avg_fairness": 0.9134804359485581,
  "avg_acceptance_rate": 0.8108096869815759,
  "avg_service_rate": 0.14818846805701597,
  "final_mean_served_delay_s": 14.512345679012345,
  "final_p95_served_delay_s": 20.0,
  "final_mean_timeout_delay_s": 20.0
}