{
  "scenario": "both_q5_t10",
  "strategy": "greedy_backlog",
  "seed": 49,
  "samples": 600,
  "avg_offered_load_mbps": 743.3465389769656,
  "avg_accepted_load_mbps": 719.0271762546107,
  "avg_capacity_mbps": 191.02359314341223,
  "avg_goodput_mbps": 190.4770109245407,
  "avg_queue": 34.92166666666667,
  "final_capacity_mbps": 201.5630211230488,
  "final_goodput_mbps": 201.5630211230488,
  "final_queue": 36,
  "final_blocked_rate": 0.7354651162790697,
  "final_blocked_queue_cap_rate": 0.029069767441860465,
  "final_blocked_timeout_rate": 0.7063953488372093,
  "final_utilization": 1.0,
  "final_fairness": 0.9868655145878933,
  "avg_utilization": 0.99875,
  "avg_fairness": 0.9831090954950638,
  "avg_acceptance_rate": 0.9740211864963154,
  "avg_service_rate": 0.27437376848589745,
  "final_mean_served_delay_s": 7.276206322795341,
  "final_p95_served_delay_s": 10.0,
  "final_mean_timeout_delay_s": 10.0
}