{
  "scenario": "baseline_queue_cap",
  "strategy": "round_robin",
  "seed": 45,
  "samples": 600,
  "avg_offered_load_mbps": 787.1612102454801,
  "avg_accepted_load_mbps": 630.2404471764191,
  "avg_capacity_mbps": 150.35250763677521,
  "avg_goodput_mbps": 150.24157846466034,
  "avg_queue": 919.7566666666667,
  "final_capacity_mbps": 150.42533021983195,
  "final_goodput_mbps": 150.42533021983198,
  "final_queue": 1515,
  "final_blocked_rate": 0.18308702791461412,
  "final_blocked_queue_cap_rate": 0.18308702791461412,
  "final_blocked_timeout_rate": 0.0,
  "final_utilization": 1.0,
  "final_fairness": 0.9429411864269189,
  "avg_utilization": 0.9985416666666667,
  "avg_fairness": 0.9425614806222756,
  "avg_acceptance_rate": 0.9757951948558978,
  "avg_service_rate": 0.19499766572823857,
  "final_mean_served_delay_s": 239.70526315789473,
  "final_p95_served_delay_s": 440.0,
  "final_mean_timeout_delay_s": 0.0
}