{
  "scenario": "both_ch32",
  "strategy": "greedy_backlog",
  "seed": 42,
  "samples": 600,
  "avg_offered_load_mbps": 766.2760178948384,
  "avg_accepted_load_mbps": 625.1682537264016,
  "avg_capacity_mbps": 134.31573643301647,
  "avg_goodput_mbps": 134.18797524932904,
  "avg_queue": 60.975,
  "final_capacity_mbps": 141.02414391028375,
  "final_goodput_mbps": 141.02414391028375,
  "final_queue": 73,
  "final_blocked_rate": 0.798744769874477,
  "final_blocked_queue_cap_rate": 0.17615062761506275,
  "final_blocked_timeout_rate": 0.6225941422594142,
  "final_utilization": 1.0,
  "final_fairness": 0.9123697501337745,
  "avg_utilization": 0.9983333333333333,
  "avg_fairness": 0.9135582228130551,
  "avg_acceptance_rate": 0.8381808195079908,
  "avg_service_rate": 0.16275688028803073,
  "final_mean_served_delay_s": 15.747549019607844,
  "final_p95_served_delay_s": 20.0,
  "final_mean_timeout_delay_s": 20.0
}