{
  "scenario": "both_ch64",
  "strategy": "round_robin",
  "seed": 44,
  "samples": 600,
  "avg_offered_load_mbps": 764.4133077715236,
  "avg_accepted_load_mbps": 625.8472485986176,
  "avg_capacity_mbps": 204.70456949622175,
  "avg_goodput_mbps": 203.81265532935998,
  "avg_queue": 56.79666666666667,
  "final_capacity_mbps": 205.69118478513613,
  "final_goodput_mbps": 205.6911847851361,
  "final_queue": 60,
  "final_blocked_rate": 0.7088815789473685,
  "final_blocked_queue_cap_rate": 0.18626644736842105,
  "final_blocked_timeout_rate": 0.5226151315789473,
  "final_utilization": 1.0,
  "final_fairness": 0.9725920367819696,
  "avg_utilization": 0.99703125,
  "avg_fairness": 0.9617049549397934,
  "avg_acceptance_rate": 0.8296324884184941,
  "avg_service_rate": 0.29396027661069396,
  "final_mean_served_delay_s": 13.38888888888889,
  "final_p95_served_delay_s": 20.0,
  "final_mean_timeout_delay_s": 20.0
}