{
  "scenario": "both_ch32",
  "strategy": "greedy_backlog",
  "seed": 43,
  "samples": 600,
  "avg_offered_load_mbps": 759.8008368706072,
  "avg_accepted_load_mbps": 614.0596486895749,
  "avg_capacity_mbps": 134.9120933126872,
  "avg_goodput_mbps": 134.90433216341708,
  "avg_queue": 61.583333333333336,
  "final_capacity_mbps": 138.23530523937507,
  "final_goodput_mbps": 138.23530523937507,
  "final_queue": 63,
  "final_blocked_rate": 0.8038180341186028,
  "final_blocked_queue_cap_rate": 0.1965881397238018,
  "final_blocked_timeout_rate": 0.607229894394801,
  "final_utilization": 1.0,
  "final_fairness": 0.8947486902657196,
  "avg_utilization": 0.9998958333333333,
  "avg_fairness": 0.9139613765808102,
  "avg_acceptance_rate": 0.8169705752024731,
  "avg_service_rate": 0.17611471621086616,
  "final_mean_served_delay_s": 16.36190476190476,
  "final_p95_served_delay_s": 20.0,
  "final_mean_timeout_delay_s": 20.0
}