{
  "scenario": "both_ch32",
  "strategy": "ppo_v4",
  "seed": 42,
  "episode_reward": -91.56368687723308,
  "episode_steps": 600,
  "samples": 600,
  "avg_offered_load_mbps": 766.2760178948384,
  "avg_accepted_load_mbps": 613.862390879217,
  "avg_capacity_mbps": 106.81906302473793,
  "avg_goodput_mbps": 106.59596236078897,
  "avg_queue": 59.66833333333334,
  "final_capacity_mbps": 109.44834134106694,
  "final_goodput_mbps": 109.44834134106696,
  "final_queue": 73,
  "final_blocked_rate": 0.8309623430962343,
  "final_blocked_queue_cap_rate": 0.19246861924686193,
  "final_blocked_timeout_rate": 0.6384937238493724,
  "final_utilization": 1.0,
  "final_fairness": 0.6726637725716279,
  "avg_utilization": 0.9983333333333333,
  "avg_fairness": 0.7163130093809922,
  "avg_acceptance_rate": 0.8240535648905372,
  "avg_service_rate": 0.14453210321633872,
  "final_mean_served_delay_s": 14.522658610271904,
  "final_p95_served_delay_s": 20.0,
  "final_mean_timeout_delay_s": 20.0
}