{
  "scenario": "both_q5_t40",
  "strategy": "proportional_fair",
  "seed": 51,
  "samples": 600,
  "avg_offered_load_mbps": 770.4303003527792,
  "avg_accepted_load_mbps": 424.2367672458024,
  "avg_capacity_mbps": 152.5324073983364,
  "avg_goodput_mbps": 152.48708081756294,
  "avg_queue": 77.21166666666667,
  "final_capacity_mbps": 151.09708664823947,
  "final_goodput_mbps": 151.09708664823947,
  "final_queue": 76,
  "final_blocked_rate": 0.7740877408774087,
  "final_blocked_queue_cap_rate": 0.45428454284542846,
  "final_blocked_timeout_rate": 0.3198031980319803,
  "final_utilization": 1.0,
  "final_fairness": 0.9015918061807031,
  "avg_utilization": 0.9989583333333333,
  "avg_fairness": 0.9116598236435851,
  "avg_acceptance_rate": 0.5957444570655729,
  "avg_service_rate": 0.2143805597238846,
  "final_mean_served_delay_s": 29.993684210526315,
  "final_p95_served_delay_s": 40.0,
  "final_mean_timeout_delay_s": 40.0
}