{
  "scenario": "baseline_both",
  "strategy": "greedy_backlog",
  "seed": 50,
  "samples": 600,
  "avg_offered_load_mbps": 778.7999490711376,
  "avg_accepted_load_mbps": 636.5285085872308,
  "avg_capacity_mbps": 191.77519926226455,
  "avg_goodput_mbps": 191.66170550592526,
  "avg_queue": 59.785,
  "final_capacity_mbps": 193.08150983790202,
  "final_goodput_mbps": 193.08150983790202,
  "final_queue": 59,
  "final_blocked_rate": 0.7223364870423694,
  "final_blocked_queue_cap_rate": 0.1834635952283011,
  "final_blocked_timeout_rate": 0.5388728918140683,
  "final_utilization": 1.0,
  "final_fairness": 0.9873737158638212,
  "avg_utilization": 0.9983333333333333,
  "avg_fairness": 0.9823662559690582,
  "avg_acceptance_rate": 0.835750804727842,
  "avg_service_rate": 0.26126014089402183,
  "final_mean_served_delay_s": 15.6737012987013,
  "final_p95_served_delay_s": 20.0,
  "final_mean_timeout_delay_s": 20.0
}