{
  "scenario": "baseline_both",
  "strategy": "ppo",
  "seed": 51,
  "episode_reward": 71.07386875734545,
  "episode_steps": 600,
  "samples": 600,
  "avg_offered_load_mbps": 770.4303003527792,
  "avg_accepted_load_mbps": 610.6056633284622,
  "avg_capacity_mbps": 159.0592399173872,
  "avg_goodput_mbps": 158.49229626503438,
  "avg_queue": 58.36333333333334,
  "final_capacity_mbps": 155.57408842265747,
  "final_goodput_mbps": 155.57408842265747,
  "final_queue": 55,
  "final_blocked_rate": 0.7810578105781057,
  "final_blocked_queue_cap_rate": 0.2000820008200082,
  "final_blocked_timeout_rate": 0.5809758097580976,
  "final_utilization": 1.0,
  "final_fairness": 0.6632117972889329,
  "avg_utilization": 0.9989583333333333,
  "avg_fairness": 0.6571339508233076,
  "avg_acceptance_rate": 0.8215206841204418,
  "avg_service_rate": 0.21154791023948336,
  "final_mean_served_delay_s": 13.757828810020877,
  "final_p95_served_delay_s": 20.0,
  "final_mean_timeout_delay_s": 20.0
}