{
  "scenario": "both_int6",
  "strategy": "proportional_fair",
  "seed": 45,
  "samples": 600,
  "avg_offered_load_mbps": 787.1612102454801,
  "avg_accepted_load_mbps": 628.8742182837827,
  "avg_capacity_mbps": 139.26880570836377,
  "avg_goodput_mbps": 139.1703123588327,
  "avg_queue": 59.888333333333335,
  "final_capacity_mbps": 135.328474323974,
  "final_goodput_mbps": 135.32847432397398,
  "final_queue": 61,
  "final_blocked_rate": 0.784072249589491,
  "final_blocked_queue_cap_rate": 0.1958128078817734,
  "final_blocked_timeout_rate": 0.5882594417077176,
  "final_utilization": 1.0,
  "final_fairness": 0.8014320064393352,
  "avg_utilization": 0.9985416666666667,
  "avg_fairness": 0.8157437066247465,
  "avg_acceptance_rate": 0.8188617622397949,
  "avg_service_rate": 0.2081230405667576,
  "final_mean_served_delay_s": 15.1247311827957,
  "final_p95_served_delay_s": 20.0,
  "final_mean_timeout_delay_s": 20.0
}