{
  "scenario": "both_q5_t10",
  "strategy": "greedy_backlog",
  "seed": 45,
  "samples": 600,
  "avg_offered_load_mbps": 787.1612102454801,
  "avg_accepted_load_mbps": 766.4014854419845,
  "avg_capacity_mbps": 192.54650261086897,
  "avg_goodput_mbps": 191.9883610869097,
  "avg_queue": 35.56333333333333,
  "final_capacity_mbps": 192.872353473374,
  "final_goodput_mbps": 192.87235347337406,
  "final_queue": 28,
  "final_blocked_rate": 0.7315270935960592,
  "final_blocked_queue_cap_rate": 0.02832512315270936,
  "final_blocked_timeout_rate": 0.7032019704433498,
  "final_utilization": 1.0,
  "final_fairness": 0.9728540868821743,
  "avg_utilization": 0.9985416666666667,
  "avg_fairness": 0.983932548890708,
  "avg_acceptance_rate": 0.9718627591322092,
  "avg_service_rate": 0.2723622477368238,
  "final_mean_served_delay_s": 7.453674121405751,
  "final_p95_served_delay_s": 10.0,
  "final_mean_timeout_delay_s": 10.0
}