{
  "scenario": "both_ch64",
  "strategy": "round_robin",
  "seed": 43,
  "samples": 600,
  "avg_offered_load_mbps": 759.8008368706072,
  "avg_accepted_load_mbps": 607.8609074294995,
  "avg_capacity_mbps": 204.57424965680403,
  "avg_goodput_mbps": 203.88477712664456,
  "avg_queue": 57.108333333333334,
  "final_capacity_mbps": 206.25023167241622,
  "final_goodput_mbps": 206.2502316724162,
  "final_queue": 59,
  "final_blocked_rate": 0.7059301380991064,
  "final_blocked_queue_cap_rate": 0.19983753046303818,
  "final_blocked_timeout_rate": 0.5060926076360682,
  "final_utilization": 1.0,
  "final_fairness": 0.9643777796913187,
  "avg_utilization": 0.9973958333333334,
  "avg_fairness": 0.9611403049057176,
  "avg_acceptance_rate": 0.8137271164465144,
  "avg_service_rate": 0.2695505919662601,
  "final_mean_served_delay_s": 14.225563909774436,
  "final_p95_served_delay_s": 20.0,
  "final_mean_timeout_delay_s": 20.0
}