{
  "scenario": "both_int3",
  "strategy": "ppo_v4",
  "seed": 47,
  "episode_reward": 147.37827089485205,
  "episode_steps": 600,
  "samples": 600,
  "avg_offered_load_mbps": 776.7866375396233,
  "avg_accepted_load_mbps": 634.4754880177769,
  "avg_capacity_mbps": 181.911492775418,
  "avg_goodput_mbps": 181.01484072146374,
  "avg_queue": 58.32,
  "final_capacity_mbps": 178.87104525307979,
  "final_goodput_mbps": 178.87104525307984,
  "final_queue": 62,
  "final_blocked_rate": 0.7573099415204678,
  "final_blocked_queue_cap_rate": 0.18421052631578946,
  "final_blocked_timeout_rate": 0.5730994152046783,
  "final_utilization": 1.0,
  "final_fairness": 0.7232012110718143,
  "avg_utilization": 0.9995833333333334,
  "avg_fairness": 0.6524089008299728,
  "avg_acceptance_rate": 0.8179443458123814,
  "avg_service_rate": 0.20387726346330984,
  "final_mean_served_delay_s": 14.263969171483623,
  "final_p95_served_delay_s": 20.0,
  "final_mean_timeout_delay_s": 20.0
}