{
  "scenario": "both_q10_t20",
  "strategy": "proportional_fair",
  "seed": 42,
  "samples": 600,
  "avg_offered_load_mbps": 766.2760178948384,
  "avg_accepted_load_mbps": 764.139371951786,
  "avg_capacity_mbps": 158.61350530003529,
  "avg_goodput_mbps": 158.48150336014118,
  "avg_queue": 73.95666666666666,
  "final_capacity_mbps": 156.817731252527,
  "final_goodput_mbps": 156.817731252527,
  "final_queue": 91,
  "final_blocked_rate": 0.7627615062761506,
  "final_blocked_queue_cap_rate": 0.0029288702928870294,
  "final_blocked_timeout_rate": 0.7598326359832636,
  "final_utilization": 1.0,
  "final_fairness": 0.8295172514012961,
  "avg_utilization": 0.99625,
  "avg_fairness": 0.7764706612114199,
  "avg_acceptance_rate": 0.997284321630449,
  "avg_service_rate": 0.19434161469672692,
  "final_mean_served_delay_s": 15.936974789915967,
  "final_p95_served_delay_s": 20.0,
  "final_mean_timeout_delay_s": 20.0
}