{
  "scenario": "both_int3",
  "strategy": "longest_queue_first",
  "seed": 44,
  "samples": 600,
  "avg_offered_load_mbps": 764.4133077715236,
  "avg_accepted_load_mbps": 619.3224960544009,
  "avg_capacity_mbps": 174.1866449084016,
  "avg_goodput_mbps": 173.73647984021554,
  "avg_queue": 58.28666666666667,
  "final_capacity_mbps": 175.51453943947635,
  "final_goodput_mbps": 175.51453943947635,
  "final_queue": 58,
  "final_blocked_rate": 0.7504111842105263,
  "final_blocked_queue_cap_rate": 0.19120065789473684,
  "final_blocked_timeout_rate": 0.5592105263157895,
  "final_utilization": 1.0,
  "final_fairness": 0.9526759226145097,
  "avg_utilization": 0.9989583333333333,
  "avg_fairness": 0.9459895068278186,
  "avg_acceptance_rate": 0.8240663518212136,
  "avg_service_rate": 0.24823355635064534,
  "final_mean_served_delay_s": 14.047358834244081,
  "final_p95_served_delay_s": 20.0,
  "final_mean_timeout_delay_s": 20.0
}