{
  "scenario": "baseline_both",
  "strategy": "ppo",
  "seed": 47,
  "episode_reward": 70.62761314246572,
  "episode_steps": 600,
  "samples": 600,
  "avg_offered_load_mbps": 776.7866375396233,
  "avg_accepted_load_mbps": 629.8621234930124,
  "avg_capacity_mbps": 156.91040797381763,
  "avg_goodput_mbps": 156.40549903854682,
  "avg_queue": 58.685,
  "final_capacity_mbps": 160.90545701914954,
  "final_goodput_mbps": 160.90545701914954,
  "final_queue": 58,
  "final_blocked_rate": 0.7890559732664996,
  "final_blocked_queue_cap_rate": 0.18880534670008353,
  "final_blocked_timeout_rate": 0.600250626566416,
  "final_utilization": 1.0,
  "final_fairness": 0.7798566740737775,
  "avg_utilization": 0.9995833333333334,
  "avg_fairness": 0.7754087052377795,
  "avg_acceptance_rate": 0.8121308962587626,
  "avg_service_rate": 0.17925077007235996,
  "final_mean_served_delay_s": 14.145413870246085,
  "final_p95_served_delay_s": 20.0,
  "final_mean_timeout_delay_s": 20.0
}