{
  "scenario": "both_q5_t40",
  "strategy": "ppo_v4",
  "seed": 43,
  "episode_reward": 27.68385068521798,
  "episode_steps": 600,
  "samples": 600,
  "avg_offered_load_mbps": 759.8008368706072,
  "avg_accepted_load_mbps": 417.71017633680475,
  "avg_capacity_mbps": 154.83580800287638,
  "avg_goodput_mbps": 154.69953210779838,
  "avg_queue": 75.20666666666666,
  "final_capacity_mbps": 160.8511592631567,
  "final_goodput_mbps": 160.85115926315666,
  "final_queue": 69,
  "final_blocked_rate": 0.7745735174654752,
  "final_blocked_queue_cap_rate": 0.46222583265637696,
  "final_blocked_timeout_rate": 0.3123476848090983,
  "final_utilization": 1.0,
  "final_fairness": 0.626613478585895,
  "avg_utilization": 0.9985416666666667,
  "avg_fairness": 0.6689682446019464,
  "avg_acceptance_rate": 0.5825930884917444,
  "avg_service_rate": 0.20569961382190008,
  "final_mean_served_delay_s": 27.84156378600823,
  "final_p95_served_delay_s": 40.0,
  "final_mean_timeout_delay_s": 40.0
}