{
  "scenario": "both_ch64",
  "strategy": "proportional_fair",
  "seed": 50,
  "samples": 600,
  "avg_offered_load_mbps": 778.7999490711376,
  "avg_accepted_load_mbps": 634.6021299449916,
  "avg_capacity_mbps": 204.95697184622853,
  "avg_goodput_mbps": 204.76622621002275,
  "avg_queue": 58.59166666666667,
  "final_capacity_mbps": 213.76760135618,
  "final_goodput_mbps": 213.76760135618,
  "final_queue": 51,
  "final_blocked_rate": 0.7235705470999588,
  "final_blocked_queue_cap_rate": 0.19004524886877827,
  "final_blocked_timeout_rate": 0.5335252982311806,
  "final_utilization": 1.0,
  "final_fairness": 0.7763889878379194,
  "avg_utilization": 0.9972395833333333,
  "avg_fairness": 0.815389837654103,
  "avg_acceptance_rate": 0.828674139955842,
  "avg_service_rate": 0.26516962991477766,
  "final_mean_served_delay_s": 15.009661835748792,
  "final_p95_served_delay_s": 20.0,
  "final_mean_timeout_delay_s": 20.0
}