{
  "scenario": "both_q5_t40",
  "strategy": "round_robin",
  "seed": 47,
  "samples": 600,
  "avg_offered_load_mbps": 776.7866375396233,
  "avg_accepted_load_mbps": 426.24042500011245,
  "avg_capacity_mbps": 150.71638382123805,
  "avg_goodput_mbps": 150.58662122358848,
  "avg_queue": 76.18333333333334,
  "final_capacity_mbps": 150.42533021983195,
  "final_goodput_mbps": 150.42533021983198,
  "final_queue": 85,
  "final_blocked_rate": 0.7844611528822055,
  "final_blocked_queue_cap_rate": 0.45321637426900585,
  "final_blocked_timeout_rate": 0.3312447786131997,
  "final_utilization": 1.0,
  "final_fairness": 0.9429411864269189,
  "avg_utilization": 0.9995833333333334,
  "avg_fairness": 0.9419283160071698,
  "avg_acceptance_rate": 0.5708627282992851,
  "avg_service_rate": 0.17188832396291076,
  "final_mean_served_delay_s": 29.86078886310905,
  "final_p95_served_delay_s": 40.0,
  "final_mean_timeout_delay_s": 40.0
}