{
  "scenario": "both_int6",
  "strategy": "ppo_v4",
  "seed": 43,
  "episode_reward": 4.847256062218438,
  "episode_steps": 600,
  "samples": 600,
  "avg_offered_load_mbps": 759.8008368706072,
  "avg_accepted_load_mbps": 606.4455500716485,
  "avg_capacity_mbps": 138.81666660921223,
  "avg_goodput_mbps": 138.4969364783262,
  "avg_queue": 59.245,
  "final_capacity_mbps": 136.17940215029685,
  "final_goodput_mbps": 136.17940215029688,
  "final_queue": 60,
  "final_blocked_rate": 0.7855402112103981,
  "final_blocked_queue_cap_rate": 0.20552396425670186,
  "final_blocked_timeout_rate": 0.5800162469536961,
  "final_utilization": 1.0,
  "final_fairness": 0.7071849411810951,
  "avg_utilization": 0.9985416666666667,
  "avg_fairness": 0.659302205089377,
  "avg_acceptance_rate": 0.8053450370396669,
  "avg_service_rate": 0.18982358688395248,
  "final_mean_served_delay_s": 14.737179487179487,
  "final_p95_served_delay_s": 20.0,
  "final_mean_timeout_delay_s": 20.0
}