{
  "scenario": "both_q5_t40",
  "strategy": "ppo_v4",
  "seed": 50,
  "episode_reward": 24.13543178178814,
  "episode_steps": 600,
  "samples": 600,
  "avg_offered_load_mbps": 778.7999490711376,
  "avg_accepted_load_mbps": 410.6727631641869,
  "avg_capacity_mbps": 154.92730243875266,
  "avg_goodput_mbps": 154.57331419529734,
  "avg_queue": 75.01,
  "final_capacity_mbps": 156.12030133355066,
  "final_goodput_mbps": 156.12030133355066,
  "final_queue": 71,
  "final_blocked_rate": 0.7762237762237763,
  "final_blocked_queue_cap_rate": 0.45701357466063347,
  "final_blocked_timeout_rate": 0.3192102015631427,
  "final_utilization": 1.0,
  "final_fairness": 0.6796724749905261,
  "avg_utilization": 0.9983333333333333,
  "avg_fairness": 0.6638668902171528,
  "avg_acceptance_rate": 0.5899128092143278,
  "avg_service_rate": 0.20339156237582018,
  "final_mean_served_delay_s": 27.602536997885835,
  "final_p95_served_delay_s": 40.0,
  "final_mean_timeout_delay_s": 40.0
}