{
  "scenario": "both_int6",
  "strategy": "greedy_backlog",
  "seed": 44,
  "samples": 600,
  "avg_offered_load_mbps": 764.4133077715236,
  "avg_accepted_load_mbps": 627.820346872895,
  "avg_capacity_mbps": 182.27695033683918,
  "avg_goodput_mbps": 182.13688990282506,
  "avg_queue": 60.151666666666664,
  "final_capacity_mbps": 186.47642044275955,
  "final_goodput_mbps": 186.47642044275955,
  "final_queue": 63,
  "final_blocked_rate": 0.7339638157894737,
  "final_blocked_queue_cap_rate": 0.18092105263157895,
  "final_blocked_timeout_rate": 0.5530427631578947,
  "final_utilization": 1.0,
  "final_fairness": 0.9858870908947777,
  "avg_utilization": 0.9989583333333333,
  "avg_fairness": 0.978911645890989,
  "avg_acceptance_rate": 0.8338657154534885,
  "avg_service_rate": 0.25064282824541445,
  "final_mean_served_delay_s": 15.613013698630137,
  "final_p95_served_delay_s": 20.0,
  "final_mean_timeout_delay_s": 20.0
}