{
  "scenario": "both_q5_t10",
  "strategy": "greedy_backlog",
  "seed": 46,
  "samples": 600,
  "avg_offered_load_mbps": 752.7792334683929,
  "avg_accepted_load_mbps": 731.7640805303332,
  "avg_capacity_mbps": 192.12433780030395,
  "avg_goodput_mbps": 191.7477450295762,
  "avg_queue": 34.09,
  "final_capacity_mbps": 195.55934101807955,
  "final_goodput_mbps": 195.55934101807952,
  "final_queue": 42,
  "final_blocked_rate": 0.7360754070265638,
  "final_blocked_queue_cap_rate": 0.024850042844901457,
  "final_blocked_timeout_rate": 0.7112253641816624,
  "final_utilization": 1.0,
  "final_fairness": 0.9923734918506643,
  "avg_utilization": 0.9985416666666667,
  "avg_fairness": 0.9829152339427674,
  "avg_acceptance_rate": 0.9771127232872256,
  "avg_service_rate": 0.25065651516776927,
  "final_mean_served_delay_s": 7.337979094076655,
  "final_p95_served_delay_s": 10.0,
  "final_mean_timeout_delay_s": 10.0
}