{
  "scenario": "baseline_both",
  "strategy": "ppo",
  "seed": 48,
  "episode_reward": -6.446419306348458,
  "episode_steps": 600,
  "samples": 600,
  "avg_offered_load_mbps": 786.1313096884865,
  "avg_accepted_load_mbps": 640.7707780526322,
  "avg_capacity_mbps": 156.09350843717021,
  "avg_goodput_mbps": 155.69450914764238,
  "avg_queue": 59.55,
  "final_capacity_mbps": 161.32868656277157,
  "final_goodput_mbps": 161.32868656277154,
  "final_queue": 58,
  "final_blocked_rate": 0.7967848309975268,
  "final_blocked_queue_cap_rate": 0.19620774938169827,
  "final_blocked_timeout_rate": 0.6005770816158286,
  "final_utilization": 1.0,
  "final_fairness": 0.7210269848555824,
  "avg_utilization": 0.9975,
  "avg_fairness": 0.7419451886700315,
  "avg_acceptance_rate": 0.820575470819718,
  "avg_service_rate": 0.17815091088489776,
  "final_mean_served_delay_s": 14.528735632183908,
  "final_p95_served_delay_s": 20.0,
  "final_mean_timeout_delay_s": 20.0
}