{
  "scenario": "both_ch64",
  "strategy": "ppo_v4",
  "seed": 45,
  "episode_reward": 271.48669076383214,
  "episode_steps": 600,
  "samples": 600,
  "avg_offered_load_mbps": 787.1612102454801,
  "avg_accepted_load_mbps": 642.0332780856578,
  "avg_capacity_mbps": 212.00816057400453,
  "avg_goodput_mbps": 210.75982048871109,
  "avg_queue": 56.63166666666667,
  "final_capacity_mbps": 211.97230558701372,
  "final_goodput_mbps": 211.9723055870137,
  "final_queue": 62,
  "final_blocked_rate": 0.694991789819376,
  "final_blocked_queue_cap_rate": 0.18596059113300492,
  "final_blocked_timeout_rate": 0.5090311986863711,
  "final_utilization": 1.0,
  "final_fairness": 0.6766876514242919,
  "avg_utilization": 0.9971354166666667,
  "avg_fairness": 0.7298250904327673,
  "avg_acceptance_rate": 0.8303335540088594,
  "avg_service_rate": 0.2949538442827236,
  "final_mean_served_delay_s": 13.45374449339207,
  "final_p95_served_delay_s": 20.0,
  "final_mean_timeout_delay_s": 20.0
}