{
  "scenario": "both_int3",
  "strategy": "proportional_fair",
  "seed": 50,
  "samples": 600,
  "avg_offered_load_mbps": 778.7999490711376,
  "avg_accepted_load_mbps": 634.6279313644312,
  "avg_capacity_mbps": 177.51842143553966,
  "avg_goodput_mbps": 177.4140342203047,
  "avg_queue": 59.43666666666667,
  "final_capacity_mbps": 181.2390369536955,
  "final_goodput_mbps": 181.23903695369552,
  "final_queue": 58,
  "final_blocked_rate": 0.7531879884821061,
  "final_blocked_queue_cap_rate": 0.19127930892636774,
  "final_blocked_timeout_rate": 0.5619086795557384,
  "final_utilization": 1.0,
  "final_fairness": 0.7467565915995598,
  "avg_utilization": 0.9983333333333333,
  "avg_fairness": 0.8262075654485618,
  "avg_acceptance_rate": 0.8273042904087746,
  "avg_service_rate": 0.23425936197912098,
  "final_mean_served_delay_s": 15.234317343173432,
  "final_p95_served_delay_s": 20.0,
  "final_mean_timeout_delay_s": 20.0
}