{
  "scenario": "both_q5_t10",
  "strategy": "ppo_v4",
  "seed": 51,
  "episode_reward": 135.22067908789066,
  "episode_steps": 600,
  "samples": 600,
  "avg_offered_load_mbps": 770.4303003527792,
  "avg_accepted_load_mbps": 740.1432897731177,
  "avg_capacity_mbps": 167.38904595551676,
  "avg_goodput_mbps": 165.65728586975675,
  "avg_queue": 35.358333333333334,
  "final_capacity_mbps": 181.83106960902,
  "final_goodput_mbps": 181.83106960902,
  "final_queue": 31,
  "final_blocked_rate": 0.7835178351783518,
  "final_blocked_queue_cap_rate": 0.03608036080360803,
  "final_blocked_timeout_rate": 0.7474374743747437,
  "final_utilization": 1.0,
  "final_fairness": 0.7904492073282332,
  "avg_utilization": 0.9989583333333333,
  "avg_fairness": 0.6772028470646867,
  "avg_acceptance_rate": 0.9697166849242078,
  "avg_service_rate": 0.2099248448987112,
  "final_mean_served_delay_s": 6.776659959758551,
  "final_p95_served_delay_s": 10.0,
  "final_mean_timeout_delay_s": 10.0
}