{
  "scenario": "both_ch64",
  "strategy": "proportional_fair",
  "seed": 49,
  "samples": 600,
  "avg_offered_load_mbps": 743.3465389769656,
  "avg_accepted_load_mbps": 610.4889133463121,
  "avg_capacity_mbps": 204.81156546248226,
  "avg_goodput_mbps": 204.5091602313503,
  "avg_queue": 58.62833333333333,
  "final_capacity_mbps": 206.63236357504638,
  "final_goodput_mbps": 206.63236357504638,
  "final_queue": 63,
  "final_blocked_rate": 0.7105481727574751,
  "final_blocked_queue_cap_rate": 0.17815614617940198,
  "final_blocked_timeout_rate": 0.532392026578073,
  "final_utilization": 1.0,
  "final_fairness": 0.900846986946554,
  "avg_utilization": 0.9961979166666667,
  "avg_fairness": 0.8308220552213876,
  "avg_acceptance_rate": 0.8437127763259944,
  "avg_service_rate": 0.2877335182617813,
  "final_mean_served_delay_s": 14.993690851735016,
  "final_p95_served_delay_s": 20.0,
  "final_mean_timeout_delay_s": 20.0
}