{
  "scenario": "both_q10_t20",
  "strategy": "ppo_v4",
  "seed": 49,
  "episode_reward": 75.38295584234427,
  "episode_steps": 600,
  "samples": 600,
  "avg_offered_load_mbps": 743.3465389769656,
  "avg_accepted_load_mbps": 741.3984247834164,
  "avg_capacity_mbps": 159.78285295448578,
  "avg_goodput_mbps": 159.18831000332946,
  "avg_queue": 73.67166666666667,
  "final_capacity_mbps": 162.7323264737391,
  "final_goodput_mbps": 162.7323264737391,
  "final_queue": 82,
  "final_blocked_rate": 0.7620431893687708,
  "final_blocked_queue_cap_rate": 0.006229235880398671,
  "final_blocked_timeout_rate": 0.7558139534883721,
  "final_utilization": 1.0,
  "final_fairness": 0.6532953135945923,
  "avg_utilization": 0.99875,
  "avg_fairness": 0.6581716829394294,
  "avg_acceptance_rate": 0.994604440131025,
  "avg_service_rate": 0.22440734255684958,
  "final_mean_served_delay_s": 15.114052953156822,
  "final_p95_served_delay_s": 20.0,
  "final_mean_timeout_delay_s": 20.0
}