{
  "scenario": "both_int3",
  "strategy": "round_robin",
  "seed": 51,
  "samples": 600,
  "avg_offered_load_mbps": 770.4303003527792,
  "avg_accepted_load_mbps": 610.5012733403317,
  "avg_capacity_mbps": 173.60084785671367,
  "avg_goodput_mbps": 173.1389751233753,
  "avg_queue": 57.776666666666664,
  "final_capacity_mbps": 173.82302322091792,
  "final_goodput_mbps": 173.82302322091786,
  "final_queue": 51,
  "final_blocked_rate": 0.7621976219762198,
  "final_blocked_queue_cap_rate": 0.2021320213202132,
  "final_blocked_timeout_rate": 0.5600656006560065,
  "final_utilization": 1.0,
  "final_fairness": 0.9679971305178804,
  "avg_utilization": 0.9989583333333333,
  "avg_fairness": 0.9517263515903058,
  "avg_acceptance_rate": 0.8207081849665478,
  "avg_service_rate": 0.22640813231943133,
  "final_mean_served_delay_s": 13.935727788279774,
  "final_p95_served_delay_s": 20.0,
  "final_mean_timeout_delay_s": 20.0
}