{
  "scenario": "both_q5_t10",
  "strategy": "longest_queue_first",
  "seed": 51,
  "samples": 600,
  "avg_offered_load_mbps": 770.4303003527792,
  "avg_accepted_load_mbps": 739.2197486735323,
  "avg_capacity_mbps": 161.5705182424915,
  "avg_goodput_mbps": 160.5979921203105,
  "avg_queue": 35.44,
  "final_capacity_mbps": 173.8383332799244,
  "final_goodput_mbps": 173.83833327992434,
  "final_queue": 30,
  "final_blocked_rate": 0.7900779007790077,
  "final_blocked_queue_cap_rate": 0.038130381303813035,
  "final_blocked_timeout_rate": 0.7519475194751948,
  "final_utilization": 1.0,
  "final_fairness": 0.9544814236304421,
  "avg_utilization": 0.9989583333333333,
  "avg_fairness": 0.9590121896850913,
  "avg_acceptance_rate": 0.9691589227465673,
  "avg_service_rate": 0.20161847003043415,
  "final_mean_served_delay_s": 6.831950207468879,
  "final_p95_served_delay_s": 10.0,
  "final_mean_timeout_delay_s": 10.0
}