{
  "scenario": "baseline_queue_cap",
  "strategy": "longest_queue_first",
  "seed": 51,
  "samples": 600,
  "avg_offered_load_mbps": 770.4303003527792,
  "avg_accepted_load_mbps": 630.1772306254181,
  "avg_capacity_mbps": 151.12117493213339,
  "avg_goodput_mbps": 151.02649369861692,
  "avg_queue": 911.805,
  "final_capacity_mbps": 150.39346405997708,
  "final_goodput_mbps": 150.3934640599771,
  "final_queue": 1495,
  "final_blocked_rate": 0.18040180401804018,
  "final_blocked_queue_cap_rate": 0.18040180401804018,
  "final_blocked_timeout_rate": 0.0,
  "final_utilization": 1.0,
  "final_fairness": 0.9393517173449136,
  "avg_utilization": 0.9989583333333333,
  "avg_fairness": 0.9373439840732274,
  "avg_acceptance_rate": 0.9712766158265149,
  "avg_service_rate": 0.20910719690983717,
  "final_mean_served_delay_s": 240.08134920634922,
  "final_p95_served_delay_s": 461.0,
  "final_mean_timeout_delay_s": 0.0
}