{
  "scenario": "baseline_queue_cap",
  "strategy": "round_robin",
  "seed": 51,
  "samples": 600,
  "avg_offered_load_mbps": 770.4303003527792,
  "avg_accepted_load_mbps": 620.388523676388,
  "avg_capacity_mbps": 150.7108181135277,
  "avg_goodput_mbps": 150.53262438047787,
  "avg_queue": 908.4883333333333,
  "final_capacity_mbps": 150.42533021983195,
  "final_goodput_mbps": 150.42533021983198,
  "final_queue": 1491,
  "final_blocked_rate": 0.18737187371873718,
  "final_blocked_queue_cap_rate": 0.18737187371873718,
  "final_blocked_timeout_rate": 0.0,
  "final_utilization": 1.0,
  "final_fairness": 0.9429411864269189,
  "avg_utilization": 0.9989583333333333,
  "avg_fairness": 0.942505335370685,
  "avg_acceptance_rate": 0.968611511726045,
  "avg_service_rate": 0.20773342568243186,
  "final_mean_served_delay_s": 234.9470468431772,
  "final_p95_served_delay_s": 463.0,
  "final_mean_timeout_delay_s": 0.0
}