{
  "scenario": "both_q10_t20",
  "strategy": "proportional_fair",
  "seed": 44,
  "samples": 600,
  "avg_offered_load_mbps": 764.4133077715236,
  "avg_accepted_load_mbps": 757.3480044997722,
  "avg_capacity_mbps": 158.8304444731063,
  "avg_goodput_mbps": 158.66912835199494,
  "avg_queue": 74.975,
  "final_capacity_mbps": 163.00145969088325,
  "final_goodput_mbps": 163.0014596908832,
  "final_queue": 78,
  "final_blocked_rate": 0.7619243421052632,
  "final_blocked_queue_cap_rate": 0.0078125,
  "final_blocked_timeout_rate": 0.7541118421052632,
  "final_utilization": 1.0,
  "final_fairness": 0.7456812761758593,
  "avg_utilization": 0.9989583333333333,
  "avg_fairness": 0.7856101743297867,
  "avg_acceptance_rate": 0.9938335259452572,
  "avg_service_rate": 0.22178266711478997,
  "final_mean_served_delay_s": 15.9061876247505,
  "final_p95_served_delay_s": 20.0,
  "final_mean_timeout_delay_s": 20.0
}