{
  "scenario": "both_q10_t20",
  "strategy": "ppo_v4",
  "seed": 47,
  "episode_reward": 70.00475288526482,
  "episode_steps": 600,
  "samples": 600,
  "avg_offered_load_mbps": 776.7866375396233,
  "avg_accepted_load_mbps": 771.187187576032,
  "avg_capacity_mbps": 160.62153696960428,
  "avg_goodput_mbps": 160.23739272924558,
  "avg_queue": 73.48833333333333,
  "final_capacity_mbps": 156.12030133355066,
  "final_goodput_mbps": 155.93757670999472,
  "final_queue": 76,
  "final_blocked_rate": 0.7815371762740184,
  "final_blocked_queue_cap_rate": 0.007518796992481203,
  "final_blocked_timeout_rate": 0.7740183792815372,
  "final_utilization": 1.0,
  "final_fairness": 0.6796724749905261,
  "avg_utilization": 0.9995833333333334,
  "avg_fairness": 0.6469429490544906,
  "avg_acceptance_rate": 0.9947183470599612,
  "avg_service_rate": 0.18190473533694673,
  "final_mean_served_delay_s": 14.946308724832214,
  "final_p95_served_delay_s": 20.0,
  "final_mean_timeout_delay_s": 20.0
}