{
  "scenario": "baseline_both",
  "strategy": "longest_queue_first",
  "seed": 47,
  "samples": 600,
  "avg_offered_load_mbps": 776.7866375396233,
  "avg_accepted_load_mbps": 628.6354310581912,
  "avg_capacity_mbps": 153.23759271584112,
  "avg_goodput_mbps": 153.0436044672499,
  "avg_queue": 59.09,
  "final_capacity_mbps": 156.8629692135205,
  "final_goodput_mbps": 156.8629692135205,
  "final_queue": 60,
  "final_blocked_rate": 0.7911445279866333,
  "final_blocked_queue_cap_rate": 0.189640768588137,
  "final_blocked_timeout_rate": 0.6015037593984962,
  "final_utilization": 1.0,
  "final_fairness": 0.9444052529586171,
  "avg_utilization": 0.9995833333333334,
  "avg_fairness": 0.9372282525252085,
  "avg_acceptance_rate": 0.8088661034102487,
  "avg_service_rate": 0.17294328281466995,
  "final_mean_served_delay_s": 14.711363636363636,
  "final_p95_served_delay_s": 20.0,
  "final_mean_timeout_delay_s": 20.0
}