{
  "scenario": "both_ch64",
  "strategy": "ppo_v4",
  "seed": 46,
  "episode_reward": 277.00298882212843,
  "episode_steps": 600,
  "samples": 600,
  "avg_offered_load_mbps": 752.7792334683929,
  "avg_accepted_load_mbps": 621.4588710243207,
  "avg_capacity_mbps": 213.13216073380656,
  "avg_goodput_mbps": 212.26302116131058,
  "avg_queue": 55.755,
  "final_capacity_mbps": 214.7629202656326,
  "final_goodput_mbps": 214.76292026563257,
  "final_queue": 59,
  "final_blocked_rate": 0.6996572407883462,
  "final_blocked_queue_cap_rate": 0.16923736075407025,
  "final_blocked_timeout_rate": 0.5304198800342759,
  "final_utilization": 1.0,
  "final_fairness": 0.7415866091435437,
  "avg_utilization": 0.9969791666666666,
  "avg_fairness": 0.7149580822028974,
  "avg_acceptance_rate": 0.8330667056863487,
  "avg_service_rate": 0.27914464427457303,
  "final_mean_served_delay_s": 13.811526479750778,
  "final_p95_served_delay_s": 20.0,
  "final_mean_timeout_delay_s": 20.0
}