{
  "scenario": "baseline_both",
  "strategy": "longest_queue_first",
  "seed": 50,
  "samples": 600,
  "avg_offered_load_mbps": 778.7999490711376,
  "avg_accepted_load_mbps": 627.5303187494853,
  "avg_capacity_mbps": 153.19682676712273,
  "avg_goodput_mbps": 152.88464895567841,
  "avg_queue": 59.095,
  "final_capacity_mbps": 157.808867264791,
  "final_goodput_mbps": 157.808867264791,
  "final_queue": 54,
  "final_blocked_rate": 0.7799259563965446,
  "final_blocked_queue_cap_rate": 0.19991772932949403,
  "final_blocked_timeout_rate": 0.5800082270670506,
  "final_utilization": 1.0,
  "final_fairness": 0.9370598200588233,
  "avg_utilization": 0.9983333333333333,
  "avg_fairness": 0.9400075514485021,
  "avg_acceptance_rate": 0.8186970028584125,
  "avg_service_rate": 0.20518996486991498,
  "final_mean_served_delay_s": 14.914760914760915,
  "final_p95_served_delay_s": 20.0,
  "final_mean_timeout_delay_s": 20.0
}