{
  "scenario": "both_q5_t40",
  "strategy": "round_robin",
  "seed": 50,
  "samples": 600,
  "avg_offered_load_mbps": 778.7999490711376,
  "avg_accepted_load_mbps": 413.6547606536073,
  "avg_capacity_mbps": 150.48286520680006,
  "avg_goodput_mbps": 150.33758819025036,
  "avg_queue": 75.19666666666667,
  "final_capacity_mbps": 150.42533021983195,
  "final_goodput_mbps": 150.42533021983198,
  "final_queue": 73,
  "final_blocked_rate": 0.7786918963389552,
  "final_blocked_queue_cap_rate": 0.4611271081859317,
  "final_blocked_timeout_rate": 0.31756478815302347,
  "final_utilization": 1.0,
  "final_fairness": 0.9429411864269189,
  "avg_utilization": 0.9983333333333333,
  "avg_fairness": 0.9429503113793347,
  "avg_acceptance_rate": 0.5885322271371102,
  "avg_service_rate": 0.2006610650517667,
  "final_mean_served_delay_s": 28.509677419354837,
  "final_p95_served_delay_s": 40.0,
  "final_mean_timeout_delay_s": 40.0
}