{
  "scenario": "baseline_queue_cap",
  "strategy": "longest_queue_first",
  "seed": 42,
  "samples": 600,
  "avg_offered_load_mbps": 766.2760178948384,
  "avg_accepted_load_mbps": 634.6285657155263,
  "avg_capacity_mbps": 150.37027969861126,
  "avg_goodput_mbps": 150.21881630894416,
  "avg_queue": 907.42,
  "final_capacity_mbps": 151.00381607464678,
  "final_goodput_mbps": 151.00381607464683,
  "final_queue": 1508,
  "final_blocked_rate": 0.1686192468619247,
  "final_blocked_queue_cap_rate": 0.1686192468619247,
  "final_blocked_timeout_rate": 0.0,
  "final_utilization": 1.0,
  "final_fairness": 0.9329803450675879,
  "avg_utilization": 0.99625,
  "avg_fairness": 0.9349796976752525,
  "avg_acceptance_rate": 0.975383177782395,
  "avg_service_rate": 0.2013588398317811,
  "final_mean_served_delay_s": 238.31106471816284,
  "final_p95_served_delay_s": 458.0,
  "final_mean_timeout_delay_s": 0.0
}