{
  "scenario": "baseline_queue_cap",
  "strategy": "longest_queue_first",
  "seed": 46,
  "samples": 600,
  "avg_offered_load_mbps": 752.7792334683929,
  "avg_accepted_load_mbps": 645.1996215695085,
  "avg_capacity_mbps": 150.59195639367474,
  "avg_goodput_mbps": 150.51196201110085,
  "avg_queue": 898.5666666666667,
  "final_capacity_mbps": 150.99852448714645,
  "final_goodput_mbps": 150.99852448714648,
  "final_queue": 1513,
  "final_blocked_rate": 0.14481576692373607,
  "final_blocked_queue_cap_rate": 0.14481576692373607,
  "final_blocked_timeout_rate": 0.0,
  "final_utilization": 1.0,
  "final_fairness": 0.9368552957562682,
  "avg_utilization": 0.9985416666666667,
  "avg_fairness": 0.9398624511919871,
  "avg_acceptance_rate": 0.979858500201064,
  "avg_service_rate": 0.2025900280839029,
  "final_mean_served_delay_s": 240.96687370600415,
  "final_p95_served_delay_s": 460.0,
  "final_mean_timeout_delay_s": 0.0
}