{
  "scenario": "both_q15_t20",
  "strategy": "proportional_fair",
  "seed": 43,
  "samples": 600,
  "avg_offered_load_mbps": 759.8008368706072,
  "avg_accepted_load_mbps": 759.7798667372267,
  "avg_capacity_mbps": 159.8689147334785,
  "avg_goodput_mbps": 159.85344099094146,
  "avg_queue": 77.00666666666666,
  "final_capacity_mbps": 159.41836329939568,
  "final_goodput_mbps": 159.41836329939565,
  "final_queue": 72,
  "final_blocked_rate": 0.7636068237205524,
  "final_blocked_queue_cap_rate": 0.00040617384240454913,
  "final_blocked_timeout_rate": 0.7632006498781478,
  "final_utilization": 1.0,
  "final_fairness": 0.8007890574549786,
  "avg_utilization": 0.9985416666666667,
  "avg_fairness": 0.7633094986158283,
  "avg_acceptance_rate": 0.9997771199485666,
  "avg_service_rate": 0.20722167261422283,
  "final_mean_served_delay_s": 16.54901960784314,
  "final_p95_served_delay_s": 20.0,
  "final_mean_timeout_delay_s": 20.0
}