{
  "scenario": "both_int3",
  "strategy": "round_robin",
  "seed": 48,
  "samples": 600,
  "avg_offered_load_mbps": 786.1313096884865,
  "avg_accepted_load_mbps": 629.7180423677664,
  "avg_capacity_mbps": 173.20033246933417,
  "avg_goodput_mbps": 172.69504944130546,
  "avg_queue": 58.78333333333333,
  "final_capacity_mbps": 176.6198484347224,
  "final_goodput_mbps": 176.61984843472237,
  "final_queue": 56,
  "final_blocked_rate": 0.7720527617477329,
  "final_blocked_queue_cap_rate": 0.19868095630667765,
  "final_blocked_timeout_rate": 0.5733718054410553,
  "final_utilization": 1.0,
  "final_fairness": 0.9743682111628683,
  "avg_utilization": 0.9975,
  "avg_fairness": 0.9534803551406991,
  "avg_acceptance_rate": 0.814559082261917,
  "avg_service_rate": 0.19669399939139046,
  "final_mean_served_delay_s": 14.631790744466802,
  "final_p95_served_delay_s": 20.0,
  "final_mean_timeout_delay_s": 20.0
}