{
  "scenario": "both_q5_t40",
  "strategy": "ppo_v4",
  "seed": 47,
  "episode_reward": 19.410090040765017,
  "episode_steps": 600,
  "samples": 600,
  "avg_offered_load_mbps": 776.7866375396233,
  "avg_accepted_load_mbps": 427.5880104644414,
  "avg_capacity_mbps": 152.45981476885888,
  "avg_goodput_mbps": 152.32076387855105,
  "avg_queue": 75.79666666666667,
  "final_capacity_mbps": 151.76629134525385,
  "final_goodput_mbps": 151.76629134525388,
  "final_queue": 76,
  "final_blocked_rate": 0.7903091060985797,
  "final_blocked_queue_cap_rate": 0.4515455304928989,
  "final_blocked_timeout_rate": 0.3387635756056809,
  "final_utilization": 1.0,
  "final_fairness": 0.646889027453917,
  "avg_utilization": 0.9995833333333334,
  "avg_fairness": 0.6843529044533063,
  "avg_acceptance_rate": 0.5757206013516989,
  "avg_service_rate": 0.16777515493997225,
  "final_mean_served_delay_s": 28.272300469483568,
  "final_p95_served_delay_s": 40.0,
  "final_mean_timeout_delay_s": 40.0
}