{
  "scenario": "both_q15_t20",
  "strategy": "proportional_fair",
  "seed": 51,
  "samples": 600,
  "avg_offered_load_mbps": 770.4303003527792,
  "avg_accepted_load_mbps": 770.4303003527792,
  "avg_capacity_mbps": 159.4569314424203,
  "avg_goodput_mbps": 159.40909887516574,
  "avg_queue": 76.07333333333334,
  "final_capacity_mbps": 162.17039100210957,
  "final_goodput_mbps": 162.17039100210962,
  "final_queue": 77,
  "final_blocked_rate": 0.7703977039770398,
  "final_blocked_queue_cap_rate": 0.0,
  "final_blocked_timeout_rate": 0.7703977039770398,
  "final_utilization": 1.0,
  "final_fairness": 0.6516485876577878,
  "avg_utilization": 0.9989583333333333,
  "avg_fairness": 0.7606390846271892,
  "avg_acceptance_rate": 1.0,
  "avg_service_rate": 0.21174463078677025,
  "final_mean_served_delay_s": 16.091097308488614,
  "final_p95_served_delay_s": 20.0,
  "final_mean_timeout_delay_s": 20.0
}