{
  "scenario": "baseline_timeout",
  "strategy": "greedy_backlog",
  "seed": 49,
  "samples": 600,
  "avg_offered_load_mbps": 743.3465389769656,
  "avg_accepted_load_mbps": 743.3465389769656,
  "avg_capacity_mbps": 191.97331466885979,
  "avg_goodput_mbps": 191.7232561317643,
  "avg_queue": 74.405,
  "final_capacity_mbps": 196.40327802210325,
  "final_goodput_mbps": 196.40327802210325,
  "final_queue": 86,
  "final_blocked_rate": 0.7180232558139535,
  "final_blocked_queue_cap_rate": 0.0,
  "final_blocked_timeout_rate": 0.7180232558139535,
  "final_utilization": 1.0,
  "final_fairness": 0.9907036578332288,
  "avg_utilization": 0.99875,
  "avg_fairness": 0.9847124096782585,
  "avg_acceptance_rate": 1.0,
  "avg_service_rate": 0.2674408213754829,
  "final_mean_served_delay_s": 16.42664418212479,
  "final_p95_served_delay_s": 20.0,
  "final_mean_timeout_delay_s": 20.0
}