{
  "scenario": "both_q15_t20",
  "strategy": "ppo_v4",
  "seed": 51,
  "episode_reward": 68.72703049653212,
  "episode_steps": 600,
  "samples": 600,
  "avg_offered_load_mbps": 770.4303003527792,
  "avg_accepted_load_mbps": 770.4303003527792,
  "avg_capacity_mbps": 158.9377164030698,
  "avg_goodput_mbps": 158.46050529726224,
  "avg_queue": 74.87666666666667,
  "final_capacity_mbps": 158.60435380791978,
  "final_goodput_mbps": 158.60435380791975,
  "final_queue": 78,
  "final_blocked_rate": 0.7724477244772447,
  "final_blocked_queue_cap_rate": 0.0,
  "final_blocked_timeout_rate": 0.7724477244772447,
  "final_utilization": 1.0,
  "final_fairness": 0.6218969625280296,
  "avg_utilization": 0.9989583333333333,
  "avg_fairness": 0.6543276641682195,
  "avg_acceptance_rate": 1.0,
  "avg_service_rate": 0.21402625764048816,
  "final_mean_served_delay_s": 14.540880503144654,
  "final_p95_served_delay_s": 20.0,
  "final_mean_timeout_delay_s": 20.0
}