{
  "scenario": "both_ch64",
  "strategy": "ppo_v4",
  "seed": 50,
  "episode_reward": 263.5769177510304,
  "episode_steps": 600,
  "samples": 600,
  "avg_offered_load_mbps": 778.7999490711376,
  "avg_accepted_load_mbps": 632.467582768266,
  "avg_capacity_mbps": 211.09882135426835,
  "avg_goodput_mbps": 210.00854595277548,
  "avg_queue": 56.961666666666666,
  "final_capacity_mbps": 222.90683635024197,
  "final_goodput_mbps": 215.96620646697076,
  "final_queue": 50,
  "final_blocked_rate": 0.7079391197038256,
  "final_blocked_queue_cap_rate": 0.1888111888111888,
  "final_blocked_timeout_rate": 0.5191279308926368,
  "final_utilization": 1.0,
  "final_fairness": 0.7388138790451245,
  "avg_utilization": 0.9972395833333333,
  "avg_fairness": 0.7359073680096805,
  "avg_acceptance_rate": 0.8288895785533542,
  "avg_service_rate": 0.2756504011413838,
  "final_mean_served_delay_s": 13.774242424242424,
  "final_p95_served_delay_s": 20.0,
  "final_mean_timeout_delay_s": 20.0
}