{
  "scenario": "both_int3",
  "strategy": "greedy_backlog",
  "seed": 50,
  "samples": 600,
  "avg_offered_load_mbps": 778.7999490711376,
  "avg_accepted_load_mbps": 637.9603052620098,
  "avg_capacity_mbps": 201.17087058360508,
  "avg_goodput_mbps": 201.06154822736272,
  "avg_queue": 59.68333333333333,
  "final_capacity_mbps": 207.18664362126017,
  "final_goodput_mbps": 207.18664362126017,
  "final_queue": 58,
  "final_blocked_rate": 0.7112299465240641,
  "final_blocked_queue_cap_rate": 0.18099547511312217,
  "final_blocked_timeout_rate": 0.530234471410942,
  "final_utilization": 1.0,
  "final_fairness": 0.9886576508431013,
  "avg_utilization": 0.9983333333333333,
  "avg_fairness": 0.9850985821642784,
  "avg_acceptance_rate": 0.8375224889263999,
  "avg_service_rate": 0.27006652723545893,
  "final_mean_served_delay_s": 15.627329192546584,
  "final_p95_served_delay_s": 20.0,
  "final_mean_timeout_delay_s": 20.0
}