{
  "scenario": "both_q15_t20",
  "strategy": "proportional_fair",
  "seed": 46,
  "samples": 600,
  "avg_offered_load_mbps": 752.7792334683929,
  "avg_accepted_load_mbps": 752.7792334683929,
  "avg_capacity_mbps": 159.37792321906036,
  "avg_goodput_mbps": 159.3288098254621,
  "avg_queue": 72.605,
  "final_capacity_mbps": 158.01835589553636,
  "final_goodput_mbps": 158.0183558955364,
  "final_queue": 65,
  "final_blocked_rate": 0.766923736075407,
  "final_blocked_queue_cap_rate": 0.0,
  "final_blocked_timeout_rate": 0.766923736075407,
  "final_utilization": 1.0,
  "final_fairness": 0.7996487085693191,
  "avg_utilization": 0.9985416666666667,
  "avg_fairness": 0.7719073286164551,
  "avg_acceptance_rate": 1.0,
  "avg_service_rate": 0.21060272064904148,
  "final_mean_served_delay_s": 16.07098121085595,
  "final_p95_served_delay_s": 20.0,
  "final_mean_timeout_delay_s": 20.0
}