{
  "scenario": "both_int3",
  "strategy": "ppo_v4",
  "seed": 42,
  "episode_reward": 157.0950357966337,
  "episode_steps": 600,
  "samples": 600,
  "avg_offered_load_mbps": 766.2760178948384,
  "avg_accepted_load_mbps": 625.8926050922353,
  "avg_capacity_mbps": 179.99688813519276,
  "avg_goodput_mbps": 179.13264095783396,
  "avg_queue": 57.61333333333334,
  "final_capacity_mbps": 176.7430001628686,
  "final_goodput_mbps": 176.74300016286864,
  "final_queue": 69,
  "final_blocked_rate": 0.7372384937238494,
  "final_blocked_queue_cap_rate": 0.17824267782426778,
  "final_blocked_timeout_rate": 0.5589958158995816,
  "final_utilization": 1.0,
  "final_fairness": 0.6830573152649982,
  "avg_utilization": 0.99625,
  "avg_fairness": 0.6583387903574827,
  "avg_acceptance_rate": 0.8384593328723584,
  "avg_service_rate": 0.2297418264653488,
  "final_mean_served_delay_s": 13.686940966010733,
  "final_p95_served_delay_s": 20.0,
  "final_mean_timeout_delay_s": 20.0
}