{
  "scenario": "both_int6",
  "strategy": "round_robin",
  "seed": 49,
  "samples": 600,
  "avg_offered_load_mbps": 743.3465389769656,
  "avg_accepted_load_mbps": 597.765587821543,
  "avg_capacity_mbps": 133.17176866119337,
  "avg_goodput_mbps": 132.67897046967192,
  "avg_queue": 59.193333333333335,
  "final_capacity_mbps": 132.22517096403396,
  "final_goodput_mbps": 132.22517096403396,
  "final_queue": 64,
  "final_blocked_rate": 0.7948504983388704,
  "final_blocked_queue_cap_rate": 0.1897840531561462,
  "final_blocked_timeout_rate": 0.6050664451827242,
  "final_utilization": 1.0,
  "final_fairness": 0.9589447702928946,
  "avg_utilization": 0.99875,
  "avg_fairness": 0.9427768270661496,
  "avg_acceptance_rate": 0.8334649751843323,
  "avg_service_rate": 0.20117528977989826,
  "final_mean_served_delay_s": 14.195348837209302,
  "final_p95_served_delay_s": 20.0,
  "final_mean_timeout_delay_s": 20.0
}