{
  "scenario": "both_q5_t40",
  "strategy": "greedy_backlog",
  "seed": 44,
  "samples": 600,
  "avg_offered_load_mbps": 764.4133077715236,
  "avg_accepted_load_mbps": 430.14134194034847,
  "avg_capacity_mbps": 190.29462878806712,
  "avg_goodput_mbps": 190.13835317652618,
  "avg_queue": 78.27,
  "final_capacity_mbps": 201.87560309199165,
  "final_goodput_mbps": 201.87560309199165,
  "final_queue": 79,
  "final_blocked_rate": 0.7125822368421053,
  "final_blocked_queue_cap_rate": 0.42680921052631576,
  "final_blocked_timeout_rate": 0.2857730263157895,
  "final_utilization": 1.0,
  "final_fairness": 0.9861467829164637,
  "avg_utilization": 0.9989583333333333,
  "avg_fairness": 0.9829329565833568,
  "avg_acceptance_rate": 0.6179336340261369,
  "avg_service_rate": 0.263836904978309,
  "final_mean_served_delay_s": 29.779032258064515,
  "final_p95_served_delay_s": 40.0,
  "final_mean_timeout_delay_s": 40.0
}