{
  "scenario": "both_int3",
  "strategy": "longest_queue_first",
  "seed": 48,
  "samples": 600,
  "avg_offered_load_mbps": 786.1313096884865,
  "avg_accepted_load_mbps": 635.3753719135351,
  "avg_capacity_mbps": 173.90326875877358,
  "avg_goodput_mbps": 173.62399838027284,
  "avg_queue": 59.23166666666667,
  "final_capacity_mbps": 176.22817598419107,
  "final_goodput_mbps": 174.0725121824156,
  "final_queue": 56,
  "final_blocked_rate": 0.7695795548227535,
  "final_blocked_queue_cap_rate": 0.19579554822753503,
  "final_blocked_timeout_rate": 0.5737840065952184,
  "final_utilization": 1.0,
  "final_fairness": 0.9497725070024697,
  "avg_utilization": 0.9975,
  "avg_fairness": 0.9424808218334012,
  "avg_acceptance_rate": 0.818473124745141,
  "avg_service_rate": 0.20263402141379794,
  "final_mean_served_delay_s": 14.96023856858847,
  "final_p95_served_delay_s": 20.0,
  "final_mean_timeout_delay_s": 20.0
}