{
  "scenario": "both_q15_t20",
  "strategy": "greedy_backlog",
  "seed": 42,
  "samples": 600,
  "avg_offered_load_mbps": 766.2760178948384,
  "avg_accepted_load_mbps": 766.2760178948384,
  "avg_capacity_mbps": 192.32082121974585,
  "avg_goodput_mbps": 192.16252220529407,
  "avg_queue": 73.66166666666666,
  "final_capacity_mbps": 194.43721083235374,
  "final_goodput_mbps": 194.4372108323537,
  "final_queue": 90,
  "final_blocked_rate": 0.7263598326359832,
  "final_blocked_queue_cap_rate": 0.0,
  "final_blocked_timeout_rate": 0.7263598326359832,
  "final_utilization": 1.0,
  "final_fairness": 0.9860263466664072,
  "avg_utilization": 0.99625,
  "avg_fairness": 0.9848936208402768,
  "avg_acceptance_rate": 1.0,
  "avg_service_rate": 0.22013303910656282,
  "final_mean_served_delay_s": 16.161347517730498,
  "final_p95_served_delay_s": 20.0,
  "final_mean_timeout_delay_s": 20.0
}