{
  "scenario": "both_q5_t40",
  "strategy": "proportional_fair",
  "seed": 45,
  "samples": 600,
  "avg_offered_load_mbps": 787.1612102454801,
  "avg_accepted_load_mbps": 423.19350810582614,
  "avg_capacity_mbps": 152.80013751986064,
  "avg_goodput_mbps": 152.7145211731091,
  "avg_queue": 76.06,
  "final_capacity_mbps": 150.09633277442236,
  "final_goodput_mbps": 150.09633277442236,
  "final_queue": 77,
  "final_blocked_rate": 0.7635467980295566,
  "final_blocked_queue_cap_rate": 0.45689655172413796,
  "final_blocked_timeout_rate": 0.3066502463054187,
  "final_utilization": 1.0,
  "final_fairness": 0.9429852305302248,
  "avg_utilization": 0.9985416666666667,
  "avg_fairness": 0.9037541451296804,
  "avg_acceptance_rate": 0.5963901917080232,
  "avg_service_rate": 0.21615407585939722,
  "final_mean_served_delay_s": 29.45691382765531,
  "final_p95_served_delay_s": 40.0,
  "final_mean_timeout_delay_s": 40.0
}