{
  "scenario": "both_int6",
  "strategy": "proportional_fair",
  "seed": 49,
  "samples": 600,
  "avg_offered_load_mbps": 743.3465389769656,
  "avg_accepted_load_mbps": 601.7434944928892,
  "avg_capacity_mbps": 137.63936846235313,
  "avg_goodput_mbps": 137.43088464146675,
  "avg_queue": 60.19,
  "final_capacity_mbps": 134.11731171531898,
  "final_goodput_mbps": 134.11731171531898,
  "final_queue": 67,
  "final_blocked_rate": 0.7911129568106312,
  "final_blocked_queue_cap_rate": 0.18646179401993354,
  "final_blocked_timeout_rate": 0.6046511627906976,
  "final_utilization": 1.0,
  "final_fairness": 0.79331749167087,
  "avg_utilization": 0.99875,
  "avg_fairness": 0.8281377474267363,
  "avg_acceptance_rate": 0.8366287515496756,
  "avg_service_rate": 0.19849929586052587,
  "final_mean_served_delay_s": 15.34862385321101,
  "final_p95_served_delay_s": 20.0,
  "final_mean_timeout_delay_s": 20.0
}