{
  "scenario": "both_q5_t40",
  "strategy": "greedy_backlog",
  "seed": 51,
  "samples": 600,
  "avg_offered_load_mbps": 770.4303003527792,
  "avg_accepted_load_mbps": 436.02424481599974,
  "avg_capacity_mbps": 190.10993656818516,
  "avg_goodput_mbps": 190.07717751513923,
  "avg_queue": 78.30333333333333,
  "final_capacity_mbps": 198.66959918471252,
  "final_goodput_mbps": 198.66959918471252,
  "final_queue": 73,
  "final_blocked_rate": 0.7375973759737597,
  "final_blocked_queue_cap_rate": 0.44198441984419845,
  "final_blocked_timeout_rate": 0.2956129561295613,
  "final_utilization": 1.0,
  "final_fairness": 0.9812486593923196,
  "avg_utilization": 0.9989583333333333,
  "avg_fairness": 0.9814174700960532,
  "avg_acceptance_rate": 0.6126913804317327,
  "avg_service_rate": 0.2428052605379157,
  "final_mean_served_delay_s": 30.700176366843035,
  "final_p95_served_delay_s": 40.0,
  "final_mean_timeout_delay_s": 40.0
}