{
  "scenario": "both_q10_t20",
  "strategy": "longest_queue_first",
  "seed": 50,
  "samples": 600,
  "avg_offered_load_mbps": 778.7999490711376,
  "avg_accepted_load_mbps": 770.3320366386074,
  "avg_capacity_mbps": 152.87072836269948,
  "avg_goodput_mbps": 152.61942583533977,
  "avg_queue": 74.33833333333334,
  "final_capacity_mbps": 152.42246982201254,
  "final_goodput_mbps": 152.42246982201257,
  "final_queue": 82,
  "final_blocked_rate": 0.7721102426984779,
  "final_blocked_queue_cap_rate": 0.013986013986013986,
  "final_blocked_timeout_rate": 0.758124228712464,
  "final_utilization": 1.0,
  "final_fairness": 0.9177952164861352,
  "avg_utilization": 0.9983333333333333,
  "avg_fairness": 0.9359261579795431,
  "avg_acceptance_rate": 0.9886627304458898,
  "avg_service_rate": 0.19907361994876968,
  "final_mean_served_delay_s": 15.546610169491526,
  "final_p95_served_delay_s": 20.0,
  "final_mean_timeout_delay_s": 20.0
}