{
  "scenario": "both_q5_t10",
  "strategy": "round_robin",
  "seed": 51,
  "samples": 600,
  "avg_offered_load_mbps": 770.4303003527792,
  "avg_accepted_load_mbps": 739.042649980602,
  "avg_capacity_mbps": 161.35529867004982,
  "avg_goodput_mbps": 160.0684543862276,
  "avg_queue": 35.31666666666667,
  "final_capacity_mbps": 175.30460241816988,
  "final_goodput_mbps": 173.63253059978024,
  "final_queue": 29,
  "final_blocked_rate": 0.7867978679786798,
  "final_blocked_queue_cap_rate": 0.03895038950389504,
  "final_blocked_timeout_rate": 0.7478474784747847,
  "final_utilization": 1.0,
  "final_fairness": 0.9404725076197761,
  "avg_utilization": 0.9989583333333333,
  "avg_fairness": 0.9644997535355098,
  "avg_acceptance_rate": 0.9686952457529251,
  "avg_service_rate": 0.20735005201347154,
  "final_mean_served_delay_s": 6.794297352342159,
  "final_p95_served_delay_s": 10.0,
  "final_mean_timeout_delay_s": 10.0
}