{
  "scenario": "both_int6",
  "strategy": "round_robin",
  "seed": 44,
  "samples": 600,
  "avg_offered_load_mbps": 764.4133077715236,
  "avg_accepted_load_mbps": 615.050939324014,
  "avg_capacity_mbps": 133.19530129656343,
  "avg_goodput_mbps": 132.778008873545,
  "avg_queue": 59.055,
  "final_capacity_mbps": 134.36152180570767,
  "final_goodput_mbps": 134.36152180570764,
  "final_queue": 59,
  "final_blocked_rate": 0.8009868421052632,
  "final_blocked_queue_cap_rate": 0.19860197368421054,
  "final_blocked_timeout_rate": 0.6023848684210527,
  "final_utilization": 1.0,
  "final_fairness": 0.9628276281643539,
  "avg_utilization": 0.9989583333333333,
  "avg_fairness": 0.9443813213696953,
  "avg_acceptance_rate": 0.8151956103394219,
  "avg_service_rate": 0.1969898750367387,
  "final_mean_served_delay_s": 13.96,
  "final_p95_served_delay_s": 20.0,
  "final_mean_timeout_delay_s": 20.0
}