{
  "scenario": "both_ch64",
  "strategy": "longest_queue_first",
  "seed": 46,
  "samples": 600,
  "avg_offered_load_mbps": 752.7792334683929,
  "avg_accepted_load_mbps": 614.7887906038486,
  "avg_capacity_mbps": 205.1002200952885,
  "avg_goodput_mbps": 204.61800067684695,
  "avg_queue": 56.35333333333333,
  "final_capacity_mbps": 208.44747549722445,
  "final_goodput_mbps": 208.44747549722442,
  "final_queue": 57,
  "final_blocked_rate": 0.712082262210797,
  "final_blocked_queue_cap_rate": 0.17480719794344474,
  "final_blocked_timeout_rate": 0.5372750642673522,
  "final_utilization": 1.0,
  "final_fairness": 0.9545176689239034,
  "avg_utilization": 0.9969791666666666,
  "avg_fairness": 0.9544818132400699,
  "avg_acceptance_rate": 0.8278540091814852,
  "avg_service_rate": 0.2690806020868159,
  "final_mean_served_delay_s": 14.43739837398374,
  "final_p95_served_delay_s": 20.0,
  "final_mean_timeout_delay_s": 20.0
}