{
  "scenario": "both_int6",
  "strategy": "longest_queue_first",
  "seed": 51,
  "samples": 600,
  "avg_offered_load_mbps": 770.4303003527792,
  "avg_accepted_load_mbps": 605.5860276998258,
  "avg_capacity_mbps": 133.52549799387543,
  "avg_goodput_mbps": 133.34616471585153,
  "avg_queue": 59.06666666666667,
  "final_capacity_mbps": 131.18677878545137,
  "final_goodput_mbps": 131.18677878545134,
  "final_queue": 53,
  "final_blocked_rate": 0.8122181221812218,
  "final_blocked_queue_cap_rate": 0.2086920869208692,
  "final_blocked_timeout_rate": 0.6035260352603526,
  "final_utilization": 1.0,
  "final_fairness": 0.9163462209939448,
  "avg_utilization": 0.9989583333333333,
  "avg_fairness": 0.9311035045829997,
  "avg_acceptance_rate": 0.8146860346039416,
  "avg_service_rate": 0.17995124771656343,
  "final_mean_served_delay_s": 14.476543209876544,
  "final_p95_served_delay_s": 20.0,
  "final_mean_timeout_delay_s": 20.0
}