{
  "scenario": "both_q5_t40",
  "strategy": "proportional_fair",
  "seed": 42,
  "samples": 600,
  "avg_offered_load_mbps": 766.2760178948384,
  "avg_accepted_load_mbps": 419.6584893980396,
  "avg_capacity_mbps": 151.50324958970992,
  "avg_goodput_mbps": 151.37124764981584,
  "avg_queue": 76.52833333333334,
  "final_capacity_mbps": 152.78112961092648,
  "final_goodput_mbps": 152.7811296109265,
  "final_queue": 82,
  "final_blocked_rate": 0.7589958158995815,
  "final_blocked_queue_cap_rate": 0.44644351464435145,
  "final_blocked_timeout_rate": 0.31255230125523015,
  "final_utilization": 1.0,
  "final_fairness": 0.8950988556326388,
  "avg_utilization": 0.99625,
  "avg_fairness": 0.9057687255968199,
  "avg_acceptance_rate": 0.5930147696599894,
  "avg_service_rate": 0.20102363343919769,
  "final_mean_served_delay_s": 30.210526315789473,
  "final_p95_served_delay_s": 40.0,
  "final_mean_timeout_delay_s": 40.0
}