{
  "scenario": "both_q5_t40",
  "strategy": "ppo_v4",
  "seed": 46,
  "episode_reward": 32.862565479686104,
  "episode_steps": 600,
  "samples": 600,
  "avg_offered_load_mbps": 752.7792334683929,
  "avg_accepted_load_mbps": 421.8066131963396,
  "avg_capacity_mbps": 154.6136194231578,
  "avg_goodput_mbps": 154.46039457089893,
  "avg_queue": 74.99333333333334,
  "final_capacity_mbps": 155.3886872993849,
  "final_goodput_mbps": 155.38868729938497,
  "final_queue": 77,
  "final_blocked_rate": 0.7690659811482433,
  "final_blocked_queue_cap_rate": 0.43573264781491,
  "final_blocked_timeout_rate": 0.3333333333333333,
  "final_utilization": 1.0,
  "final_fairness": 0.6822646917827434,
  "avg_utilization": 0.9985416666666667,
  "avg_fairness": 0.6734328714126903,
  "avg_acceptance_rate": 0.6044915445750512,
  "avg_service_rate": 0.2060624091767302,
  "final_mean_served_delay_s": 28.365800865800868,
  "final_p95_served_delay_s": 40.0,
  "final_mean_timeout_delay_s": 40.0
}