{
  "scenario": "both_int6",
  "strategy": "ppo_v4",
  "seed": 47,
  "episode_reward": 7.732539437974739,
  "episode_steps": 600,
  "samples": 600,
  "avg_offered_load_mbps": 776.7866375396233,
  "avg_accepted_load_mbps": 624.6068106228538,
  "avg_capacity_mbps": 140.9373908315866,
  "avg_goodput_mbps": 140.37310030640572,
  "avg_queue": 59.33833333333333,
  "final_capacity_mbps": 137.9036678623876,
  "final_goodput_mbps": 137.9036678623876,
  "final_queue": 62,
  "final_blocked_rate": 0.8099415204678363,
  "final_blocked_queue_cap_rate": 0.18880534670008353,
  "final_blocked_timeout_rate": 0.6211361737677528,
  "final_utilization": 1.0,
  "final_fairness": 0.7044395207884535,
  "avg_utilization": 0.9995833333333334,
  "avg_fairness": 0.644301276094643,
  "avg_acceptance_rate": 0.8139280878254188,
  "avg_service_rate": 0.16305822804205272,
  "final_mean_served_delay_s": 14.246819338422393,
  "final_p95_served_delay_s": 20.0,
  "final_mean_timeout_delay_s": 20.0
}