{
  "scenario": "both_ch64",
  "strategy": "proportional_fair",
  "seed": 47,
  "samples": 600,
  "avg_offered_load_mbps": 776.7866375396233,
  "avg_accepted_load_mbps": 639.8001090765388,
  "avg_capacity_mbps": 205.2217538025349,
  "avg_goodput_mbps": 205.10859592434633,
  "avg_queue": 58.83833333333333,
  "final_capacity_mbps": 206.21177800413997,
  "final_goodput_mbps": 206.02905338058406,
  "final_queue": 59,
  "final_blocked_rate": 0.7247284878863827,
  "final_blocked_queue_cap_rate": 0.1758563074352548,
  "final_blocked_timeout_rate": 0.5488721804511278,
  "final_utilization": 1.0,
  "final_fairness": 0.7993403922140123,
  "avg_utilization": 0.99875,
  "avg_fairness": 0.8177110152007511,
  "avg_acceptance_rate": 0.8244701405022185,
  "avg_service_rate": 0.23596825493734117,
  "final_mean_served_delay_s": 15.033333333333333,
  "final_p95_served_delay_s": 20.0,
  "final_mean_timeout_delay_s": 20.0
}