{
  "scenario": "baseline_timeout",
  "strategy": "longest_queue_first",
  "seed": 51,
  "samples": 600,
  "avg_offered_load_mbps": 770.4303003527792,
  "avg_accepted_load_mbps": 770.4303003527792,
  "avg_capacity_mbps": 153.15804348815718,
  "avg_goodput_mbps": 152.96257488188775,
  "avg_queue": 75.42833333333333,
  "final_capacity_mbps": 151.82282151295317,
  "final_goodput_mbps": 150.407627652475,
  "final_queue": 74,
  "final_blocked_rate": 0.7765477654776548,
  "final_blocked_queue_cap_rate": 0.0,
  "final_blocked_timeout_rate": 0.7765477654776548,
  "final_utilization": 1.0,
  "final_fairness": 0.923454610812837,
  "avg_utilization": 0.9989583333333333,
  "avg_fairness": 0.9355229615839307,
  "avg_acceptance_rate": 1.0,
  "avg_service_rate": 0.204134136762825,
  "final_mean_served_delay_s": 15.07855626326964,
  "final_p95_served_delay_s": 20.0,
  "final_mean_timeout_delay_s": 20.0
}