{
  "scenario": "both_int3",
  "strategy": "greedy_backlog",
  "seed": 46,
  "samples": 600,
  "avg_offered_load_mbps": 752.7792334683929,
  "avg_accepted_load_mbps": 625.9137386057141,
  "avg_capacity_mbps": 202.16338288943643,
  "avg_goodput_mbps": 202.03068765189497,
  "avg_queue": 58.005,
  "final_capacity_mbps": 198.34136353539978,
  "final_goodput_mbps": 198.34136353539978,
  "final_queue": 63,
  "final_blocked_rate": 0.6966580976863753,
  "final_blocked_queue_cap_rate": 0.1598114824335904,
  "final_blocked_timeout_rate": 0.5368466152527849,
  "final_utilization": 1.0,
  "final_fairness": 0.9862101210145302,
  "avg_utilization": 0.9985416666666667,
  "avg_fairness": 0.9857480248232847,
  "avg_acceptance_rate": 0.8450988685002915,
  "avg_service_rate": 0.28266985019991875,
  "final_mean_served_delay_s": 15.27751937984496,
  "final_p95_served_delay_s": 20.0,
  "final_mean_timeout_delay_s": 20.0
}