{
  "scenario": "both_q5_t40",
  "strategy": "round_robin",
  "seed": 49,
  "samples": 600,
  "avg_offered_load_mbps": 743.3465389769656,
  "avg_accepted_load_mbps": 416.32564746776933,
  "avg_capacity_mbps": 150.90962224827962,
  "avg_goodput_mbps": 150.553349457099,
  "avg_queue": 75.27,
  "final_capacity_mbps": 150.42533021983195,
  "final_goodput_mbps": 150.42533021983198,
  "final_queue": 80,
  "final_blocked_rate": 0.768687707641196,
  "final_blocked_queue_cap_rate": 0.4489202657807309,
  "final_blocked_timeout_rate": 0.31976744186046513,
  "final_utilization": 1.0,
  "final_fairness": 0.9429411864269189,
  "avg_utilization": 0.99875,
  "avg_fairness": 0.9433147964716407,
  "avg_acceptance_rate": 0.6082153151769002,
  "avg_service_rate": 0.22251739743771107,
  "final_mean_served_delay_s": 27.830188679245282,
  "final_p95_served_delay_s": 40.0,
  "final_mean_timeout_delay_s": 40.0
}