{
  "scenario": "baseline_timeout",
  "strategy": "proportional_fair",
  "seed": 44,
  "samples": 600,
  "avg_offered_load_mbps": 764.4133077715236,
  "avg_accepted_load_mbps": 764.4133077715236,
  "avg_capacity_mbps": 158.86432529247384,
  "avg_goodput_mbps": 158.70300917136248,
  "avg_queue": 75.63,
  "final_capacity_mbps": 163.00145969088325,
  "final_goodput_mbps": 163.0014596908832,
  "final_queue": 78,
  "final_blocked_rate": 0.7623355263157895,
  "final_blocked_queue_cap_rate": 0.0,
  "final_blocked_timeout_rate": 0.7623355263157895,
  "final_utilization": 1.0,
  "final_fairness": 0.7456812761758593,
  "avg_utilization": 0.9989583333333333,
  "avg_fairness": 0.7830010048195903,
  "avg_acceptance_rate": 1.0,
  "avg_service_rate": 0.22083950100802038,
  "final_mean_served_delay_s": 15.922,
  "final_p95_served_delay_s": 20.0,
  "final_mean_timeout_delay_s": 20.0
}