{
  "scenario": "both_ch32",
  "strategy": "longest_queue_first",
  "seed": 45,
  "samples": 600,
  "avg_offered_load_mbps": 787.1612102454801,
  "avg_accepted_load_mbps": 625.6074620112213,
  "avg_capacity_mbps": 102.16639250114491,
  "avg_goodput_mbps": 102.03329321894915,
  "avg_queue": 60.055,
  "final_capacity_mbps": 100.44982218156841,
  "final_goodput_mbps": 100.4498221815684,
  "final_queue": 63,
  "final_blocked_rate": 0.8386699507389163,
  "final_blocked_queue_cap_rate": 0.20730706075533661,
  "final_blocked_timeout_rate": 0.6313628899835796,
  "final_utilization": 1.0,
  "final_fairness": 0.9048997016650214,
  "avg_utilization": 0.9992708333333333,
  "avg_fairness": 0.9138203007381778,
  "avg_acceptance_rate": 0.8023322707045286,
  "avg_service_rate": 0.14630709468119066,
  "final_mean_served_delay_s": 14.763636363636364,
  "final_p95_served_delay_s": 20.0,
  "final_mean_timeout_delay_s": 20.0
}