{
  "scenario": "baseline_queue_cap",
  "strategy": "longest_queue_first",
  "seed": 49,
  "samples": 600,
  "avg_offered_load_mbps": 743.3465389769656,
  "avg_accepted_load_mbps": 621.1912500733588,
  "avg_capacity_mbps": 151.0146830138024,
  "avg_goodput_mbps": 150.72637329347864,
  "avg_queue": 885.5816666666667,
  "final_capacity_mbps": 152.78112961092648,
  "final_goodput_mbps": 152.78112961092654,
  "final_queue": 1516,
  "final_blocked_rate": 0.16403654485049834,
  "final_blocked_queue_cap_rate": 0.16403654485049834,
  "final_blocked_timeout_rate": 0.0,
  "final_utilization": 1.0,
  "final_fairness": 0.9149364708787383,
  "avg_utilization": 0.99875,
  "avg_fairness": 0.938742718319491,
  "avg_acceptance_rate": 0.9796979642900739,
  "avg_service_rate": 0.2232854388105647,
  "final_mean_served_delay_s": 229.62776659959758,
  "final_p95_served_delay_s": 454.0,
  "final_mean_timeout_delay_s": 0.0
}