{
  "scenario": "both_ch64",
  "strategy": "round_robin",
  "seed": 48,
  "samples": 600,
  "avg_offered_load_mbps": 786.1313096884865,
  "avg_accepted_load_mbps": 643.213463346491,
  "avg_capacity_mbps": 203.88779335109072,
  "avg_goodput_mbps": 203.1521219276305,
  "avg_queue": 58.108333333333334,
  "final_capacity_mbps": 209.18821723709692,
  "final_goodput_mbps": 209.1882172370969,
  "final_queue": 56,
  "final_blocked_rate": 0.7304204451772465,
  "final_blocked_queue_cap_rate": 0.19167353668590273,
  "final_blocked_timeout_rate": 0.5387469084913438,
  "final_utilization": 1.0,
  "final_fairness": 0.977199916941396,
  "avg_utilization": 0.9965104166666666,
  "avg_fairness": 0.9621388061585723,
  "avg_acceptance_rate": 0.8235704453886764,
  "avg_service_rate": 0.24541535123181438,
  "final_mean_served_delay_s": 14.45819397993311,
  "final_p95_served_delay_s": 20.0,
  "final_mean_timeout_delay_s": 20.0
}