{
  "scenario": "baseline_queue_cap",
  "strategy": "round_robin",
  "seed": 49,
  "samples": 600,
  "avg_offered_load_mbps": 743.3465389769656,
  "avg_accepted_load_mbps": 611.7856214601596,
  "avg_capacity_mbps": 150.71670497492934,
  "avg_goodput_mbps": 150.409562044737,
  "avg_queue": 881.575,
  "final_capacity_mbps": 150.42533021983195,
  "final_goodput_mbps": 150.42533021983198,
  "final_queue": 1514,
  "final_blocked_rate": 0.17068106312292358,
  "final_blocked_queue_cap_rate": 0.17068106312292358,
  "final_blocked_timeout_rate": 0.0,
  "final_utilization": 1.0,
  "final_fairness": 0.9429411864269189,
  "avg_utilization": 0.99875,
  "avg_fairness": 0.9429770539644591,
  "avg_acceptance_rate": 0.9780004322011838,
  "avg_service_rate": 0.22340955974231191,
  "final_mean_served_delay_s": 218.7888198757764,
  "final_p95_served_delay_s": 435.0,
  "final_mean_timeout_delay_s": 0.0
}