{
  "scenario": "baseline_queue_cap",
  "strategy": "proportional_fair",
  "seed": 48,
  "samples": 600,
  "avg_offered_load_mbps": 786.1313096884865,
  "avg_accepted_load_mbps": 653.9848829836341,
  "avg_capacity_mbps": 151.01569002145487,
  "avg_goodput_mbps": 150.9807932890147,
  "avg_queue": 925.4483333333334,
  "final_capacity_mbps": 150.31985751753194,
  "final_goodput_mbps": 150.319857517532,
  "final_queue": 1515,
  "final_blocked_rate": 0.17642209398186315,
  "final_blocked_queue_cap_rate": 0.17642209398186315,
  "final_blocked_timeout_rate": 0.0,
  "final_utilization": 1.0,
  "final_fairness": 0.9449533001923869,
  "avg_utilization": 0.9975,
  "avg_fairness": 0.899857277469649,
  "avg_acceptance_rate": 0.9708007298604995,
  "avg_service_rate": 0.19399749209787753,
  "final_mean_served_delay_s": 236.28571428571428,
  "final_p95_served_delay_s": 457.0,
  "final_mean_timeout_delay_s": 0.0
}