{
  "scenario": "baseline_queue_cap",
  "strategy": "longest_queue_first",
  "seed": 47,
  "samples": 600,
  "avg_offered_load_mbps": 776.7866375396233,
  "avg_accepted_load_mbps": 641.1695946533459,
  "avg_capacity_mbps": 150.44135518263437,
  "avg_goodput_mbps": 150.38662718378657,
  "avg_queue": 949.2633333333333,
  "final_capacity_mbps": 151.2074989221641,
  "final_goodput_mbps": 151.20749892216415,
  "final_queue": 1517,
  "final_blocked_rate": 0.18128654970760233,
  "final_blocked_queue_cap_rate": 0.18128654970760233,
  "final_blocked_timeout_rate": 0.0,
  "final_utilization": 1.0,
  "final_fairness": 0.9351295687764651,
  "avg_utilization": 0.9995833333333334,
  "avg_fairness": 0.9412538262131989,
  "avg_acceptance_rate": 0.9740280128248584,
  "avg_service_rate": 0.1733275383559685,
  "final_mean_served_delay_s": 251.62076749435667,
  "final_p95_served_delay_s": 477.0,
  "final_mean_timeout_delay_s": 0.0
}