{
  "scenario": "both_q5_t40",
  "strategy": "ppo_v4",
  "seed": 48,
  "episode_reward": 22.1721484176906,
  "episode_steps": 600,
  "samples": 600,
  "avg_offered_load_mbps": 786.1313096884865,
  "avg_accepted_load_mbps": 439.5558079380809,
  "avg_capacity_mbps": 155.9717875286458,
  "avg_goodput_mbps": 155.83788720266037,
  "avg_queue": 76.90666666666667,
  "final_capacity_mbps": 151.76629134525385,
  "final_goodput_mbps": 151.76629134525388,
  "final_queue": 72,
  "final_blocked_rate": 0.7778235779060181,
  "final_blocked_queue_cap_rate": 0.4488870568837593,
  "final_blocked_timeout_rate": 0.32893652102225884,
  "final_utilization": 1.0,
  "final_fairness": 0.646889027453917,
  "avg_utilization": 0.9975,
  "avg_fairness": 0.6583993257847408,
  "avg_acceptance_rate": 0.5996361894971136,
  "avg_service_rate": 0.1926617637207673,
  "final_mean_served_delay_s": 28.18629550321199,
  "final_p95_served_delay_s": 40.0,
  "final_mean_timeout_delay_s": 40.0
}