{
  "scenario": "both_ch32",
  "strategy": "round_robin",
  "seed": 44,
  "samples": 600,
  "avg_offered_load_mbps": 764.4133077715236,
  "avg_accepted_load_mbps": 606.0869044037566,
  "avg_capacity_mbps": 101.95852750645729,
  "avg_goodput_mbps": 101.70547614965899,
  "avg_queue": 59.72833333333333,
  "final_capacity_mbps": 101.95172077528218,
  "final_goodput_mbps": 101.95172077528217,
  "final_queue": 60,
  "final_blocked_rate": 0.8396381578947368,
  "final_blocked_queue_cap_rate": 0.20435855263157895,
  "final_blocked_timeout_rate": 0.6352796052631579,
  "final_utilization": 1.0,
  "final_fairness": 0.9499467225200425,
  "avg_utilization": 1.0,
  "avg_fairness": 0.9225550988273532,
  "avg_acceptance_rate": 0.8107491916942166,
  "avg_service_rate": 0.15237905287265313,
  "final_mean_served_delay_s": 14.078787878787878,
  "final_p95_served_delay_s": 20.0,
  "final_mean_timeout_delay_s": 20.0
}