{
  "scenario": "both_q15_t20",
  "strategy": "ppo_v4",
  "seed": 47,
  "episode_reward": 69.24665213885507,
  "episode_steps": 600,
  "samples": 600,
  "avg_offered_load_mbps": 776.7866375396233,
  "avg_accepted_load_mbps": 776.7866375396233,
  "avg_capacity_mbps": 160.5777727427511,
  "avg_goodput_mbps": 160.1734738478308,
  "avg_queue": 74.12666666666667,
  "final_capacity_mbps": 156.12030133355066,
  "final_goodput_mbps": 155.93757670999472,
  "final_queue": 76,
  "final_blocked_rate": 0.7832080200501254,
  "final_blocked_queue_cap_rate": 0.0,
  "final_blocked_timeout_rate": 0.7832080200501254,
  "final_utilization": 1.0,
  "final_fairness": 0.6796724749905261,
  "avg_utilization": 0.9995833333333334,
  "avg_fairness": 0.6475338878347113,
  "avg_acceptance_rate": 1.0,
  "avg_service_rate": 0.18052005327911902,
  "final_mean_served_delay_s": 14.943566591422123,
  "final_p95_served_delay_s": 20.0,
  "final_mean_timeout_delay_s": 20.0
}