{
  "scenario": "both_ch32",
  "strategy": "greedy_backlog",
  "seed": 48,
  "samples": 600,
  "avg_offered_load_mbps": 786.1313096884865,
  "avg_accepted_load_mbps": 638.7813000743696,
  "avg_capacity_mbps": 134.1204988005199,
  "avg_goodput_mbps": 134.06863252830465,
  "avg_queue": 61.44833333333333,
  "final_capacity_mbps": 135.35847968094436,
  "final_goodput_mbps": 135.35847968094433,
  "final_queue": 58,
  "final_blocked_rate": 0.8116240725474031,
  "final_blocked_queue_cap_rate": 0.19332234130255566,
  "final_blocked_timeout_rate": 0.6183017312448474,
  "final_utilization": 1.0,
  "final_fairness": 0.9257604789109019,
  "avg_utilization": 0.9982291666666666,
  "avg_fairness": 0.9141925876749393,
  "avg_acceptance_rate": 0.8242376707629415,
  "avg_service_rate": 0.16437151544919565,
  "final_mean_served_delay_s": 16.416040100250626,
  "final_p95_served_delay_s": 20.0,
  "final_mean_timeout_delay_s": 20.0
}