{
  "scenario": "both_q5_t10",
  "strategy": "ppo_v4",
  "seed": 49,
  "episode_reward": 135.88068639713887,
  "episode_steps": 600,
  "samples": 600,
  "avg_offered_load_mbps": 743.3465389769656,
  "avg_accepted_load_mbps": 712.7337060691603,
  "avg_capacity_mbps": 166.90900412760706,
  "avg_goodput_mbps": 164.9863961053795,
  "avg_queue": 34.865,
  "final_capacity_mbps": 160.83851990096025,
  "final_goodput_mbps": 160.83851990096025,
  "final_queue": 35,
  "final_blocked_rate": 0.771594684385382,
  "final_blocked_queue_cap_rate": 0.0340531561461794,
  "final_blocked_timeout_rate": 0.7375415282392026,
  "final_utilization": 1.0,
  "final_fairness": 0.6627199295884123,
  "avg_utilization": 0.99875,
  "avg_fairness": 0.6866359972745262,
  "avg_acceptance_rate": 0.9712922326545398,
  "avg_service_rate": 0.23669183807421,
  "final_mean_served_delay_s": 6.809708737864078,
  "final_p95_served_delay_s": 10.0,
  "final_mean_timeout_delay_s": 10.0
}