{
  "scenario": "both_q10_t20",
  "strategy": "greedy_backlog",
  "seed": 47,
  "samples": 600,
  "avg_offered_load_mbps": 776.7866375396233,
  "avg_accepted_load_mbps": 771.567691714502,
  "avg_capacity_mbps": 192.97855657801287,
  "avg_goodput_mbps": 192.90182201731744,
  "avg_queue": 73.82833333333333,
  "final_capacity_mbps": 199.7443914181757,
  "final_goodput_mbps": 199.7443914181757,
  "final_queue": 76,
  "final_blocked_rate": 0.7376775271512114,
  "final_blocked_queue_cap_rate": 0.006683375104427736,
  "final_blocked_timeout_rate": 0.7309941520467836,
  "final_utilization": 1.0,
  "final_fairness": 0.989596132544125,
  "avg_utilization": 0.9995833333333334,
  "avg_fairness": 0.9834197449270871,
  "avg_acceptance_rate": 0.9959331318592078,
  "avg_service_rate": 0.2192714444613592,
  "final_mean_served_delay_s": 16.422101449275363,
  "final_p95_served_delay_s": 20.0,
  "final_mean_timeout_delay_s": 20.0
}