{
  "scenario": "both_q5_t10",
  "strategy": "greedy_backlog",
  "seed": 48,
  "samples": 600,
  "avg_offered_load_mbps": 786.1313096884865,
  "avg_accepted_load_mbps": 759.7306244595912,
  "avg_capacity_mbps": 191.69624854425092,
  "avg_goodput_mbps": 191.39560972310676,
  "avg_queue": 35.68833333333333,
  "final_capacity_mbps": 192.53233048293725,
  "final_goodput_mbps": 192.53233048293723,
  "final_queue": 22,
  "final_blocked_rate": 0.752679307502061,
  "final_blocked_queue_cap_rate": 0.03503709810387469,
  "final_blocked_timeout_rate": 0.7176422093981863,
  "final_utilization": 1.0,
  "final_fairness": 0.9796119129463414,
  "avg_utilization": 0.9975,
  "avg_fairness": 0.9831482064519304,
  "avg_acceptance_rate": 0.960317336833492,
  "avg_service_rate": 0.22730526685374794,
  "final_mean_served_delay_s": 7.705882352941177,
  "final_p95_served_delay_s": 10.0,
  "final_mean_timeout_delay_s": 10.0
}