{
  "scenario": "baseline_both",
  "strategy": "ppo",
  "seed": 44,
  "episode_reward": 2.584266637916759,
  "episode_steps": 600,
  "samples": 600,
  "avg_offered_load_mbps": 764.4133077715236,
  "avg_accepted_load_mbps": 621.2028228212083,
  "avg_capacity_mbps": 157.0896501437615,
  "avg_goodput_mbps": 156.43001433060087,
  "avg_queue": 58.365,
  "final_capacity_mbps": 159.01640548710168,
  "final_goodput_mbps": 159.01640548710168,
  "final_queue": 61,
  "final_blocked_rate": 0.7804276315789473,
  "final_blocked_queue_cap_rate": 0.19407894736842105,
  "final_blocked_timeout_rate": 0.5863486842105263,
  "final_utilization": 1.0,
  "final_fairness": 0.6937308016278415,
  "avg_utilization": 0.9989583333333333,
  "avg_fairness": 0.7451154183493575,
  "avg_acceptance_rate": 0.8223614903629093,
  "avg_service_rate": 0.22227797003082306,
  "final_mean_served_delay_s": 13.359408033826638,
  "final_p95_served_delay_s": 20.0,
  "final_mean_timeout_delay_s": 20.0
}