{
  "scenario": "both_q10_t20",
  "strategy": "longest_queue_first",
  "seed": 47,
  "samples": 600,
  "avg_offered_load_mbps": 776.7866375396233,
  "avg_accepted_load_mbps": 770.9008118229499,
  "avg_capacity_mbps": 153.03341112357725,
  "avg_goodput_mbps": 152.88370538135555,
  "avg_queue": 73.90666666666667,
  "final_capacity_mbps": 156.5752581945789,
  "final_goodput_mbps": 156.57525819457888,
  "final_queue": 75,
  "final_blocked_rate": 0.7882205513784462,
  "final_blocked_queue_cap_rate": 0.007936507936507936,
  "final_blocked_timeout_rate": 0.7802840434419381,
  "final_utilization": 1.0,
  "final_fairness": 0.9477478488339439,
  "avg_utilization": 0.9995833333333334,
  "avg_fairness": 0.9346195725321627,
  "avg_acceptance_rate": 0.9944079750518837,
  "avg_service_rate": 0.16807377479841087,
  "final_mean_served_delay_s": 15.342592592592593,
  "final_p95_served_delay_s": 20.0,
  "final_mean_timeout_delay_s": 20.0
}