{
  "scenario": "both_q5_t10",
  "strategy": "longest_queue_first",
  "seed": 47,
  "samples": 600,
  "avg_offered_load_mbps": 776.7866375396233,
  "avg_accepted_load_mbps": 752.0550862498252,
  "avg_capacity_mbps": 162.01077745427773,
  "avg_goodput_mbps": 160.9983913844372,
  "avg_queue": 35.01833333333333,
  "final_capacity_mbps": 162.59798530297584,
  "final_goodput_mbps": 161.13648868764182,
  "final_queue": 32,
  "final_blocked_rate": 0.7982456140350878,
  "final_blocked_queue_cap_rate": 0.034252297410192145,
  "final_blocked_timeout_rate": 0.7639933166248956,
  "final_utilization": 1.0,
  "final_fairness": 0.9719923398703956,
  "avg_utilization": 0.9995833333333334,
  "avg_fairness": 0.9593793100761145,
  "avg_acceptance_rate": 0.9670702394444559,
  "avg_service_rate": 0.1756115174601492,
  "final_mean_served_delay_s": 6.6496674057649665,
  "final_p95_served_delay_s": 10.0,
  "final_mean_timeout_delay_s": 10.0
}