{
  "scenario": "both_int6",
  "strategy": "round_robin",
  "seed": 50,
  "samples": 600,
  "avg_offered_load_mbps": 778.7999490711376,
  "avg_accepted_load_mbps": 620.3605160594808,
  "avg_capacity_mbps": 132.9786301178712,
  "avg_goodput_mbps": 132.7231836224879,
  "avg_queue": 59.14333333333333,
  "final_capacity_mbps": 135.08686498616305,
  "final_goodput_mbps": 135.08686498616305,
  "final_queue": 55,
  "final_blocked_rate": 0.8037844508432743,
  "final_blocked_queue_cap_rate": 0.20526532291238173,
  "final_blocked_timeout_rate": 0.5985191279308927,
  "final_utilization": 1.0,
  "final_fairness": 0.9710000308333091,
  "avg_utilization": 0.9983333333333333,
  "avg_fairness": 0.9420548584345934,
  "avg_acceptance_rate": 0.8125688985868357,
  "avg_service_rate": 0.17713235881124184,
  "final_mean_served_delay_s": 14.718009478672986,
  "final_p95_served_delay_s": 20.0,
  "final_mean_timeout_delay_s": 20.0
}