{
  "scenario": "both_ch64",
  "strategy": "longest_queue_first",
  "seed": 45,
  "samples": 600,
  "avg_offered_load_mbps": 787.1612102454801,
  "avg_accepted_load_mbps": 637.3573785301281,
  "avg_capacity_mbps": 204.97383603861425,
  "avg_goodput_mbps": 204.378528834656,
  "avg_queue": 57.385,
  "final_capacity_mbps": 199.60447920687682,
  "final_goodput_mbps": 199.60447920687682,
  "final_queue": 62,
  "final_blocked_rate": 0.7023809523809523,
  "final_blocked_queue_cap_rate": 0.18596059113300492,
  "final_blocked_timeout_rate": 0.5164203612479474,
  "final_utilization": 1.0,
  "final_fairness": 0.9695453560088735,
  "avg_utilization": 0.9971354166666667,
  "avg_fairness": 0.953381638381508,
  "avg_acceptance_rate": 0.8316195639302972,
  "avg_service_rate": 0.29992886977063143,
  "final_mean_served_delay_s": 13.894419306184012,
  "final_p95_served_delay_s": 20.0,
  "final_mean_timeout_delay_s": 20.0
}