{
  "scenario": "both_q15_t20",
  "strategy": "ppo_v4",
  "seed": 46,
  "episode_reward": 81.57988314026365,
  "episode_steps": 600,
  "samples": 600,
  "avg_offered_load_mbps": 752.7792334683929,
  "avg_accepted_load_mbps": 752.7792334683929,
  "avg_capacity_mbps": 160.4710352428631,
  "avg_goodput_mbps": 160.11570478931168,
  "avg_queue": 71.915,
  "final_capacity_mbps": 157.9320370936911,
  "final_goodput_mbps": 157.9320370936911,
  "final_queue": 65,
  "final_blocked_rate": 0.7759211653813196,
  "final_blocked_queue_cap_rate": 0.0,
  "final_blocked_timeout_rate": 0.7759211653813196,
  "final_utilization": 1.0,
  "final_fairness": 0.7315717010764378,
  "avg_utilization": 0.9985416666666667,
  "avg_fairness": 0.6510448402466037,
  "avg_acceptance_rate": 1.0,
  "avg_service_rate": 0.20492810222556357,
  "final_mean_served_delay_s": 14.927947598253276,
  "final_p95_served_delay_s": 20.0,
  "final_mean_timeout_delay_s": 20.0
}