{
  "scenario": "both_q5_t40",
  "strategy": "ppo_v4",
  "seed": 45,
  "episode_reward": 29.292941800355873,
  "episode_steps": 600,
  "samples": 600,
  "avg_offered_load_mbps": 787.1612102454801,
  "avg_accepted_load_mbps": 435.73803073145723,
  "avg_capacity_mbps": 155.18236515454282,
  "avg_goodput_mbps": 154.80994462557908,
  "avg_queue": 74.11833333333334,
  "final_capacity_mbps": 151.76629134525385,
  "final_goodput_mbps": 151.76629134525388,
  "final_queue": 68,
  "final_blocked_rate": 0.7680623973727422,
  "final_blocked_queue_cap_rate": 0.4523809523809524,
  "final_blocked_timeout_rate": 0.3156814449917898,
  "final_utilization": 1.0,
  "final_fairness": 0.646889027453917,
  "avg_utilization": 0.9985416666666667,
  "avg_fairness": 0.669615215491389,
  "avg_acceptance_rate": 0.6007257136054514,
  "avg_service_rate": 0.21525280474590033,
  "final_mean_served_delay_s": 25.907444668008047,
  "final_p95_served_delay_s": 40.0,
  "final_mean_timeout_delay_s": 40.0
}