{
  "scenario": "both_ch64",
  "strategy": "longest_queue_first",
  "seed": 47,
  "samples": 600,
  "avg_offered_load_mbps": 776.7866375396233,
  "avg_accepted_load_mbps": 635.1676731878173,
  "avg_capacity_mbps": 204.28582175206031,
  "avg_goodput_mbps": 203.89314899102607,
  "avg_queue": 58.0,
  "final_capacity_mbps": 209.6011238825589,
  "final_goodput_mbps": 209.60112388255894,
  "final_queue": 57,
  "final_blocked_rate": 0.7301587301587301,
  "final_blocked_queue_cap_rate": 0.18045112781954886,
  "final_blocked_timeout_rate": 0.5497076023391813,
  "final_utilization": 1.0,
  "final_fairness": 0.9517915669435748,
  "avg_utilization": 0.99875,
  "avg_fairness": 0.9524750016081835,
  "avg_acceptance_rate": 0.8186794999062823,
  "avg_service_rate": 0.22851058903506516,
  "final_mean_served_delay_s": 14.429541595925297,
  "final_p95_served_delay_s": 20.0,
  "final_mean_timeout_delay_s": 20.0
}