{
  "scenario": "both_q5_t10",
  "strategy": "proportional_fair",
  "seed": 47,
  "samples": 600,
  "avg_offered_load_mbps": 776.7866375396233,
  "avg_accepted_load_mbps": 754.8384627299375,
  "avg_capacity_mbps": 162.87333880103412,
  "avg_goodput_mbps": 162.61128992763548,
  "avg_queue": 35.55833333333333,
  "final_capacity_mbps": 165.07868199056787,
  "final_goodput_mbps": 165.07868199056787,
  "final_queue": 33,
  "final_blocked_rate": 0.7928153717627402,
  "final_blocked_queue_cap_rate": 0.031746031746031744,
  "final_blocked_timeout_rate": 0.7610693400167085,
  "final_utilization": 1.0,
  "final_fairness": 0.7146753310679338,
  "avg_utilization": 0.9995833333333334,
  "avg_fairness": 0.7317114897397781,
  "avg_acceptance_rate": 0.968382309943392,
  "avg_service_rate": 0.17737011668217073,
  "final_mean_served_delay_s": 7.347732181425486,
  "final_p95_served_delay_s": 10.0,
  "final_mean_timeout_delay_s": 10.0
}