{
  "scenario": "both_q5_t10",
  "strategy": "proportional_fair",
  "seed": 42,
  "samples": 600,
  "avg_offered_load_mbps": 766.2760178948384,
  "avg_accepted_load_mbps": 740.2916080736317,
  "avg_capacity_mbps": 162.0226967507048,
  "avg_goodput_mbps": 161.77156048453085,
  "avg_queue": 35.221666666666664,
  "final_capacity_mbps": 158.96036717202375,
  "final_goodput_mbps": 158.96036717202384,
  "final_queue": 39,
  "final_blocked_rate": 0.7832635983263598,
  "final_blocked_queue_cap_rate": 0.031799163179916316,
  "final_blocked_timeout_rate": 0.7514644351464436,
  "final_utilization": 1.0,
  "final_fairness": 0.6584075655054715,
  "avg_utilization": 0.99625,
  "avg_fairness": 0.7357206419949843,
  "avg_acceptance_rate": 0.972565872283458,
  "avg_service_rate": 0.19614439805523556,
  "final_mean_served_delay_s": 7.1941544885177455,
  "final_p95_served_delay_s": 10.0,
  "final_mean_timeout_delay_s": 10.0
}