{
  "scenario": "baseline_both",
  "strategy": "longest_queue_first",
  "seed": 45,
  "samples": 600,
  "avg_offered_load_mbps": 787.1612102454801,
  "avg_accepted_load_mbps": 628.605473877164,
  "avg_capacity_mbps": 153.55053459288857,
  "avg_goodput_mbps": 153.17234455849328,
  "avg_queue": 58.685,
  "final_capacity_mbps": 150.77055350707218,
  "final_goodput_mbps": 150.7705535070722,
  "final_queue": 61,
  "final_blocked_rate": 0.7672413793103449,
  "final_blocked_queue_cap_rate": 0.1986863711001642,
  "final_blocked_timeout_rate": 0.5685550082101807,
  "final_utilization": 1.0,
  "final_fairness": 0.9355135505806739,
  "avg_utilization": 0.9985416666666667,
  "avg_fairness": 0.9401926318670496,
  "avg_acceptance_rate": 0.8137038679357453,
  "avg_service_rate": 0.2308329869671808,
  "final_mean_served_delay_s": 14.460474308300395,
  "final_p95_served_delay_s": 20.0,
  "final_mean_timeout_delay_s": 20.0
}