{
  "scenario": "both_ch32",
  "strategy": "proportional_fair",
  "seed": 44,
  "samples": 600,
  "avg_offered_load_mbps": 764.4133077715236,
  "avg_accepted_load_mbps": 611.9297214260611,
  "avg_capacity_mbps": 106.45706933222205,
  "avg_goodput_mbps": 106.3816738256794,
  "avg_queue": 60.49333333333333,
  "final_capacity_mbps": 105.79530418829208,
  "final_goodput_mbps": 105.79530418829208,
  "final_queue": 61,
  "final_blocked_rate": 0.8367598684210527,
  "final_blocked_queue_cap_rate": 0.20148026315789475,
  "final_blocked_timeout_rate": 0.6352796052631579,
  "final_utilization": 1.0,
  "final_fairness": 0.849632084458553,
  "avg_utilization": 1.0,
  "avg_fairness": 0.8359165598610517,
  "avg_acceptance_rate": 0.8138499976758614,
  "avg_service_rate": 0.14616533758935601,
  "final_mean_served_delay_s": 15.125,
  "final_p95_served_delay_s": 20.0,
  "final_mean_timeout_delay_s": 20.0
}