{
  "scenario": "baseline_both",
  "strategy": "ppo",
  "seed": 46,
  "episode_reward": 85.55508307289716,
  "episode_steps": 600,
  "samples": 600,
  "avg_offered_load_mbps": 752.7792334683929,
  "avg_accepted_load_mbps": 604.2469020755859,
  "avg_capacity_mbps": 157.37538180084428,
  "avg_goodput_mbps": 156.87670522221075,
  "avg_queue": 56.74666666666667,
  "final_capacity_mbps": 157.89220069806623,
  "final_goodput_mbps": 157.89220069806623,
  "final_queue": 62,
  "final_blocked_rate": 0.7716366752356469,
  "final_blocked_queue_cap_rate": 0.18466152527849186,
  "final_blocked_timeout_rate": 0.586975149957155,
  "final_utilization": 1.0,
  "final_fairness": 0.8300434054001996,
  "avg_utilization": 0.9985416666666667,
  "avg_fairness": 0.7799673011115605,
  "avg_acceptance_rate": 0.819949511596294,
  "avg_service_rate": 0.20513477686830303,
  "final_mean_served_delay_s": 14.0,
  "final_p95_served_delay_s": 20.0,
  "final_mean_timeout_delay_s": 20.0
}