{
  "scenario": "baseline_both",
  "strategy": "proportional_fair",
  "seed": 46,
  "samples": 600,
  "avg_offered_load_mbps": 752.7792334683929,
  "avg_accepted_load_mbps": 613.9835594314096,
  "avg_capacity_mbps": 158.1720014318108,
  "avg_goodput_mbps": 158.10969650706588,
  "avg_queue": 58.123333333333335,
  "final_capacity_mbps": 158.71343739594784,
  "final_goodput_mbps": 158.71343739594786,
  "final_queue": 61,
  "final_blocked_rate": 0.7664952870608398,
  "final_blocked_queue_cap_rate": 0.17866323907455012,
  "final_blocked_timeout_rate": 0.5878320479862896,
  "final_utilization": 1.0,
  "final_fairness": 0.8380158383542243,
  "avg_utilization": 0.9985416666666667,
  "avg_fairness": 0.8193714594392092,
  "avg_acceptance_rate": 0.8248880430343631,
  "avg_service_rate": 0.20914516805941047,
  "final_mean_served_delay_s": 15.258264462809917,
  "final_p95_served_delay_s": 20.0,
  "final_mean_timeout_delay_s": 20.0
}