{
  "scenario": "both_int3",
  "strategy": "proportional_fair",
  "seed": 51,
  "samples": 600,
  "avg_offered_load_mbps": 770.4303003527792,
  "avg_accepted_load_mbps": 614.7591957704458,
  "avg_capacity_mbps": 178.10268235456948,
  "avg_goodput_mbps": 178.03922607645552,
  "avg_queue": 59.17333333333333,
  "final_capacity_mbps": 178.07716176358295,
  "final_goodput_mbps": 178.07716176358292,
  "final_queue": 53,
  "final_blocked_rate": 0.7597375973759738,
  "final_blocked_queue_cap_rate": 0.1972119721197212,
  "final_blocked_timeout_rate": 0.5625256252562526,
  "final_utilization": 1.0,
  "final_fairness": 0.755000206419335,
  "avg_utilization": 0.9989583333333333,
  "avg_fairness": 0.8254186821551712,
  "avg_acceptance_rate": 0.8259978460918651,
  "avg_service_rate": 0.2339159789674127,
  "final_mean_served_delay_s": 15.142589118198874,
  "final_p95_served_delay_s": 20.0,
  "final_mean_timeout_delay_s": 20.0
}