{
  "scenario": "baseline_both",
  "strategy": "proportional_fair",
  "seed": 49,
  "samples": 600,
  "avg_offered_load_mbps": 743.3465389769656,
  "avg_accepted_load_mbps": 602.4746327433847,
  "avg_capacity_mbps": 156.98177445800252,
  "avg_goodput_mbps": 156.747247514024,
  "avg_queue": 59.72,
  "final_capacity_mbps": 154.9008007069772,
  "final_goodput_mbps": 154.9008007069772,
  "final_queue": 65,
  "final_blocked_rate": 0.7678571428571429,
  "final_blocked_queue_cap_rate": 0.18480066445182725,
  "final_blocked_timeout_rate": 0.5830564784053156,
  "final_utilization": 1.0,
  "final_fairness": 0.8002819296264269,
  "avg_utilization": 0.99875,
  "avg_fairness": 0.8320713182798365,
  "avg_acceptance_rate": 0.8385991903293304,
  "avg_service_rate": 0.22778024295214125,
  "final_mean_served_delay_s": 15.279352226720647,
  "final_p95_served_delay_s": 20.0,
  "final_mean_timeout_delay_s": 20.0
}