{
  "scenario": "both_ch32",
  "strategy": "ppo_v4",
  "seed": 50,
  "episode_reward": -101.1515045950558,
  "episode_steps": 600,
  "samples": 600,
  "avg_offered_load_mbps": 778.7999490711376,
  "avg_accepted_load_mbps": 621.8518104871968,
  "avg_capacity_mbps": 107.14672755123169,
  "avg_goodput_mbps": 106.86771247092202,
  "avg_queue": 59.92,
  "final_capacity_mbps": 113.32757776001404,
  "final_goodput_mbps": 113.32757776001404,
  "final_queue": 60,
  "final_blocked_rate": 0.8371040723981901,
  "final_blocked_queue_cap_rate": 0.20937885643767998,
  "final_blocked_timeout_rate": 0.6277252159605101,
  "final_utilization": 1.0,
  "final_fairness": 0.6635666254749113,
  "avg_utilization": 0.9991666666666666,
  "avg_fairness": 0.7111033734066368,
  "avg_acceptance_rate": 0.8088402088982515,
  "avg_service_rate": 0.14232712039017015,
  "final_mean_served_delay_s": 15.148809523809524,
  "final_p95_served_delay_s": 20.0,
  "final_mean_timeout_delay_s": 20.0
}