{
  "scenario": "both_int6",
  "strategy": "proportional_fair",
  "seed": 44,
  "samples": 600,
  "avg_offered_load_mbps": 764.4133077715236,
  "avg_accepted_load_mbps": 614.0445683658476,
  "avg_capacity_mbps": 138.3562233121942,
  "avg_goodput_mbps": 138.20477414352808,
  "avg_queue": 60.07333333333333,
  "final_capacity_mbps": 143.0439084946815,
  "final_goodput_mbps": 143.04390849468152,
  "final_queue": 61,
  "final_blocked_rate": 0.7997532894736842,
  "final_blocked_queue_cap_rate": 0.1953125,
  "final_blocked_timeout_rate": 0.6044407894736842,
  "final_utilization": 1.0,
  "final_fairness": 0.8014975794019626,
  "avg_utilization": 0.9989583333333333,
  "avg_fairness": 0.8169375059151226,
  "avg_acceptance_rate": 0.8185551056153203,
  "avg_service_rate": 0.18881936375686645,
  "final_mean_served_delay_s": 15.070422535211268,
  "final_p95_served_delay_s": 20.0,
  "final_mean_timeout_delay_s": 20.0
}