{
  "scenario": "baseline_queue_cap",
  "strategy": "longest_queue_first",
  "seed": 50,
  "samples": 600,
  "avg_offered_load_mbps": 778.7999490711376,
  "avg_accepted_load_mbps": 629.3951267736733,
  "avg_capacity_mbps": 149.9724968109817,
  "avg_goodput_mbps": 149.84598543001968,
  "avg_queue": 922.3083333333333,
  "final_capacity_mbps": 151.98940548563883,
  "final_goodput_mbps": 151.98940548563885,
  "final_queue": 1515,
  "final_blocked_rate": 0.18922254216371864,
  "final_blocked_queue_cap_rate": 0.18922254216371864,
  "final_blocked_timeout_rate": 0.0,
  "final_utilization": 1.0,
  "final_fairness": 0.9224672915152777,
  "avg_utilization": 0.9983333333333333,
  "avg_fairness": 0.9449550738620733,
  "avg_acceptance_rate": 0.9727631891018729,
  "avg_service_rate": 0.18785475426058676,
  "final_mean_served_delay_s": 240.73245614035088,
  "final_p95_served_delay_s": 458.0,
  "final_mean_timeout_delay_s": 0.0
}