{
  "scenario": "baseline_both",
  "strategy": "greedy_backlog",
  "seed": 43,
  "samples": 600,
  "avg_offered_load_mbps": 759.8008368706072,
  "avg_accepted_load_mbps": 616.7720733926687,
  "avg_capacity_mbps": 193.304091134096,
  "avg_goodput_mbps": 193.2843842204492,
  "avg_queue": 60.3,
  "final_capacity_mbps": 190.5154700685171,
  "final_goodput_mbps": 190.5154700685171,
  "final_queue": 62,
  "final_blocked_rate": 0.7258326563769293,
  "final_blocked_queue_cap_rate": 0.18643379366368806,
  "final_blocked_timeout_rate": 0.5393988627132412,
  "final_utilization": 1.0,
  "final_fairness": 0.9829167855719163,
  "avg_utilization": 0.9985416666666667,
  "avg_fairness": 0.9849226448513718,
  "avg_acceptance_rate": 0.826514619918075,
  "avg_service_rate": 0.25121514979950843,
  "final_mean_served_delay_s": 15.742251223491028,
  "final_p95_served_delay_s": 20.0,
  "final_mean_timeout_delay_s": 20.0
}