{
  "scenario": "baseline_both",
  "strategy": "ppo",
  "seed": 51,
  "episode_reward": 68.79951052555194,
  "episode_steps": 600,
  "samples": 600,
  "avg_offered_load_mbps": 770.4303003527792,
  "avg_accepted_load_mbps": 610.3516938192301,
  "avg_capacity_mbps": 156.8742611396433,
  "avg_goodput_mbps": 156.47484243069988,
  "avg_queue": 58.335,
  "final_capacity_mbps": 155.77716413237007,
  "final_goodput_mbps": 149.74772738567978,
  "final_queue": 54,
  "final_blocked_rate": 0.7904879048790487,
  "final_blocked_queue_cap_rate": 0.2050020500205002,
  "final_blocked_timeout_rate": 0.5854858548585485,
  "final_utilization": 1.0,
  "final_fairness": 0.7003385574455612,
  "avg_utilization": 0.9989583333333333,
  "avg_fairness": 0.7780559863673208,
  "avg_acceptance_rate": 0.8176338996203083,
  "avg_service_rate": 0.20345836890435573,
  "final_mean_served_delay_s": 13.986870897155361,
  "final_p95_served_delay_s": 20.0,
  "final_mean_timeout_delay_s": 20.0
}