{
  "scenario": "both_int6",
  "strategy": "ppo_v4",
  "seed": 48,
  "episode_reward": -0.26155105053172256,
  "episode_steps": 600,
  "samples": 600,
  "avg_offered_load_mbps": 786.1313096884865,
  "avg_accepted_load_mbps": 637.7231914355422,
  "avg_capacity_mbps": 141.3446453875994,
  "avg_goodput_mbps": 140.95082382572906,
  "avg_queue": 59.79666666666667,
  "final_capacity_mbps": 141.77737177893852,
  "final_goodput_mbps": 141.77737177893854,
  "final_queue": 53,
  "final_blocked_rate": 0.8025556471558121,
  "final_blocked_queue_cap_rate": 0.19868095630667765,
  "final_blocked_timeout_rate": 0.6038746908491344,
  "final_utilization": 1.0,
  "final_fairness": 0.747528534200336,
  "avg_utilization": 0.9975,
  "avg_fairness": 0.633460604636506,
  "avg_acceptance_rate": 0.8176472321587529,
  "avg_service_rate": 0.17399771550298587,
  "final_mean_served_delay_s": 14.906103286384976,
  "final_p95_served_delay_s": 20.0,
  "final_mean_timeout_delay_s": 20.0
}