{
  "scenario": "both_ch32",
  "strategy": "round_robin",
  "seed": 43,
  "samples": 600,
  "avg_offered_load_mbps": 759.8008368706072,
  "avg_accepted_load_mbps": 595.2459893380139,
  "avg_capacity_mbps": 101.60645388071103,
  "avg_goodput_mbps": 101.40267188885264,
  "avg_queue": 60.18833333333333,
  "final_capacity_mbps": 101.68255281980626,
  "final_goodput_mbps": 101.68255281980623,
  "final_queue": 61,
  "final_blocked_rate": 0.8383428107229894,
  "final_blocked_queue_cap_rate": 0.2148659626320065,
  "final_blocked_timeout_rate": 0.6234768480909829,
  "final_utilization": 1.0,
  "final_fairness": 0.9490669980618239,
  "avg_utilization": 0.9998958333333333,
  "avg_fairness": 0.9218436499985943,
  "avg_acceptance_rate": 0.7968231743899888,
  "avg_service_rate": 0.13447757569908986,
  "final_mean_served_delay_s": 15.270029673590505,
  "final_p95_served_delay_s": 20.0,
  "final_mean_timeout_delay_s": 20.0
}