{
  "scenario": "both_q10_t20",
  "strategy": "ppo_v4",
  "seed": 50,
  "episode_reward": 63.89009968807331,
  "episode_steps": 600,
  "samples": 600,
  "avg_offered_load_mbps": 778.7999490711376,
  "avg_accepted_load_mbps": 771.333590682094,
  "avg_capacity_mbps": 157.4750270817819,
  "avg_goodput_mbps": 156.93568874508713,
  "avg_queue": 74.02,
  "final_capacity_mbps": 159.55854129826454,
  "final_goodput_mbps": 159.55854129826452,
  "final_queue": 80,
  "final_blocked_rate": 0.7725215960510078,
  "final_blocked_queue_cap_rate": 0.01316330728095434,
  "final_blocked_timeout_rate": 0.7593582887700535,
  "final_utilization": 1.0,
  "final_fairness": 0.6460158903659952,
  "avg_utilization": 0.9983333333333333,
  "avg_fairness": 0.6632938182771608,
  "avg_acceptance_rate": 0.9894963197288797,
  "avg_service_rate": 0.1995932019522625,
  "final_mean_served_delay_s": 15.050739957716702,
  "final_p95_served_delay_s": 20.0,
  "final_mean_timeout_delay_s": 20.0
}