{
  "scenario": "both_int3",
  "strategy": "longest_queue_first",
  "seed": 43,
  "samples": 600,
  "avg_offered_load_mbps": 759.8008368706072,
  "avg_accepted_load_mbps": 600.4373652415665,
  "avg_capacity_mbps": 174.1239049138732,
  "avg_goodput_mbps": 173.83952571843633,
  "avg_queue": 58.46333333333333,
  "final_capacity_mbps": 176.40254740913133,
  "final_goodput_mbps": 176.40254740913127,
  "final_queue": 62,
  "final_blocked_rate": 0.747766043866775,
  "final_blocked_queue_cap_rate": 0.20430544272948822,
  "final_blocked_timeout_rate": 0.5434606011372868,
  "final_utilization": 1.0,
  "final_fairness": 0.9419064831787287,
  "avg_utilization": 0.9985416666666667,
  "avg_fairness": 0.9430161500599725,
  "avg_acceptance_rate": 0.8094375622456882,
  "avg_service_rate": 0.22844858455250996,
  "final_mean_served_delay_s": 14.813953488372093,
  "final_p95_served_delay_s": 20.0,
  "final_mean_timeout_delay_s": 20.0
}