{
  "scenario": "both_q5_t10",
  "strategy": "ppo_v4",
  "seed": 44,
  "episode_reward": 130.0219016436571,
  "episode_steps": 600,
  "samples": 600,
  "avg_offered_load_mbps": 764.4133077715236,
  "avg_accepted_load_mbps": 740.7937392075797,
  "avg_capacity_mbps": 167.52093856101786,
  "avg_goodput_mbps": 165.616711562301,
  "avg_queue": 35.086666666666666,
  "final_capacity_mbps": 158.0581150988158,
  "final_goodput_mbps": 158.0581150988158,
  "final_queue": 37,
  "final_blocked_rate": 0.7680921052631579,
  "final_blocked_queue_cap_rate": 0.03536184210526316,
  "final_blocked_timeout_rate": 0.7327302631578947,
  "final_utilization": 1.0,
  "final_fairness": 0.7231706579404621,
  "avg_utilization": 0.9989583333333333,
  "avg_fairness": 0.6781518421819327,
  "avg_acceptance_rate": 0.9619596227421436,
  "avg_service_rate": 0.24081845161581739,
  "final_mean_served_delay_s": 6.743833017077799,
  "final_p95_served_delay_s": 10.0,
  "final_mean_timeout_delay_s": 10.0
}