{
  "scenario": "baseline_timeout",
  "strategy": "longest_queue_first",
  "seed": 46,
  "samples": 600,
  "avg_offered_load_mbps": 752.7792334683929,
  "avg_accepted_load_mbps": 752.7792334683929,
  "avg_capacity_mbps": 153.46969689205835,
  "avg_goodput_mbps": 153.29137197162518,
  "avg_queue": 72.475,
  "final_capacity_mbps": 156.35958898975602,
  "final_goodput_mbps": 156.35958898975605,
  "final_queue": 66,
  "final_blocked_rate": 0.7832047986289632,
  "final_blocked_queue_cap_rate": 0.0,
  "final_blocked_timeout_rate": 0.7832047986289632,
  "final_utilization": 1.0,
  "final_fairness": 0.9454216427607078,
  "avg_utilization": 0.9985416666666667,
  "avg_fairness": 0.9379166812471333,
  "avg_acceptance_rate": 1.0,
  "avg_service_rate": 0.193073080225581,
  "final_mean_served_delay_s": 15.445454545454545,
  "final_p95_served_delay_s": 20.0,
  "final_mean_timeout_delay_s": 20.0
}