{
  "scenario": "both_ch32",
  "strategy": "longest_queue_first",
  "seed": 42,
  "samples": 600,
  "avg_offered_load_mbps": 766.2760178948384,
  "avg_accepted_load_mbps": 612.261907284808,
  "avg_capacity_mbps": 101.74788275778214,
  "avg_goodput_mbps": 101.59933928960233,
  "avg_queue": 60.1,
  "final_capacity_mbps": 101.61672900809896,
  "final_goodput_mbps": 101.61672900809894,
  "final_queue": 73,
  "final_blocked_rate": 0.8389121338912134,
  "final_blocked_queue_cap_rate": 0.19288702928870294,
  "final_blocked_timeout_rate": 0.6460251046025105,
  "final_utilization": 1.0,
  "final_fairness": 0.8925633937340732,
  "avg_utilization": 0.9983333333333333,
  "avg_fairness": 0.911141165313476,
  "avg_acceptance_rate": 0.824093425527879,
  "avg_service_rate": 0.13977081094795388,
  "final_mean_served_delay_s": 14.98076923076923,
  "final_p95_served_delay_s": 20.0,
  "final_mean_timeout_delay_s": 20.0
}