{
  "scenario": "both_q5_t40",
  "strategy": "round_robin",
  "seed": 44,
  "samples": 600,
  "avg_offered_load_mbps": 764.4133077715236,
  "avg_accepted_load_mbps": 411.57141292402423,
  "avg_capacity_mbps": 151.14024122300856,
  "avg_goodput_mbps": 150.8546784466366,
  "avg_queue": 75.98833333333333,
  "final_capacity_mbps": 153.8588202669597,
  "final_goodput_mbps": 153.8588202669597,
  "final_queue": 78,
  "final_blocked_rate": 0.7611019736842105,
  "final_blocked_queue_cap_rate": 0.45024671052631576,
  "final_blocked_timeout_rate": 0.31085526315789475,
  "final_utilization": 1.0,
  "final_fairness": 0.9663380829026595,
  "avg_utilization": 0.9989583333333333,
  "avg_fairness": 0.9432282814063007,
  "avg_acceptance_rate": 0.5937566513773701,
  "avg_service_rate": 0.2341652863039691,
  "final_mean_served_delay_s": 28.807157057654077,
  "final_p95_served_delay_s": 40.0,
  "final_mean_timeout_delay_s": 40.0
}