{
  "scenario": "baseline_both",
  "strategy": "round_robin",
  "seed": 51,
  "samples": 600,
  "avg_offered_load_mbps": 770.4303003527792,
  "avg_accepted_load_mbps": 608.9357843845119,
  "avg_capacity_mbps": 152.93879261337204,
  "avg_goodput_mbps": 152.54934837344368,
  "avg_queue": 58.34166666666667,
  "final_capacity_mbps": 153.57053018346738,
  "final_goodput_mbps": 153.5705301834674,
  "final_queue": 51,
  "final_blocked_rate": 0.7892578925789258,
  "final_blocked_queue_cap_rate": 0.2058220582205822,
  "final_blocked_timeout_rate": 0.5834358343583436,
  "final_utilization": 1.0,
  "final_fairness": 0.9647761146471019,
  "avg_utilization": 0.9989583333333333,
  "avg_fairness": 0.9474529271511136,
  "avg_acceptance_rate": 0.8159164441143218,
  "avg_service_rate": 0.2004097419815376,
  "final_mean_served_delay_s": 14.049676025917927,
  "final_p95_served_delay_s": 20.0,
  "final_mean_timeout_delay_s": 20.0
}