{
  "scenario": "both_q10_t20",
  "strategy": "ppo_v4",
  "seed": 51,
  "episode_reward": 68.84907692636008,
  "episode_steps": 600,
  "samples": 600,
  "avg_offered_load_mbps": 770.4303003527792,
  "avg_accepted_load_mbps": 764.1785269941093,
  "avg_capacity_mbps": 158.8952860998916,
  "avg_goodput_mbps": 158.4236090301633,
  "avg_queue": 74.13833333333334,
  "final_capacity_mbps": 158.60435380791978,
  "final_goodput_mbps": 158.60435380791975,
  "final_queue": 78,
  "final_blocked_rate": 0.7728577285772857,
  "final_blocked_queue_cap_rate": 0.009020090200902008,
  "final_blocked_timeout_rate": 0.7638376383763837,
  "final_utilization": 1.0,
  "final_fairness": 0.6218969625280296,
  "avg_utilization": 0.9989583333333333,
  "avg_fairness": 0.6551615608481421,
  "avg_acceptance_rate": 0.9939108689860804,
  "avg_service_rate": 0.2145831609071539,
  "final_mean_served_delay_s": 14.521008403361344,
  "final_p95_served_delay_s": 20.0,
  "final_mean_timeout_delay_s": 20.0
}