{
  "scenario": "both_int3",
  "strategy": "greedy_backlog",
  "seed": 43,
  "samples": 600,
  "avg_offered_load_mbps": 759.8008368706072,
  "avg_accepted_load_mbps": 620.3548620210679,
  "avg_capacity_mbps": 202.74004009282268,
  "avg_goodput_mbps": 202.71687915516367,
  "avg_queue": 60.18666666666667,
  "final_capacity_mbps": 198.64625425061993,
  "final_goodput_mbps": 198.64625425061996,
  "final_queue": 61,
  "final_blocked_rate": 0.7164906580016247,
  "final_blocked_queue_cap_rate": 0.1852152721364744,
  "final_blocked_timeout_rate": 0.5312753858651503,
  "final_utilization": 1.0,
  "final_fairness": 0.9857300922076575,
  "avg_utilization": 0.9985416666666667,
  "avg_fairness": 0.9869796537352761,
  "avg_acceptance_rate": 0.8275111566284178,
  "avg_service_rate": 0.2591876303116123,
  "final_mean_served_delay_s": 15.737833594976452,
  "final_p95_served_delay_s": 20.0,
  "final_mean_timeout_delay_s": 20.0
}