{
  "scenario": "baseline",
  "strategy": "round_robin",
  "seed": 45,
  "samples": 600,
  "avg_offered_load_mbps": 36.176089856061935,
  "avg_accepted_load_mbps": 36.176089856061935,
  "avg_capacity_mbps": 45.808425513798305,
  "avg_goodput_mbps": 36.15015950031472,
  "avg_queue": 1.105,
  "final_capacity_mbps": 26.674257877442603,
  "final_goodput_mbps": 26.674257877442603,
  "final_queue": 1,
  "final_blocked_rate": 0.0,
  "final_blocked_queue_cap_rate": 0.0,
  "final_blocked_timeout_rate": 0.0,
  "final_utilization": 0.125,
  "final_fairness": 1.0,
  "avg_utilization": 0.21791666666666668,
  "avg_fairness": 0.8351401451804836,
  "avg_acceptance_rate": 1.0,
  "avg_service_rate": 0.9834036903928325,
  "final_mean_served_delay_s": 2.432900432900433,
  "final_p95_served_delay_s": 6.0,
  "final_mean_timeout_delay_s": 0.0
}