{
  "scenario": "both_q5_t10",
  "strategy": "ppo_v4",
  "seed": 48,
  "episode_reward": 126.71489404784231,
  "episode_steps": 600,
  "samples": 600,
  "avg_offered_load_mbps": 786.1313096884865,
  "avg_accepted_load_mbps": 756.9170528854715,
  "avg_capacity_mbps": 167.21991732206342,
  "avg_goodput_mbps": 165.7036538603481,
  "avg_queue": 35.48166666666667,
  "final_capacity_mbps": 160.31002206516345,
  "final_goodput_mbps": 160.31002206516342,
  "final_queue": 24,
  "final_blocked_rate": 0.7852431986809563,
  "final_blocked_queue_cap_rate": 0.03709810387469085,
  "final_blocked_timeout_rate": 0.7481450948062655,
  "final_utilization": 1.0,
  "final_fairness": 0.7591162109075172,
  "avg_utilization": 0.9975,
  "avg_fairness": 0.6761005229770802,
  "avg_acceptance_rate": 0.9587230925310943,
  "avg_service_rate": 0.19828909061946243,
  "final_mean_served_delay_s": 7.022132796780684,
  "final_p95_served_delay_s": 10.0,
  "final_mean_timeout_delay_s": 10.0
}