{
  "scenario": "both_q10_t20",
  "strategy": "ppo_v4",
  "seed": 42,
  "episode_reward": 67.20339482204527,
  "episode_steps": 600,
  "samples": 600,
  "avg_offered_load_mbps": 766.2760178948384,
  "avg_accepted_load_mbps": 762.4486799761595,
  "avg_capacity_mbps": 158.33675462412822,
  "avg_goodput_mbps": 157.79701375850064,
  "avg_queue": 72.79833333333333,
  "final_capacity_mbps": 156.12030133355066,
  "final_goodput_mbps": 156.12030133355066,
  "final_queue": 92,
  "final_blocked_rate": 0.7610878661087866,
  "final_blocked_queue_cap_rate": 0.0041841004184100415,
  "final_blocked_timeout_rate": 0.7569037656903765,
  "final_utilization": 1.0,
  "final_fairness": 0.6796724749905261,
  "avg_utilization": 0.99625,
  "avg_fairness": 0.6575774960637636,
  "avg_acceptance_rate": 0.9966329555581198,
  "avg_service_rate": 0.19886719799084998,
  "final_mean_served_delay_s": 14.64509394572025,
  "final_p95_served_delay_s": 20.0,
  "final_mean_timeout_delay_s": 20.0
}