{
  "scenario": "both_ch32",
  "strategy": "proportional_fair",
  "seed": 47,
  "samples": 600,
  "avg_offered_load_mbps": 776.7866375396233,
  "avg_accepted_load_mbps": 623.8755578044685,
  "avg_capacity_mbps": 106.75872759839534,
  "avg_goodput_mbps": 106.73265769372755,
  "avg_queue": 60.64833333333333,
  "final_capacity_mbps": 105.44866133381812,
  "final_goodput_mbps": 105.44866133381812,
  "final_queue": 62,
  "final_blocked_rate": 0.847953216374269,
  "final_blocked_queue_cap_rate": 0.1934001670843776,
  "final_blocked_timeout_rate": 0.6545530492898914,
  "final_utilization": 1.0,
  "final_fairness": 0.8006580406212112,
  "avg_utilization": 1.0,
  "avg_fairness": 0.8278703235921822,
  "avg_acceptance_rate": 0.8060337021455707,
  "avg_service_rate": 0.11761209106710614,
  "final_mean_served_delay_s": 15.586092715231787,
  "final_p95_served_delay_s": 20.0,
  "final_mean_timeout_delay_s": 20.0
}