{
  "scenario": "baseline_both",
  "strategy": "ppo",
  "seed": 43,
  "episode_reward": 3.381355010585766,
  "episode_steps": 600,
  "samples": 600,
  "avg_offered_load_mbps": 759.8008368706072,
  "avg_accepted_load_mbps": 604.4725993025504,
  "avg_capacity_mbps": 153.76907483205972,
  "avg_goodput_mbps": 153.3702113474117,
  "avg_queue": 58.641666666666666,
  "final_capacity_mbps": 153.62178372579257,
  "final_goodput_mbps": 153.62178372579254,
  "final_queue": 62,
  "final_blocked_rate": 0.7696994313566207,
  "final_blocked_queue_cap_rate": 0.20714865962632006,
  "final_blocked_timeout_rate": 0.5625507717303005,
  "final_utilization": 1.0,
  "final_fairness": 0.9637769180695239,
  "avg_utilization": 0.9985416666666667,
  "avg_fairness": 0.9293314218949645,
  "avg_acceptance_rate": 0.8032390041385776,
  "avg_service_rate": 0.20148200733872687,
  "final_mean_served_delay_s": 14.62970297029703,
  "final_p95_served_delay_s": 20.0,
  "final_mean_timeout_delay_s": 20.0
}