{
  "scenario": "both_ch64",
  "strategy": "proportional_fair",
  "seed": 42,
  "samples": 600,
  "avg_offered_load_mbps": 766.2760178948384,
  "avg_accepted_load_mbps": 622.8424871144753,
  "avg_capacity_mbps": 204.2671414066839,
  "avg_goodput_mbps": 204.0696368652074,
  "avg_queue": 58.24666666666667,
  "final_capacity_mbps": 207.41755365348757,
  "final_goodput_mbps": 207.41755365348757,
  "final_queue": 70,
  "final_blocked_rate": 0.7020920502092051,
  "final_blocked_queue_cap_rate": 0.17364016736401675,
  "final_blocked_timeout_rate": 0.5284518828451883,
  "final_utilization": 1.0,
  "final_fairness": 0.8033301402622699,
  "avg_utilization": 0.9945833333333334,
  "avg_fairness": 0.8156981087114118,
  "avg_acceptance_rate": 0.8403554972681376,
  "avg_service_rate": 0.26050999349872117,
  "final_mean_served_delay_s": 14.950155763239875,
  "final_p95_served_delay_s": 20.0,
  "final_mean_timeout_delay_s": 20.0
}