{
  "scenario": "both_q5_t40",
  "strategy": "ppo_v4",
  "seed": 51,
  "episode_reward": 12.838295934868183,
  "episode_steps": 600,
  "samples": 600,
  "avg_offered_load_mbps": 770.4303003527792,
  "avg_accepted_load_mbps": 429.95239701228303,
  "avg_capacity_mbps": 151.88769886462035,
  "avg_goodput_mbps": 151.69052733751917,
  "avg_queue": 76.55,
  "final_capacity_mbps": 160.73593206595606,
  "final_goodput_mbps": 160.73593206595604,
  "final_queue": 70,
  "final_blocked_rate": 0.7847478474784748,
  "final_blocked_queue_cap_rate": 0.44977449774497746,
  "final_blocked_timeout_rate": 0.33497334973349735,
  "final_utilization": 1.0,
  "final_fairness": 0.589111887386353,
  "avg_utilization": 0.9989583333333333,
  "avg_fairness": 0.6899903791147906,
  "avg_acceptance_rate": 0.5986608229527284,
  "avg_service_rate": 0.20283305713086544,
  "final_mean_served_delay_s": 27.2021978021978,
  "final_p95_served_delay_s": 40.0,
  "final_mean_timeout_delay_s": 40.0
}