{
  "scenario": "baseline_both",
  "strategy": "ppo",
  "seed": 48,
  "episode_reward": 69.2866905069586,
  "episode_steps": 600,
  "samples": 600,
  "avg_offered_load_mbps": 786.1313096884865,
  "avg_accepted_load_mbps": 638.4394885521926,
  "avg_capacity_mbps": 161.70768960612398,
  "avg_goodput_mbps": 161.17484898207272,
  "avg_queue": 59.26166666666666,
  "final_capacity_mbps": 160.7027066014945,
  "final_goodput_mbps": 160.70270660149447,
  "final_queue": 53,
  "final_blocked_rate": 0.7802967848309975,
  "final_blocked_queue_cap_rate": 0.19497114591920858,
  "final_blocked_timeout_rate": 0.5853256389117889,
  "final_utilization": 1.0,
  "final_fairness": 0.7459962582459646,
  "avg_utilization": 0.9975,
  "avg_fairness": 0.6408005921565639,
  "avg_acceptance_rate": 0.8206044160276701,
  "avg_service_rate": 0.20231547295991953,
  "final_mean_served_delay_s": 14.577083333333333,
  "final_p95_served_delay_s": 20.0,
  "final_mean_timeout_delay_s": 20.0
}