{
  "scenario": "baseline_both",
  "strategy": "proportional_fair",
  "seed": 50,
  "samples": 600,
  "avg_offered_load_mbps": 778.7999490711376,
  "avg_accepted_load_mbps": 631.4508299725902,
  "avg_capacity_mbps": 157.9220788711997,
  "avg_goodput_mbps": 157.82533747522055,
  "avg_queue": 59.68,
  "final_capacity_mbps": 161.78301372420245,
  "final_goodput_mbps": 161.78301372420242,
  "final_queue": 58,
  "final_blocked_rate": 0.7795146030440148,
  "final_blocked_queue_cap_rate": 0.1958041958041958,
  "final_blocked_timeout_rate": 0.583710407239819,
  "final_utilization": 1.0,
  "final_fairness": 0.7524403137457936,
  "avg_utilization": 0.9983333333333333,
  "avg_fairness": 0.8221905772915238,
  "avg_acceptance_rate": 0.8242502057685195,
  "avg_service_rate": 0.21013421948000843,
  "final_mean_served_delay_s": 15.242677824267782,
  "final_p95_served_delay_s": 20.0,
  "final_mean_timeout_delay_s": 20.0
}