{
  "scenario": "both_int3",
  "strategy": "round_robin",
  "seed": 50,
  "samples": 600,
  "avg_offered_load_mbps": 778.7999490711376,
  "avg_accepted_load_mbps": 629.556270126596,
  "avg_capacity_mbps": 173.47658952571152,
  "avg_goodput_mbps": 173.00001898444478,
  "avg_queue": 58.045,
  "final_capacity_mbps": 174.47527677868808,
  "final_goodput_mbps": 174.47527677868808,
  "final_queue": 54,
  "final_blocked_rate": 0.7585355820649938,
  "final_blocked_queue_cap_rate": 0.19909502262443438,
  "final_blocked_timeout_rate": 0.5594405594405595,
  "final_utilization": 1.0,
  "final_fairness": 0.9721448280885548,
  "avg_utilization": 0.9983333333333333,
  "avg_fairness": 0.9530512819191085,
  "avg_acceptance_rate": 0.8200156575655596,
  "avg_service_rate": 0.2275755647407665,
  "final_mean_served_delay_s": 14.25891181988743,
  "final_p95_served_delay_s": 20.0,
  "final_mean_timeout_delay_s": 20.0
}