{
  "scenario": "both_int3",
  "strategy": "longest_queue_first",
  "seed": 49,
  "samples": 600,
  "avg_offered_load_mbps": 743.3465389769656,
  "avg_accepted_load_mbps": 601.4920600761652,
  "avg_capacity_mbps": 174.02776215490593,
  "avg_goodput_mbps": 173.3985774051111,
  "avg_queue": 58.335,
  "final_capacity_mbps": 176.5599258176961,
  "final_goodput_mbps": 176.55992581769607,
  "final_queue": 61,
  "final_blocked_rate": 0.7441860465116279,
  "final_blocked_queue_cap_rate": 0.18480066445182725,
  "final_blocked_timeout_rate": 0.5593853820598007,
  "final_utilization": 1.0,
  "final_fairness": 0.9308863374017348,
  "avg_utilization": 0.99875,
  "avg_fairness": 0.9449062876155383,
  "avg_acceptance_rate": 0.8371635209678155,
  "avg_service_rate": 0.2534853446096422,
  "final_mean_served_delay_s": 14.345945945945946,
  "final_p95_served_delay_s": 20.0,
  "final_mean_timeout_delay_s": 20.0
}