{
  "scenario": "both_int3",
  "strategy": "longest_queue_first",
  "seed": 51,
  "samples": 600,
  "avg_offered_load_mbps": 770.4303003527792,
  "avg_accepted_load_mbps": 610.4724704635618,
  "avg_capacity_mbps": 174.13047107792912,
  "avg_goodput_mbps": 173.81643494749315,
  "avg_queue": 58.303333333333335,
  "final_capacity_mbps": 175.487543788456,
  "final_goodput_mbps": 175.487543788456,
  "final_queue": 51,
  "final_blocked_rate": 0.7572775727757277,
  "final_blocked_queue_cap_rate": 0.2000820008200082,
  "final_blocked_timeout_rate": 0.5571955719557196,
  "final_utilization": 1.0,
  "final_fairness": 0.9490820682735293,
  "avg_utilization": 0.9989583333333333,
  "avg_fairness": 0.9427701963259729,
  "avg_acceptance_rate": 0.8226062017395407,
  "avg_service_rate": 0.2321856520735097,
  "final_mean_served_delay_s": 14.491682070240296,
  "final_p95_served_delay_s": 20.0,
  "final_mean_timeout_delay_s": 20.0
}