{
  "scenario": "baseline_queue_cap",
  "strategy": "proportional_fair",
  "seed": 51,
  "samples": 600,
  "avg_offered_load_mbps": 770.4303003527792,
  "avg_accepted_load_mbps": 624.7789370411912,
  "avg_capacity_mbps": 151.66106946660412,
  "avg_goodput_mbps": 151.61574288583066,
  "avg_queue": 911.82,
  "final_capacity_mbps": 151.354474177214,
  "final_goodput_mbps": 151.35447417721406,
  "final_queue": 1501,
  "final_blocked_rate": 0.18327183271832717,
  "final_blocked_queue_cap_rate": 0.18327183271832717,
  "final_blocked_timeout_rate": 0.0,
  "final_utilization": 1.0,
  "final_fairness": 0.9287995867242527,
  "avg_utilization": 0.9989583333333333,
  "avg_fairness": 0.9020459266870301,
  "avg_acceptance_rate": 0.9722983202506773,
  "avg_service_rate": 0.2101999200360648,
  "final_mean_served_delay_s": 231.4358452138493,
  "final_p95_served_delay_s": 436.0,
  "final_mean_timeout_delay_s": 0.0
}