{
  "scenario": "baseline_both",
  "strategy": "ppo",
  "seed": 43,
  "episode_reward": 75.12502950821141,
  "episode_steps": 600,
  "samples": 600,
  "avg_offered_load_mbps": 759.8008368706072,
  "avg_accepted_load_mbps": 611.9573835521737,
  "avg_capacity_mbps": 159.5142084898056,
  "avg_goodput_mbps": 159.03500661478202,
  "avg_queue": 58.67333333333333,
  "final_capacity_mbps": 157.28705237448847,
  "final_goodput_mbps": 157.28705237448847,
  "final_queue": 60,
  "final_blocked_rate": 0.760357432981316,
  "final_blocked_queue_cap_rate": 0.19861900893582454,
  "final_blocked_timeout_rate": 0.5617384240454915,
  "final_utilization": 1.0,
  "final_fairness": 0.7177819242088119,
  "avg_utilization": 0.9985416666666667,
  "avg_fairness": 0.6603074374092809,
  "avg_acceptance_rate": 0.8145466397713929,
  "avg_service_rate": 0.21619626410908144,
  "final_mean_served_delay_s": 14.181132075471698,
  "final_p95_served_delay_s": 20.0,
  "final_mean_timeout_delay_s": 20.0
}