{
  "scenario": "both_ch64",
  "strategy": "round_robin",
  "seed": 49,
  "samples": 600,
  "avg_offered_load_mbps": 743.3465389769656,
  "avg_accepted_load_mbps": 609.534747028886,
  "avg_capacity_mbps": 204.52447981502323,
  "avg_goodput_mbps": 203.44503509784985,
  "avg_queue": 57.14333333333333,
  "final_capacity_mbps": 204.24762123802648,
  "final_goodput_mbps": 204.24762123802648,
  "final_queue": 62,
  "final_blocked_rate": 0.7001661129568106,
  "final_blocked_queue_cap_rate": 0.1798172757475083,
  "final_blocked_timeout_rate": 0.5203488372093024,
  "final_utilization": 1.0,
  "final_fairness": 0.9635792152779105,
  "avg_utilization": 0.9961979166666667,
  "avg_fairness": 0.9605412172027527,
  "avg_acceptance_rate": 0.8417704194898897,
  "avg_service_rate": 0.2969699510654879,
  "final_mean_served_delay_s": 13.959090909090909,
  "final_p95_served_delay_s": 20.0,
  "final_mean_timeout_delay_s": 20.0
}