{
  "scenario": "baseline_timeout",
  "strategy": "proportional_fair",
  "seed": 50,
  "samples": 600,
  "avg_offered_load_mbps": 778.7999490711376,
  "avg_accepted_load_mbps": 778.7999490711376,
  "avg_capacity_mbps": 159.58466872781167,
  "avg_goodput_mbps": 159.50484748690735,
  "avg_queue": 75.96833333333333,
  "final_capacity_mbps": 161.23809789600003,
  "final_goodput_mbps": 161.23809789600003,
  "final_queue": 84,
  "final_blocked_rate": 0.7688194158782394,
  "final_blocked_queue_cap_rate": 0.0,
  "final_blocked_timeout_rate": 0.7688194158782394,
  "final_utilization": 1.0,
  "final_fairness": 0.7090927603526307,
  "avg_utilization": 0.9983333333333333,
  "avg_fairness": 0.7691995711670458,
  "avg_acceptance_rate": 1.0,
  "avg_service_rate": 0.20687655324421061,
  "final_mean_served_delay_s": 16.253138075313807,
  "final_p95_served_delay_s": 20.0,
  "final_mean_timeout_delay_s": 20.0
}