{
  "scenario": "baseline_both",
  "strategy": "proportional_fair",
  "seed": 44,
  "samples": 600,
  "avg_offered_load_mbps": 764.4133077715236,
  "avg_accepted_load_mbps": 618.9194433773188,
  "avg_capacity_mbps": 157.52520252110395,
  "avg_goodput_mbps": 157.35051008445282,
  "avg_queue": 59.593333333333334,
  "final_capacity_mbps": 163.5985807482128,
  "final_goodput_mbps": 163.5985807482128,
  "final_queue": 61,
  "final_blocked_rate": 0.766858552631579,
  "final_blocked_queue_cap_rate": 0.19161184210526316,
  "final_blocked_timeout_rate": 0.5752467105263158,
  "final_utilization": 1.0,
  "final_fairness": 0.7609363641530632,
  "avg_utilization": 0.9989583333333333,
  "avg_fairness": 0.8214831333791025,
  "avg_acceptance_rate": 0.8209847267452894,
  "avg_service_rate": 0.2254365601191887,
  "final_mean_served_delay_s": 15.096837944664031,
  "final_p95_served_delay_s": 20.0,
  "final_mean_timeout_delay_s": 20.0
}