{
  "scenario": "both_q10_t20",
  "strategy": "greedy_backlog",
  "seed": 44,
  "samples": 600,
  "avg_offered_load_mbps": 764.4133077715236,
  "avg_accepted_load_mbps": 758.5929529088121,
  "avg_capacity_mbps": 192.36660210962967,
  "avg_goodput_mbps": 192.21032649808876,
  "avg_queue": 74.52833333333334,
  "final_capacity_mbps": 192.5612585364487,
  "final_goodput_mbps": 192.56125853644866,
  "final_queue": 77,
  "final_blocked_rate": 0.717516447368421,
  "final_blocked_queue_cap_rate": 0.007401315789473684,
  "final_blocked_timeout_rate": 0.7101151315789473,
  "final_utilization": 1.0,
  "final_fairness": 0.9888288603317824,
  "avg_utilization": 0.9989583333333333,
  "avg_fairness": 0.9835331837117436,
  "avg_acceptance_rate": 0.9941597050811585,
  "avg_service_rate": 0.2654375823144917,
  "final_mean_served_delay_s": 16.34426229508197,
  "final_p95_served_delay_s": 20.0,
  "final_mean_timeout_delay_s": 20.0
}