{
  "scenario": "both_int6",
  "strategy": "longest_queue_first",
  "seed": 44,
  "samples": 600,
  "avg_offered_load_mbps": 764.4133077715236,
  "avg_accepted_load_mbps": 615.0302422934312,
  "avg_capacity_mbps": 133.53209823185773,
  "avg_goodput_mbps": 133.22600312037693,
  "avg_queue": 59.35,
  "final_capacity_mbps": 135.30485519141038,
  "final_goodput_mbps": 135.30485519141035,
  "final_queue": 60,
  "final_blocked_rate": 0.8046875,
  "final_blocked_queue_cap_rate": 0.19860197368421054,
  "final_blocked_timeout_rate": 0.6060855263157895,
  "final_utilization": 1.0,
  "final_fairness": 0.9461735454938984,
  "avg_utilization": 0.9989583333333333,
  "avg_fairness": 0.9353263967988048,
  "avg_acceptance_rate": 0.8155875713095035,
  "avg_service_rate": 0.1910048911431698,
  "final_mean_served_delay_s": 14.23855421686747,
  "final_p95_served_delay_s": 20.0,
  "final_mean_timeout_delay_s": 20.0
}