{
  "scenario": "both_int6",
  "strategy": "proportional_fair",
  "seed": 43,
  "samples": 600,
  "avg_offered_load_mbps": 759.8008368706072,
  "avg_accepted_load_mbps": 599.8836109953314,
  "avg_capacity_mbps": 138.99939483699023,
  "avg_goodput_mbps": 138.965090536522,
  "avg_queue": 60.05166666666667,
  "final_capacity_mbps": 140.55234912263435,
  "final_goodput_mbps": 140.55234912263433,
  "final_queue": 63,
  "final_blocked_rate": 0.7932575142160845,
  "final_blocked_queue_cap_rate": 0.20633631194151097,
  "final_blocked_timeout_rate": 0.5869212022745736,
  "final_utilization": 1.0,
  "final_fairness": 0.8482646142575548,
  "avg_utilization": 0.9985416666666667,
  "avg_fairness": 0.8110720752489087,
  "avg_acceptance_rate": 0.8078532213009375,
  "avg_service_rate": 0.177460788125799,
  "final_mean_served_delay_s": 15.621076233183857,
  "final_p95_served_delay_s": 20.0,
  "final_mean_timeout_delay_s": 20.0
}