{
  "scenario": "both_int3",
  "strategy": "greedy_backlog",
  "seed": 47,
  "samples": 600,
  "avg_offered_load_mbps": 776.7866375396233,
  "avg_accepted_load_mbps": 648.4507143764022,
  "avg_capacity_mbps": 202.4226247384176,
  "avg_goodput_mbps": 202.3274884781944,
  "avg_queue": 59.983333333333334,
  "final_capacity_mbps": 209.4730793755588,
  "final_goodput_mbps": 209.47307937555883,
  "final_queue": 61,
  "final_blocked_rate": 0.7293233082706767,
  "final_blocked_queue_cap_rate": 0.1683375104427736,
  "final_blocked_timeout_rate": 0.5609857978279031,
  "final_utilization": 1.0,
  "final_fairness": 0.9906301349708969,
  "avg_utilization": 0.9995833333333334,
  "avg_fairness": 0.985798412526946,
  "avg_acceptance_rate": 0.8332479423447164,
  "avg_service_rate": 0.2311478438456481,
  "final_mean_served_delay_s": 15.500851788756389,
  "final_p95_served_delay_s": 20.0,
  "final_mean_timeout_delay_s": 20.0
}