{
  "scenario": "both_q5_t10",
  "strategy": "longest_queue_first",
  "seed": 48,
  "samples": 600,
  "avg_offered_load_mbps": 786.1313096884865,
  "avg_accepted_load_mbps": 753.0291655133527,
  "avg_capacity_mbps": 161.46364978825338,
  "avg_goodput_mbps": 160.5061394210827,
  "avg_queue": 35.63333333333333,
  "final_capacity_mbps": 166.36576616945325,
  "final_goodput_mbps": 163.05997012000003,
  "final_queue": 24,
  "final_blocked_rate": 0.813272877164056,
  "final_blocked_queue_cap_rate": 0.03998351195383347,
  "final_blocked_timeout_rate": 0.7732893652102226,
  "final_utilization": 1.0,
  "final_fairness": 0.9632101123657275,
  "avg_utilization": 0.9975,
  "avg_fairness": 0.9598022547107729,
  "avg_acceptance_rate": 0.9555855420204931,
  "avg_service_rate": 0.1686427834237915,
  "final_mean_served_delay_s": 6.764568764568764,
  "final_p95_served_delay_s": 10.0,
  "final_mean_timeout_delay_s": 10.0
}