{
  "scenario": "both_q5_t40",
  "strategy": "round_robin",
  "seed": 42,
  "samples": 600,
  "avg_offered_load_mbps": 766.2760178948384,
  "avg_accepted_load_mbps": 419.4715986371626,
  "avg_capacity_mbps": 150.03988845726562,
  "avg_goodput_mbps": 149.8291396533234,
  "avg_queue": 75.66833333333334,
  "final_capacity_mbps": 150.42533021983195,
  "final_goodput_mbps": 150.42533021983198,
  "final_queue": 79,
  "final_blocked_rate": 0.7694560669456066,
  "final_blocked_queue_cap_rate": 0.4489539748953975,
  "final_blocked_timeout_rate": 0.3205020920502092,
  "final_utilization": 1.0,
  "final_fairness": 0.9429411864269189,
  "avg_utilization": 0.99625,
  "avg_fairness": 0.9419387562316026,
  "avg_acceptance_rate": 0.5920494262595353,
  "avg_service_rate": 0.19542535553183196,
  "final_mean_served_delay_s": 29.103813559322035,
  "final_p95_served_delay_s": 40.0,
  "final_mean_timeout_delay_s": 40.0
}