{
  "scenario": "both_q10_t20",
  "strategy": "proportional_fair",
  "seed": 51,
  "samples": 600,
  "avg_offered_load_mbps": 770.4303003527792,
  "avg_accepted_load_mbps": 764.6319990614128,
  "avg_capacity_mbps": 159.36912016987944,
  "avg_goodput_mbps": 159.32128760262484,
  "avg_queue": 75.39333333333333,
  "final_capacity_mbps": 162.17039100210957,
  "final_goodput_mbps": 162.17039100210962,
  "final_queue": 77,
  "final_blocked_rate": 0.7699876998769988,
  "final_blocked_queue_cap_rate": 0.008200082000820008,
  "final_blocked_timeout_rate": 0.7617876178761788,
  "final_utilization": 1.0,
  "final_fairness": 0.6516485876577878,
  "avg_utilization": 0.9989583333333333,
  "avg_fairness": 0.7644750973019755,
  "avg_acceptance_rate": 0.994582584720608,
  "avg_service_rate": 0.21301083844631075,
  "final_mean_served_delay_s": 16.084710743801654,
  "final_p95_served_delay_s": 20.0,
  "final_mean_timeout_delay_s": 20.0
}