{
  "scenario": "both_ch32",
  "strategy": "longest_queue_first",
  "seed": 48,
  "samples": 600,
  "avg_offered_load_mbps": 786.1313096884865,
  "avg_accepted_load_mbps": 628.2259501272317,
  "avg_capacity_mbps": 102.03171760884747,
  "avg_goodput_mbps": 101.9674114839488,
  "avg_queue": 60.891666666666666,
  "final_capacity_mbps": 107.68777684255521,
  "final_goodput_mbps": 107.6877768425552,
  "final_queue": 55,
  "final_blocked_rate": 0.8565539983511954,
  "final_blocked_queue_cap_rate": 0.20651277823577907,
  "final_blocked_timeout_rate": 0.6500412201154163,
  "final_utilization": 1.0,
  "final_fairness": 0.9515213453116748,
  "avg_utilization": 0.9982291666666666,
  "avg_fairness": 0.9105612320023618,
  "avg_acceptance_rate": 0.8078007535247544,
  "avg_service_rate": 0.11802531113667183,
  "final_mean_served_delay_s": 15.754266211604095,
  "final_p95_served_delay_s": 20.0,
  "final_mean_timeout_delay_s": 20.0
}