{
  "scenario": "both_ch32",
  "strategy": "proportional_fair",
  "seed": 48,
  "samples": 600,
  "avg_offered_load_mbps": 786.1313096884865,
  "avg_accepted_load_mbps": 626.8367384160572,
  "avg_capacity_mbps": 106.13089580702795,
  "avg_goodput_mbps": 106.10407067667548,
  "avg_queue": 61.29666666666667,
  "final_capacity_mbps": 109.47423097120249,
  "final_goodput_mbps": 109.47423097120247,
  "final_queue": 54,
  "final_blocked_rate": 0.8590272052761748,
  "final_blocked_queue_cap_rate": 0.2044517724649629,
  "final_blocked_timeout_rate": 0.6545754328112119,
  "final_utilization": 1.0,
  "final_fairness": 0.8868132320443448,
  "avg_utilization": 0.9982291666666666,
  "avg_fairness": 0.8270986921321443,
  "avg_acceptance_rate": 0.808796322042397,
  "avg_service_rate": 0.11354267106523364,
  "final_mean_served_delay_s": 16.104166666666668,
  "final_p95_served_delay_s": 20.0,
  "final_mean_timeout_delay_s": 20.0
}