{
  "scenario": "both_int3",
  "strategy": "proportional_fair",
  "seed": 42,
  "samples": 600,
  "avg_offered_load_mbps": 766.2760178948384,
  "avg_accepted_load_mbps": 627.2476190687458,
  "avg_capacity_mbps": 176.76234489613842,
  "avg_goodput_mbps": 176.6095558564886,
  "avg_queue": 59.151666666666664,
  "final_capacity_mbps": 177.21860265028607,
  "final_goodput_mbps": 177.21860265028602,
  "final_queue": 72,
  "final_blocked_rate": 0.7389121338912134,
  "final_blocked_queue_cap_rate": 0.1774058577405858,
  "final_blocked_timeout_rate": 0.5615062761506276,
  "final_utilization": 1.0,
  "final_fairness": 0.9120206238877434,
  "avg_utilization": 0.99625,
  "avg_fairness": 0.8268759250424238,
  "avg_acceptance_rate": 0.8386341773403535,
  "avg_service_rate": 0.22569341576908714,
  "final_mean_served_delay_s": 15.26268115942029,
  "final_p95_served_delay_s": 20.0,
  "final_mean_timeout_delay_s": 20.0
}