{
  "scenario": "baseline_both",
  "strategy": "ppo",
  "seed": 47,
  "episode_reward": -4.111790856307423,
  "episode_steps": 600,
  "samples": 600,
  "avg_offered_load_mbps": 776.7866375396233,
  "avg_accepted_load_mbps": 622.3309030187577,
  "avg_capacity_mbps": 153.48424373063517,
  "avg_goodput_mbps": 153.0635372597479,
  "avg_queue": 58.60166666666667,
  "final_capacity_mbps": 154.51462988197915,
  "final_goodput_mbps": 154.51462988197912,
  "final_queue": 60,
  "final_blocked_rate": 0.7940685045948204,
  "final_blocked_queue_cap_rate": 0.19131161236424393,
  "final_blocked_timeout_rate": 0.6027568922305765,
  "final_utilization": 1.0,
  "final_fairness": 0.9716471123044785,
  "avg_utilization": 0.9995833333333334,
  "avg_fairness": 0.9301194670581792,
  "avg_acceptance_rate": 0.8076503312779858,
  "avg_service_rate": 0.17091120705862464,
  "final_mean_served_delay_s": 14.122401847575057,
  "final_p95_served_delay_s": 20.0,
  "final_mean_timeout_delay_s": 20.0
}