{
  "scenario": "baseline_queue_cap",
  "strategy": "proportional_fair",
  "seed": 47,
  "samples": 600,
  "avg_offered_load_mbps": 776.7866375396233,
  "avg_accepted_load_mbps": 644.3278475685498,
  "avg_capacity_mbps": 150.54311481275238,
  "avg_goodput_mbps": 150.46826519955079,
  "avg_queue": 949.4383333333334,
  "final_capacity_mbps": 152.39526651645625,
  "final_goodput_mbps": 152.3952665164563,
  "final_queue": 1516,
  "final_blocked_rate": 0.18128654970760233,
  "final_blocked_queue_cap_rate": 0.18128654970760233,
  "final_blocked_timeout_rate": 0.0,
  "final_utilization": 1.0,
  "final_fairness": 0.9188186060481602,
  "avg_utilization": 0.9995833333333334,
  "avg_fairness": 0.9217317000170112,
  "avg_acceptance_rate": 0.9741077277704744,
  "avg_service_rate": 0.17330801013000693,
  "final_mean_served_delay_s": 252.3310810810811,
  "final_p95_served_delay_s": 472.0,
  "final_mean_timeout_delay_s": 0.0
}