{
  "scenario": "both_int3",
  "strategy": "longest_queue_first",
  "seed": 45,
  "samples": 600,
  "avg_offered_load_mbps": 787.1612102454801,
  "avg_accepted_load_mbps": 631.7079639842767,
  "avg_capacity_mbps": 174.16935313520182,
  "avg_goodput_mbps": 173.74016804408657,
  "avg_queue": 58.25666666666667,
  "final_capacity_mbps": 172.22571292524066,
  "final_goodput_mbps": 172.2257129252406,
  "final_queue": 61,
  "final_blocked_rate": 0.7417898193760263,
  "final_blocked_queue_cap_rate": 0.19417077175697867,
  "final_blocked_timeout_rate": 0.5476190476190477,
  "final_utilization": 1.0,
  "final_fairness": 0.9402230784867801,
  "avg_utilization": 0.9985416666666667,
  "avg_fairness": 0.9456616276908434,
  "avg_acceptance_rate": 0.8204212800929879,
  "avg_service_rate": 0.2569003837102089,
  "final_mean_served_delay_s": 14.32394366197183,
  "final_p95_served_delay_s": 20.0,
  "final_mean_timeout_delay_s": 20.0
}