{
  "scenario": "both_int6",
  "strategy": "round_robin",
  "seed": 45,
  "samples": 600,
  "avg_offered_load_mbps": 787.1612102454801,
  "avg_accepted_load_mbps": 628.5142803864032,
  "avg_capacity_mbps": 133.3625225884759,
  "avg_goodput_mbps": 133.02842654870832,
  "avg_queue": 59.03333333333333,
  "final_capacity_mbps": 129.8367548185834,
  "final_goodput_mbps": 129.83675481858336,
  "final_queue": 63,
  "final_blocked_rate": 0.7967980295566502,
  "final_blocked_queue_cap_rate": 0.20279146141215107,
  "final_blocked_timeout_rate": 0.5940065681444991,
  "final_utilization": 1.0,
  "final_fairness": 0.938428286661606,
  "avg_utilization": 0.9985416666666667,
  "avg_fairness": 0.9420054836692913,
  "avg_acceptance_rate": 0.8076725698569703,
  "avg_service_rate": 0.1954696397089557,
  "final_mean_served_delay_s": 14.331018518518519,
  "final_p95_served_delay_s": 20.0,
  "final_mean_timeout_delay_s": 20.0
}