{
  "scenario": "both_q5_t10",
  "strategy": "proportional_fair",
  "seed": 46,
  "samples": 600,
  "avg_offered_load_mbps": 752.7792334683929,
  "avg_accepted_load_mbps": 729.1938943927355,
  "avg_capacity_mbps": 163.45932911770922,
  "avg_goodput_mbps": 163.18505377198716,
  "avg_queue": 34.45666666666666,
  "final_capacity_mbps": 155.51267749224698,
  "final_goodput_mbps": 155.512677492247,
  "final_queue": 43,
  "final_blocked_rate": 0.7776349614395887,
  "final_blocked_queue_cap_rate": 0.027849185946872322,
  "final_blocked_timeout_rate": 0.7497857754927164,
  "final_utilization": 1.0,
  "final_fairness": 0.7766727988063558,
  "avg_utilization": 0.9985416666666667,
  "avg_fairness": 0.7431561210560773,
  "avg_acceptance_rate": 0.9748348695462892,
  "avg_service_rate": 0.20924546884767392,
  "final_mean_served_delay_s": 7.195378151260504,
  "final_p95_served_delay_s": 10.0,
  "final_mean_timeout_delay_s": 10.0
}