{
  "scenario": "baseline",
  "strategy": "greedy_backlog",
  "seed": 44,
  "samples": 600,
  "avg_offered_load_mbps": 39.39442576493566,
  "avg_accepted_load_mbps": 39.39442576493566,
  "avg_capacity_mbps": 49.87887443767093,
  "avg_goodput_mbps": 39.39442576493566,
  "avg_queue": 1.2466666666666666,
  "final_capacity_mbps": 84.75554733463866,
  "final_goodput_mbps": 48.384177638965426,
  "final_queue": 0,
  "final_blocked_rate": 0.0,
  "final_blocked_queue_cap_rate": 0.0,
  "final_blocked_timeout_rate": 0.0,
  "final_utilization": 0.375,
  "final_fairness": 0.9714807661034095,
  "avg_utilization": 0.23541666666666666,
  "avg_fairness": 0.8745664846805844,
  "avg_acceptance_rate": 1.0,
  "avg_service_rate": 0.9882377154505637,
  "final_mean_served_delay_s": 2.481188118811881,
  "final_p95_served_delay_s": 6.0,
  "final_mean_timeout_delay_s": 0.0
}