{
  "scenario": "both_ch64",
  "strategy": "proportional_fair",
  "seed": 46,
  "samples": 600,
  "avg_offered_load_mbps": 752.7792334683929,
  "avg_accepted_load_mbps": 620.1398933659151,
  "avg_capacity_mbps": 206.12492637677826,
  "avg_goodput_mbps": 205.96916466030387,
  "avg_queue": 57.07833333333333,
  "final_capacity_mbps": 209.84051391016789,
  "final_goodput_mbps": 209.84051391016783,
  "final_queue": 58,
  "final_blocked_rate": 0.700942587832048,
  "final_blocked_queue_cap_rate": 0.16923736075407025,
  "final_blocked_timeout_rate": 0.5317052270779777,
  "final_utilization": 1.0,
  "final_fairness": 0.845120459302794,
  "avg_utilization": 0.9969791666666666,
  "avg_fairness": 0.8189128284147481,
  "avg_acceptance_rate": 0.8319605491130644,
  "avg_service_rate": 0.27561449005671235,
  "final_mean_served_delay_s": 14.9953125,
  "final_p95_served_delay_s": 20.0,
  "final_mean_timeout_delay_s": 20.0
}