{
  "scenario": "baseline",
  "strategy": "greedy_backlog",
  "seed": 46,
  "samples": 600,
  "avg_offered_load_mbps": 40.43983309375151,
  "avg_accepted_load_mbps": 40.43983309375151,
  "avg_capacity_mbps": 50.72855342684514,
  "avg_goodput_mbps": 40.40795274742151,
  "avg_queue": 1.2333333333333334,
  "final_capacity_mbps": 24.44751140943256,
  "final_goodput_mbps": 24.44751140943256,
  "final_queue": 1,
  "final_blocked_rate": 0.0,
  "final_blocked_queue_cap_rate": 0.0,
  "final_blocked_timeout_rate": 0.0,
  "final_utilization": 0.125,
  "final_fairness": 1.0,
  "avg_utilization": 0.23895833333333333,
  "avg_fairness": 0.8393977519323659,
  "avg_acceptance_rate": 0.9983333333333333,
  "avg_service_rate": 0.9832185099820282,
  "final_mean_served_delay_s": 2.5205761316872426,
  "final_p95_served_delay_s": 7.0,
  "final_mean_timeout_delay_s": 0.0
}