{
  "scenario": "both_q5_t40",
  "strategy": "round_robin",
  "seed": 46,
  "samples": 600,
  "avg_offered_load_mbps": 752.7792334683929,
  "avg_accepted_load_mbps": 412.9064843395562,
  "avg_capacity_mbps": 150.93125193063884,
  "avg_goodput_mbps": 150.76808903144618,
  "avg_queue": 75.025,
  "final_capacity_mbps": 154.13935281749914,
  "final_goodput_mbps": 154.13935281749917,
  "final_queue": 79,
  "final_blocked_rate": 0.7716366752356469,
  "final_blocked_queue_cap_rate": 0.44473007712082263,
  "final_blocked_timeout_rate": 0.3269065981148243,
  "final_utilization": 1.0,
  "final_fairness": 0.9684337084168231,
  "avg_utilization": 0.9985416666666667,
  "avg_fairness": 0.9434560997464346,
  "avg_acceptance_rate": 0.5931422131014696,
  "avg_service_rate": 0.19576869370093405,
  "final_mean_served_delay_s": 29.909691629955947,
  "final_p95_served_delay_s": 40.0,
  "final_mean_timeout_delay_s": 40.0
}