{
  "scenario": "both_int3",
  "strategy": "ppo_v4",
  "seed": 44,
  "episode_reward": 150.7742131335357,
  "episode_steps": 600,
  "samples": 600,
  "avg_offered_load_mbps": 764.4133077715236,
  "avg_accepted_load_mbps": 619.9423068469308,
  "avg_capacity_mbps": 181.13669609421476,
  "avg_goodput_mbps": 180.25969229450132,
  "avg_queue": 57.60333333333333,
  "final_capacity_mbps": 175.72147427617563,
  "final_goodput_mbps": 175.72147427617566,
  "final_queue": 61,
  "final_blocked_rate": 0.7376644736842105,
  "final_blocked_queue_cap_rate": 0.18832236842105263,
  "final_blocked_timeout_rate": 0.5493421052631579,
  "final_utilization": 1.0,
  "final_fairness": 0.6650674887384468,
  "avg_utilization": 0.9989583333333333,
  "avg_fairness": 0.6643876845851622,
  "avg_acceptance_rate": 0.8291814522375589,
  "avg_service_rate": 0.2573358363604283,
  "final_mean_served_delay_s": 13.495667244367418,
  "final_p95_served_delay_s": 20.0,
  "final_mean_timeout_delay_s": 20.0
}