{
  "scenario": "both_q10_t20",
  "strategy": "round_robin",
  "seed": 45,
  "samples": 600,
  "avg_offered_load_mbps": 787.1612102454801,
  "avg_accepted_load_mbps": 784.3975819821528,
  "avg_capacity_mbps": 152.66463754993484,
  "avg_goodput_mbps": 152.2227796991691,
  "avg_queue": 74.59833333333333,
  "final_capacity_mbps": 150.42533021983195,
  "final_goodput_mbps": 150.42533021983198,
  "final_queue": 81,
  "final_blocked_rate": 0.7684729064039408,
  "final_blocked_queue_cap_rate": 0.003694581280788177,
  "final_blocked_timeout_rate": 0.7647783251231527,
  "final_utilization": 1.0,
  "final_fairness": 0.9429411864269189,
  "avg_utilization": 0.9985416666666667,
  "avg_fairness": 0.947097546881343,
  "avg_acceptance_rate": 0.9949161824063659,
  "avg_service_rate": 0.21645945564665225,
  "final_mean_served_delay_s": 14.641821946169772,
  "final_p95_served_delay_s": 20.0,
  "final_mean_timeout_delay_s": 20.0
}