{
  "scenario": "both_q15_t20",
  "strategy": "ppo_v4",
  "seed": 43,
  "episode_reward": 69.25613568700321,
  "episode_steps": 600,
  "samples": 600,
  "avg_offered_load_mbps": 759.8008368706072,
  "avg_accepted_load_mbps": 759.7798667372267,
  "avg_capacity_mbps": 158.6900580940305,
  "avg_goodput_mbps": 158.3716389164684,
  "avg_queue": 75.905,
  "final_capacity_mbps": 156.4300892994309,
  "final_goodput_mbps": 156.43008929943085,
  "final_queue": 71,
  "final_blocked_rate": 0.7583265637692933,
  "final_blocked_queue_cap_rate": 0.00040617384240454913,
  "final_blocked_timeout_rate": 0.7579203899268887,
  "final_utilization": 1.0,
  "final_fairness": 0.7038430354175141,
  "avg_utilization": 0.9985416666666667,
  "avg_fairness": 0.661699427438308,
  "avg_acceptance_rate": 0.9997771199485666,
  "avg_service_rate": 0.21267487394508622,
  "final_mean_served_delay_s": 15.395038167938932,
  "final_p95_served_delay_s": 20.0,
  "final_mean_timeout_delay_s": 20.0
}