{
  "scenario": "both_q5_t40",
  "strategy": "greedy_backlog",
  "seed": 42,
  "samples": 600,
  "avg_offered_load_mbps": 766.2760178948384,
  "avg_accepted_load_mbps": 430.17825077819225,
  "avg_capacity_mbps": 190.3557673681792,
  "avg_goodput_mbps": 190.19746835372737,
  "avg_queue": 77.73,
  "final_capacity_mbps": 174.22848713869877,
  "final_goodput_mbps": 174.22848713869877,
  "final_queue": 79,
  "final_blocked_rate": 0.7104602510460251,
  "final_blocked_queue_cap_rate": 0.42301255230125523,
  "final_blocked_timeout_rate": 0.2874476987447699,
  "final_utilization": 1.0,
  "final_fairness": 0.9769121465035455,
  "avg_utilization": 0.99625,
  "avg_fairness": 0.9825116984618713,
  "avg_acceptance_rate": 0.6138395708960109,
  "avg_service_rate": 0.2528367230807428,
  "final_mean_served_delay_s": 29.949429037520392,
  "final_p95_served_delay_s": 40.0,
  "final_mean_timeout_delay_s": 40.0
}