{
  "scenario": "both_ch64",
  "strategy": "ppo_v4",
  "seed": 49,
  "episode_reward": 271.0612480203313,
  "episode_steps": 600,
  "samples": 600,
  "avg_offered_load_mbps": 743.3465389769656,
  "avg_accepted_load_mbps": 611.9132250151289,
  "avg_capacity_mbps": 212.20962922276522,
  "avg_goodput_mbps": 211.16433763605977,
  "avg_queue": 57.33,
  "final_capacity_mbps": 213.4890716018124,
  "final_goodput_mbps": 213.48907160181244,
  "final_queue": 62,
  "final_blocked_rate": 0.6985049833887044,
  "final_blocked_queue_cap_rate": 0.17566445182724252,
  "final_blocked_timeout_rate": 0.5228405315614618,
  "final_utilization": 1.0,
  "final_fairness": 0.7659110974398766,
  "avg_utilization": 0.9961979166666667,
  "avg_fairness": 0.7189879672700563,
  "avg_acceptance_rate": 0.8431880694615633,
  "avg_service_rate": 0.29534592728959963,
  "final_mean_served_delay_s": 13.882530120481928,
  "final_p95_served_delay_s": 20.0,
  "final_mean_timeout_delay_s": 20.0
}