{
  "scenario": "both_int6",
  "strategy": "ppo_v4",
  "seed": 49,
  "episode_reward": 10.190108621072858,
  "episode_steps": 600,
  "samples": 600,
  "avg_offered_load_mbps": 743.3465389769656,
  "avg_accepted_load_mbps": 599.0025094581746,
  "avg_capacity_mbps": 139.7773103272006,
  "avg_goodput_mbps": 139.17874273275078,
  "avg_queue": 59.26833333333333,
  "final_capacity_mbps": 144.24655429685993,
  "final_goodput_mbps": 144.24655429685996,
  "final_queue": 63,
  "final_blocked_rate": 0.7911129568106312,
  "final_blocked_queue_cap_rate": 0.18853820598006646,
  "final_blocked_timeout_rate": 0.6025747508305648,
  "final_utilization": 1.0,
  "final_fairness": 0.6503587886896709,
  "avg_utilization": 0.99875,
  "avg_fairness": 0.6547142574025779,
  "avg_acceptance_rate": 0.8328050932712437,
  "avg_service_rate": 0.20385160305511743,
  "final_mean_served_delay_s": 14.293181818181818,
  "final_p95_served_delay_s": 20.0,
  "final_mean_timeout_delay_s": 20.0
}