{
  "scenario": "both_ch32",
  "strategy": "longest_queue_first",
  "seed": 51,
  "samples": 600,
  "avg_offered_load_mbps": 770.4303003527792,
  "avg_accepted_load_mbps": 600.3495807646127,
  "avg_capacity_mbps": 102.24185028941606,
  "avg_goodput_mbps": 102.16619365309002,
  "avg_queue": 59.86333333333334,
  "final_capacity_mbps": 100.42357667757463,
  "final_goodput_mbps": 100.4235766775746,
  "final_queue": 54,
  "final_blocked_rate": 0.8511685116851169,
  "final_blocked_queue_cap_rate": 0.2132021320213202,
  "final_blocked_timeout_rate": 0.6379663796637967,
  "final_utilization": 1.0,
  "final_fairness": 0.9037397174896914,
  "avg_utilization": 0.9995833333333334,
  "avg_fairness": 0.9111449855070555,
  "avg_acceptance_rate": 0.8058045767446141,
  "avg_service_rate": 0.13337420233371466,
  "final_mean_served_delay_s": 14.702265372168284,
  "final_p95_served_delay_s": 20.0,
  "final_mean_timeout_delay_s": 20.0
}