{
  "scenario": "both_int6",
  "strategy": "round_robin",
  "seed": 51,
  "samples": 600,
  "avg_offered_load_mbps": 770.4303003527792,
  "avg_accepted_load_mbps": 605.1652490378184,
  "avg_capacity_mbps": 133.0629181167768,
  "avg_goodput_mbps": 132.78400479099827,
  "avg_queue": 58.695,
  "final_capacity_mbps": 129.8367548185834,
  "final_goodput_mbps": 125.3744042590287,
  "final_queue": 52,
  "final_blocked_rate": 0.8171381713817139,
  "final_blocked_queue_cap_rate": 0.2099220992209922,
  "final_blocked_timeout_rate": 0.6072160721607216,
  "final_utilization": 1.0,
  "final_fairness": 0.938428286661606,
  "avg_utilization": 0.9989583333333333,
  "avg_fairness": 0.9416016437720989,
  "avg_acceptance_rate": 0.8118223580953399,
  "avg_service_rate": 0.17968930939904465,
  "final_mean_served_delay_s": 13.878172588832488,
  "final_p95_served_delay_s": 20.0,
  "final_mean_timeout_delay_s": 20.0
}