{
  "scenario": "both_q5_t10",
  "strategy": "longest_queue_first",
  "seed": 42,
  "samples": 600,
  "avg_offered_load_mbps": 766.2760178948384,
  "avg_accepted_load_mbps": 737.5278643194981,
  "avg_capacity_mbps": 161.51080647488178,
  "avg_goodput_mbps": 160.34263624759777,
  "avg_queue": 34.545,
  "final_capacity_mbps": 156.69962953815005,
  "final_goodput_mbps": 156.69962953815005,
  "final_queue": 39,
  "final_blocked_rate": 0.7753138075313808,
  "final_blocked_queue_cap_rate": 0.03430962343096234,
  "final_blocked_timeout_rate": 0.7410041841004185,
  "final_utilization": 1.0,
  "final_fairness": 0.9637771731151804,
  "avg_utilization": 0.99625,
  "avg_fairness": 0.9596690845219863,
  "avg_acceptance_rate": 0.9704154432837313,
  "avg_service_rate": 0.2029220286397597,
  "final_mean_served_delay_s": 6.63855421686747,
  "final_p95_served_delay_s": 10.0,
  "final_mean_timeout_delay_s": 10.0
}