{
  "scenario": "both_q5_t10",
  "strategy": "greedy_backlog",
  "seed": 44,
  "samples": 600,
  "avg_offered_load_mbps": 764.4133077715236,
  "avg_accepted_load_mbps": 744.205138556881,
  "avg_capacity_mbps": 192.04662526761433,
  "avg_goodput_mbps": 191.7467009988181,
  "avg_queue": 35.446666666666665,
  "final_capacity_mbps": 195.42350094546808,
  "final_goodput_mbps": 195.42350094546805,
  "final_queue": 38,
  "final_blocked_rate": 0.7372532894736842,
  "final_blocked_queue_cap_rate": 0.03125,
  "final_blocked_timeout_rate": 0.7060032894736842,
  "final_utilization": 1.0,
  "final_fairness": 0.9829562996910679,
  "avg_utilization": 0.9989583333333333,
  "avg_fairness": 0.983573776608851,
  "avg_acceptance_rate": 0.9660491895216992,
  "avg_service_rate": 0.26681351929396374,
  "final_mean_served_delay_s": 7.46089850249584,
  "final_p95_served_delay_s": 10.0,
  "final_mean_timeout_delay_s": 10.0
}