{
  "scenario": "both_ch64",
  "strategy": "greedy_backlog",
  "seed": 43,
  "samples": 600,
  "avg_offered_load_mbps": 759.8008368706072,
  "avg_accepted_load_mbps": 621.8857826110817,
  "avg_capacity_mbps": 240.72622265085764,
  "avg_goodput_mbps": 240.6849162597632,
  "avg_queue": 58.48,
  "final_capacity_mbps": 241.46132153678167,
  "final_goodput_mbps": 241.46132153678167,
  "final_queue": 58,
  "final_blocked_rate": 0.6640942323314378,
  "final_blocked_queue_cap_rate": 0.18359057676685622,
  "final_blocked_timeout_rate": 0.48050365556458163,
  "final_utilization": 1.0,
  "final_fairness": 0.9662850169117188,
  "avg_utilization": 0.9973958333333334,
  "avg_fairness": 0.9717880653268768,
  "avg_acceptance_rate": 0.8290017723425925,
  "avg_service_rate": 0.3193854287648191,
  "final_mean_served_delay_s": 15.17555266579974,
  "final_p95_served_delay_s": 20.0,
  "final_mean_timeout_delay_s": 20.0
}