{
  "scenario": "both_int6",
  "strategy": "ppo_v4",
  "seed": 42,
  "episode_reward": 10.524385615025118,
  "episode_steps": 600,
  "samples": 600,
  "avg_offered_load_mbps": 766.2760178948384,
  "avg_accepted_load_mbps": 617.7805295446498,
  "avg_capacity_mbps": 138.28276938653545,
  "avg_goodput_mbps": 137.8936399594982,
  "avg_queue": 58.916666666666664,
  "final_capacity_mbps": 134.5611347749507,
  "final_goodput_mbps": 134.5611347749507,
  "final_queue": 70,
  "final_blocked_rate": 0.7899581589958159,
  "final_blocked_queue_cap_rate": 0.18577405857740587,
  "final_blocked_timeout_rate": 0.6041841004184101,
  "final_utilization": 1.0,
  "final_fairness": 0.6792231833953775,
  "avg_utilization": 0.99625,
  "avg_fairness": 0.6568630182055436,
  "avg_acceptance_rate": 0.8309817927640407,
  "avg_service_rate": 0.18052280514533345,
  "final_mean_served_delay_s": 14.208333333333334,
  "final_p95_served_delay_s": 20.0,
  "final_mean_timeout_delay_s": 20.0
}