{
  "scenario": "both_q10_t20",
  "strategy": "round_robin",
  "seed": 48,
  "samples": 600,
  "avg_offered_load_mbps": 786.1313096884865,
  "avg_accepted_load_mbps": 778.2239234161486,
  "avg_capacity_mbps": 152.22922661197882,
  "avg_goodput_mbps": 151.86797127614514,
  "avg_queue": 75.215,
  "final_capacity_mbps": 157.02827692756216,
  "final_goodput_mbps": 157.02827692756216,
  "final_queue": 72,
  "final_blocked_rate": 0.7984336356141797,
  "final_blocked_queue_cap_rate": 0.009068425391591096,
  "final_blocked_timeout_rate": 0.7893652102225887,
  "final_utilization": 1.0,
  "final_fairness": 0.9700817157946467,
  "avg_utilization": 0.9975,
  "avg_fairness": 0.9472523074441961,
  "avg_acceptance_rate": 0.9884735570596836,
  "avg_service_rate": 0.16669774603178172,
  "final_mean_served_delay_s": 15.316546762589928,
  "final_p95_served_delay_s": 20.0,
  "final_mean_timeout_delay_s": 20.0
}