{
  "scenario": "both_q10_t20",
  "strategy": "longest_queue_first",
  "seed": 42,
  "samples": 600,
  "avg_offered_load_mbps": 766.2760178948384,
  "avg_accepted_load_mbps": 762.64466404072,
  "avg_capacity_mbps": 152.61377679610732,
  "avg_goodput_mbps": 152.30725535356282,
  "avg_queue": 73.22,
  "final_capacity_mbps": 151.98940548563883,
  "final_goodput_mbps": 151.98940548563883,
  "final_queue": 92,
  "final_blocked_rate": 0.7644351464435146,
  "final_blocked_queue_cap_rate": 0.0037656903765690376,
  "final_blocked_timeout_rate": 0.7606694560669456,
  "final_utilization": 1.0,
  "final_fairness": 0.9224672915152777,
  "avg_utilization": 0.99625,
  "avg_fairness": 0.9351927034916214,
  "avg_acceptance_rate": 0.9968547517822689,
  "avg_service_rate": 0.1946379227759877,
  "final_mean_served_delay_s": 15.029723991507431,
  "final_p95_served_delay_s": 20.0,
  "final_mean_timeout_delay_s": 20.0
}