{
  "scenario": "both_int3",
  "strategy": "proportional_fair",
  "seed": 46,
  "samples": 600,
  "avg_offered_load_mbps": 752.7792334683929,
  "avg_accepted_load_mbps": 617.6161193501331,
  "avg_capacity_mbps": 177.9078418500483,
  "avg_goodput_mbps": 177.8146552108013,
  "avg_queue": 57.83166666666666,
  "final_capacity_mbps": 179.19239675630618,
  "final_goodput_mbps": 179.19239675630618,
  "final_queue": 58,
  "final_blocked_rate": 0.7412167952013711,
  "final_blocked_queue_cap_rate": 0.17480719794344474,
  "final_blocked_timeout_rate": 0.5664095972579263,
  "final_utilization": 1.0,
  "final_fairness": 0.8256124277237072,
  "avg_utilization": 0.9985416666666667,
  "avg_fairness": 0.8229346675952054,
  "avg_acceptance_rate": 0.8276226521401026,
  "avg_service_rate": 0.23442549275439328,
  "final_mean_served_delay_s": 15.247252747252746,
  "final_p95_served_delay_s": 20.0,
  "final_mean_timeout_delay_s": 20.0
}