{
  "scenario": "both_q10_t20",
  "strategy": "greedy_backlog",
  "seed": 46,
  "samples": 600,
  "avg_offered_load_mbps": 752.7792334683929,
  "avg_accepted_load_mbps": 748.4250030251897,
  "avg_capacity_mbps": 193.3024816874319,
  "avg_goodput_mbps": 193.21264526325783,
  "avg_queue": 71.18833333333333,
  "final_capacity_mbps": 191.49546813603246,
  "final_goodput_mbps": 191.49546813603243,
  "final_queue": 66,
  "final_blocked_rate": 0.7052270779777207,
  "final_blocked_queue_cap_rate": 0.0038560411311053984,
  "final_blocked_timeout_rate": 0.7013710368466153,
  "final_utilization": 1.0,
  "final_fairness": 0.9933311251979644,
  "avg_utilization": 0.9985416666666667,
  "avg_fairness": 0.9844804636037962,
  "avg_acceptance_rate": 0.997057416401029,
  "avg_service_rate": 0.2736632140528396,
  "final_mean_served_delay_s": 16.130225080385852,
  "final_p95_served_delay_s": 20.0,
  "final_mean_timeout_delay_s": 20.0
}