{
  "scenario": "both_q10_t20",
  "strategy": "longest_queue_first",
  "seed": 51,
  "samples": 600,
  "avg_offered_load_mbps": 770.4303003527792,
  "avg_accepted_load_mbps": 762.9102607617549,
  "avg_capacity_mbps": 153.1450046960334,
  "avg_goodput_mbps": 152.949536089764,
  "avg_queue": 74.62166666666667,
  "final_capacity_mbps": 151.82282151295317,
  "final_goodput_mbps": 150.407627652475,
  "final_queue": 74,
  "final_blocked_rate": 0.7757277572775728,
  "final_blocked_queue_cap_rate": 0.00984009840098401,
  "final_blocked_timeout_rate": 0.7658876588765887,
  "final_utilization": 1.0,
  "final_fairness": 0.923454610812837,
  "avg_utilization": 0.9989583333333333,
  "avg_fairness": 0.9356748009041712,
  "avg_acceptance_rate": 0.9929199945831857,
  "avg_service_rate": 0.2050818638430223,
  "final_mean_served_delay_s": 15.095137420718816,
  "final_p95_served_delay_s": 20.0,
  "final_mean_timeout_delay_s": 20.0
}