{
  "scenario": "both_int6",
  "strategy": "ppo_v4",
  "seed": 45,
  "episode_reward": 14.422500726267938,
  "episode_steps": 600,
  "samples": 600,
  "avg_offered_load_mbps": 787.1612102454801,
  "avg_accepted_load_mbps": 628.9000459394166,
  "avg_capacity_mbps": 141.13651649198385,
  "avg_goodput_mbps": 140.57168585912828,
  "avg_queue": 58.67333333333333,
  "final_capacity_mbps": 132.84877274291375,
  "final_goodput_mbps": 132.84877274291378,
  "final_queue": 61,
  "final_blocked_rate": 0.791871921182266,
  "final_blocked_queue_cap_rate": 0.19663382594417078,
  "final_blocked_timeout_rate": 0.5952380952380952,
  "final_utilization": 1.0,
  "final_fairness": 0.6547238785103903,
  "avg_utilization": 0.9985416666666667,
  "avg_fairness": 0.6471908879387599,
  "avg_acceptance_rate": 0.8197898592417876,
  "avg_service_rate": 0.20817418327819245,
  "final_mean_served_delay_s": 13.309417040358744,
  "final_p95_served_delay_s": 20.0,
  "final_mean_timeout_delay_s": 20.0
}