{
  "scenario": "both_q15_t20",
  "strategy": "ppo_v4",
  "seed": 48,
  "episode_reward": 64.5788087411019,
  "episode_steps": 600,
  "samples": 600,
  "avg_offered_load_mbps": 786.1313096884865,
  "avg_accepted_load_mbps": 786.1313096884865,
  "avg_capacity_mbps": 161.26008915055527,
  "avg_goodput_mbps": 160.81287262881793,
  "avg_queue": 75.38166666666666,
  "final_capacity_mbps": 158.56991462140212,
  "final_goodput_mbps": 158.56991462140215,
  "final_queue": 72,
  "final_blocked_rate": 0.7745259686727123,
  "final_blocked_queue_cap_rate": 0.0,
  "final_blocked_timeout_rate": 0.7745259686727123,
  "final_utilization": 1.0,
  "final_fairness": 0.7222007585901669,
  "avg_utilization": 0.9975,
  "avg_fairness": 0.6426611566950972,
  "avg_acceptance_rate": 1.0,
  "avg_service_rate": 0.19885597778919495,
  "final_mean_served_delay_s": 15.294736842105262,
  "final_p95_served_delay_s": 20.0,
  "final_mean_timeout_delay_s": 20.0
}