{
  "scenario": "both_int6",
  "strategy": "proportional_fair",
  "seed": 47,
  "samples": 600,
  "avg_offered_load_mbps": 776.7866375396233,
  "avg_accepted_load_mbps": 629.6045335362859,
  "avg_capacity_mbps": 138.53040419023333,
  "avg_goodput_mbps": 138.45662483674394,
  "avg_queue": 60.085,
  "final_capacity_mbps": 140.8003297167885,
  "final_goodput_mbps": 140.80032971678847,
  "final_queue": 63,
  "final_blocked_rate": 0.8036758563074352,
  "final_blocked_queue_cap_rate": 0.18796992481203006,
  "final_blocked_timeout_rate": 0.6157059314954052,
  "final_utilization": 1.0,
  "final_fairness": 0.7853119751582892,
  "avg_utilization": 0.9995833333333334,
  "avg_fairness": 0.812156372871952,
  "avg_acceptance_rate": 0.8107803144889218,
  "avg_service_rate": 0.16179336172998127,
  "final_mean_served_delay_s": 15.530712530712531,
  "final_p95_served_delay_s": 20.0,
  "final_mean_timeout_delay_s": 20.0
}