{
  "scenario": "both_q5_t40",
  "strategy": "proportional_fair",
  "seed": 43,
  "samples": 600,
  "avg_offered_load_mbps": 759.8008368706072,
  "avg_accepted_load_mbps": 416.2291985808491,
  "avg_capacity_mbps": 152.0977784942452,
  "avg_goodput_mbps": 152.0823047517082,
  "avg_queue": 76.99,
  "final_capacity_mbps": 151.71985210998406,
  "final_goodput_mbps": 151.71985210998406,
  "final_queue": 77,
  "final_blocked_rate": 0.772948822095857,
  "final_blocked_queue_cap_rate": 0.4606011372867587,
  "final_blocked_timeout_rate": 0.3123476848090983,
  "final_utilization": 1.0,
  "final_fairness": 0.8958262091047801,
  "avg_utilization": 0.9985416666666667,
  "avg_fairness": 0.9084094975236925,
  "avg_acceptance_rate": 0.5813827001478474,
  "avg_service_rate": 0.1980699102511667,
  "final_mean_served_delay_s": 30.0,
  "final_p95_served_delay_s": 40.0,
  "final_mean_timeout_delay_s": 40.0
}