{
  "scenario": "both_q5_t10",
  "strategy": "greedy_backlog",
  "seed": 47,
  "samples": 600,
  "avg_offered_load_mbps": 776.7866375396233,
  "avg_accepted_load_mbps": 755.0555878252973,
  "avg_capacity_mbps": 193.1510907512027,
  "avg_goodput_mbps": 192.89078756379297,
  "avg_queue": 35.178333333333335,
  "final_capacity_mbps": 198.49705993649644,
  "final_goodput_mbps": 198.4970599364964,
  "final_queue": 35,
  "final_blocked_rate": 0.7560568086883876,
  "final_blocked_queue_cap_rate": 0.030492898913951544,
  "final_blocked_timeout_rate": 0.7255639097744361,
  "final_utilization": 1.0,
  "final_fairness": 0.9903142437847119,
  "avg_utilization": 0.9995833333333334,
  "avg_fairness": 0.9833247752741996,
  "avg_acceptance_rate": 0.970525491663913,
  "avg_service_rate": 0.2127162965869231,
  "final_mean_served_delay_s": 7.46448087431694,
  "final_p95_served_delay_s": 10.0,
  "final_mean_timeout_delay_s": 10.0
}