{
  "scenario": "baseline_both",
  "strategy": "ppo",
  "seed": 49,
  "episode_reward": 80.31519064468962,
  "episode_steps": 600,
  "samples": 600,
  "avg_offered_load_mbps": 743.3465389769656,
  "avg_accepted_load_mbps": 602.756547020964,
  "avg_capacity_mbps": 159.8155907414197,
  "avg_goodput_mbps": 159.10484898887864,
  "avg_queue": 58.653333333333336,
  "final_capacity_mbps": 164.1602619164991,
  "final_goodput_mbps": 164.1602619164991,
  "final_queue": 63,
  "final_blocked_rate": 0.7674418604651163,
  "final_blocked_queue_cap_rate": 0.18646179401993354,
  "final_blocked_timeout_rate": 0.5809800664451827,
  "final_utilization": 1.0,
  "final_fairness": 0.6621100512862855,
  "avg_utilization": 0.99875,
  "avg_fairness": 0.6585105915699853,
  "avg_acceptance_rate": 0.8338138998129374,
  "avg_service_rate": 0.22713076881670427,
  "final_mean_served_delay_s": 14.11871227364185,
  "final_p95_served_delay_s": 20.0,
  "final_mean_timeout_delay_s": 20.0
}