{
  "scenario": "baseline_queue_cap",
  "strategy": "proportional_fair",
  "seed": 45,
  "samples": 600,
  "avg_offered_load_mbps": 787.1612102454801,
  "avg_accepted_load_mbps": 631.8099123508016,
  "avg_capacity_mbps": 151.60733879867638,
  "avg_goodput_mbps": 151.52172245192483,
  "avg_queue": 917.8266666666667,
  "final_capacity_mbps": 151.40889062745214,
  "final_goodput_mbps": 151.40889062745217,
  "final_queue": 1513,
  "final_blocked_rate": 0.17980295566502463,
  "final_blocked_queue_cap_rate": 0.17980295566502463,
  "final_blocked_timeout_rate": 0.0,
  "final_utilization": 1.0,
  "final_fairness": 0.9288087644272315,
  "avg_utilization": 0.9985416666666667,
  "avg_fairness": 0.9111780784516992,
  "avg_acceptance_rate": 0.9774983700153416,
  "avg_service_rate": 0.20419095176144586,
  "final_mean_served_delay_s": 238.16494845360825,
  "final_p95_served_delay_s": 445.0,
  "final_mean_timeout_delay_s": 0.0
}