{
  "scenario": "both_ch32",
  "strategy": "ppo_v4",
  "seed": 46,
  "episode_reward": -94.40964939566287,
  "episode_steps": 600,
  "samples": 600,
  "avg_offered_load_mbps": 752.7792334683929,
  "avg_accepted_load_mbps": 604.7318631821698,
  "avg_capacity_mbps": 108.00657338775217,
  "avg_goodput_mbps": 107.80733790550374,
  "avg_queue": 58.391666666666666,
  "final_capacity_mbps": 111.40325431064565,
  "final_goodput_mbps": 111.40325431064565,
  "final_queue": 62,
  "final_blocked_rate": 0.8436161096829478,
  "final_blocked_queue_cap_rate": 0.19108826049700087,
  "final_blocked_timeout_rate": 0.6525278491859469,
  "final_utilization": 1.0,
  "final_fairness": 0.6222741398835508,
  "avg_utilization": 0.9994791666666667,
  "avg_fairness": 0.7103965847571271,
  "avg_acceptance_rate": 0.8106724900824289,
  "avg_service_rate": 0.12277605154173567,
  "final_mean_served_delay_s": 14.310231023102311,
  "final_p95_served_delay_s": 20.0,
  "final_mean_timeout_delay_s": 20.0
}