{
  "scenario": "both_ch64",
  "strategy": "round_robin",
  "seed": 51,
  "samples": 600,
  "avg_offered_load_mbps": 770.4303003527792,
  "avg_accepted_load_mbps": 614.2643465911627,
  "avg_capacity_mbps": 204.1985699279616,
  "avg_goodput_mbps": 203.5108172499277,
  "avg_queue": 57.105,
  "final_capacity_mbps": 206.25023167241622,
  "final_goodput_mbps": 206.2502316724162,
  "final_queue": 50,
  "final_blocked_rate": 0.7252972529725297,
  "final_blocked_queue_cap_rate": 0.1951619516195162,
  "final_blocked_timeout_rate": 0.5301353013530136,
  "final_utilization": 1.0,
  "final_fairness": 0.9643777796913187,
  "avg_utilization": 0.9981770833333333,
  "avg_fairness": 0.9612246434653767,
  "avg_acceptance_rate": 0.8269137044969979,
  "avg_service_rate": 0.26886327211444605,
  "final_mean_served_delay_s": 13.791935483870967,
  "final_p95_served_delay_s": 20.0,
  "final_mean_timeout_delay_s": 20.0
}