{
  "scenario": "baseline_timeout",
  "strategy": "longest_queue_first",
  "seed": 50,
  "samples": 600,
  "avg_offered_load_mbps": 778.7999490711376,
  "avg_accepted_load_mbps": 778.7999490711376,
  "avg_capacity_mbps": 152.87053638993123,
  "avg_goodput_mbps": 152.61923386257155,
  "avg_queue": 75.50833333333334,
  "final_capacity_mbps": 152.42246982201254,
  "final_goodput_mbps": 152.42246982201257,
  "final_queue": 82,
  "final_blocked_rate": 0.7712875359934184,
  "final_blocked_queue_cap_rate": 0.0,
  "final_blocked_timeout_rate": 0.7712875359934184,
  "final_utilization": 1.0,
  "final_fairness": 0.9177952164861352,
  "avg_utilization": 0.9983333333333333,
  "avg_fairness": 0.9359310342609647,
  "avg_acceptance_rate": 1.0,
  "avg_service_rate": 0.19939462412939482,
  "final_mean_served_delay_s": 15.61603375527426,
  "final_p95_served_delay_s": 20.0,
  "final_mean_timeout_delay_s": 20.0
}