{
  "scenario": "both_ch64",
  "strategy": "longest_queue_first",
  "seed": 44,
  "samples": 600,
  "avg_offered_load_mbps": 764.4133077715236,
  "avg_accepted_load_mbps": 625.3209242928715,
  "avg_capacity_mbps": 204.8276139974236,
  "avg_goodput_mbps": 204.23591909495462,
  "avg_queue": 57.446666666666665,
  "final_capacity_mbps": 207.02997124134754,
  "final_goodput_mbps": 207.02997124134754,
  "final_queue": 60,
  "final_blocked_rate": 0.7060032894736842,
  "final_blocked_queue_cap_rate": 0.18338815789473684,
  "final_blocked_timeout_rate": 0.5226151315789473,
  "final_utilization": 1.0,
  "final_fairness": 0.9581014980897906,
  "avg_utilization": 0.99703125,
  "avg_fairness": 0.9554579169312813,
  "avg_acceptance_rate": 0.8317280676639864,
  "avg_service_rate": 0.2982967722985539,
  "final_mean_served_delay_s": 13.851908396946564,
  "final_p95_served_delay_s": 20.0,
  "final_mean_timeout_delay_s": 20.0
}