{
  "scenario": "baseline_queue_cap",
  "strategy": "round_robin",
  "seed": 48,
  "samples": 600,
  "avg_offered_load_mbps": 786.1313096884865,
  "avg_accepted_load_mbps": 651.3860458005329,
  "avg_capacity_mbps": 149.94123119088877,
  "avg_goodput_mbps": 149.8767958185335,
  "avg_queue": 917.6083333333333,
  "final_capacity_mbps": 150.42533021983195,
  "final_goodput_mbps": 150.42533021983198,
  "final_queue": 1515,
  "final_blocked_rate": 0.17848309975267931,
  "final_blocked_queue_cap_rate": 0.17848309975267931,
  "final_blocked_timeout_rate": 0.0,
  "final_utilization": 1.0,
  "final_fairness": 0.9429411864269189,
  "avg_utilization": 0.9975,
  "avg_fairness": 0.9417902810307623,
  "avg_acceptance_rate": 0.9673996656378603,
  "avg_service_rate": 0.19390107117454292,
  "final_mean_served_delay_s": 226.2405857740586,
  "final_p95_served_delay_s": 458.0,
  "final_mean_timeout_delay_s": 0.0
}