{
  "scenario": "baseline_both",
  "strategy": "greedy_backlog",
  "seed": 48,
  "samples": 600,
  "avg_offered_load_mbps": 786.1313096884865,
  "avg_accepted_load_mbps": 645.4557199251898,
  "avg_capacity_mbps": 192.1720960327023,
  "avg_goodput_mbps": 192.12501794295244,
  "avg_queue": 60.48166666666667,
  "final_capacity_mbps": 193.9129818635218,
  "final_goodput_mbps": 193.9129818635218,
  "final_queue": 58,
  "final_blocked_rate": 0.7337180544105524,
  "final_blocked_queue_cap_rate": 0.18178070898598517,
  "final_blocked_timeout_rate": 0.5519373454245672,
  "final_utilization": 1.0,
  "final_fairness": 0.9786294534779388,
  "avg_utilization": 0.9975,
  "avg_fairness": 0.9828118257639115,
  "avg_acceptance_rate": 0.8383129335351301,
  "avg_service_rate": 0.24417034438358357,
  "final_mean_served_delay_s": 15.9421768707483,
  "final_p95_served_delay_s": 20.0,
  "final_mean_timeout_delay_s": 20.0
}