{
  "scenario": "baseline_both",
  "strategy": "longest_queue_first",
  "seed": 49,
  "samples": 600,
  "avg_offered_load_mbps": 743.3465389769656,
  "avg_accepted_load_mbps": 600.3690862540966,
  "avg_capacity_mbps": 153.25948795683274,
  "avg_goodput_mbps": 152.78396076916422,
  "avg_queue": 59.001666666666665,
  "final_capacity_mbps": 155.76911861724895,
  "final_goodput_mbps": 155.76911861724895,
  "final_queue": 64,
  "final_blocked_rate": 0.7657807308970099,
  "final_blocked_queue_cap_rate": 0.18604651162790697,
  "final_blocked_timeout_rate": 0.579734219269103,
  "final_utilization": 1.0,
  "final_fairness": 0.9241897516592584,
  "avg_utilization": 0.99875,
  "avg_fairness": 0.9397415982384507,
  "avg_acceptance_rate": 0.8361244367079553,
  "avg_service_rate": 0.2291815829866951,
  "final_mean_served_delay_s": 14.558,
  "final_p95_served_delay_s": 20.0,
  "final_mean_timeout_delay_s": 20.0
}