{
  "scenario": "baseline_queue_cap",
  "strategy": "round_robin",
  "seed": 42,
  "samples": 600,
  "avg_offered_load_mbps": 766.2760178948384,
  "avg_accepted_load_mbps": 629.016250305675,
  "avg_capacity_mbps": 149.853592335741,
  "avg_goodput_mbps": 149.67798427958317,
  "avg_queue": 902.875,
  "final_capacity_mbps": 150.42533021983195,
  "final_goodput_mbps": 150.42533021983198,
  "final_queue": 1499,
  "final_blocked_rate": 0.17615062761506275,
  "final_blocked_queue_cap_rate": 0.17615062761506275,
  "final_blocked_timeout_rate": 0.0,
  "final_utilization": 1.0,
  "final_fairness": 0.9429411864269189,
  "avg_utilization": 0.99625,
  "avg_fairness": 0.9418499731676923,
  "avg_acceptance_rate": 0.9728316054241539,
  "avg_service_rate": 0.20091187892353402,
  "final_mean_served_delay_s": 232.59574468085106,
  "final_p95_served_delay_s": 464.0,
  "final_mean_timeout_delay_s": 0.0
}