{
  "scenario": "both_ch64",
  "strategy": "round_robin",
  "seed": 50,
  "samples": 600,
  "avg_offered_load_mbps": 778.7999490711376,
  "avg_accepted_load_mbps": 633.0905028668507,
  "avg_capacity_mbps": 204.39587690514787,
  "avg_goodput_mbps": 203.56997892135223,
  "avg_queue": 57.11833333333333,
  "final_capacity_mbps": 206.81064383197162,
  "final_goodput_mbps": 206.8106438319716,
  "final_queue": 54,
  "final_blocked_rate": 0.7227478403948993,
  "final_blocked_queue_cap_rate": 0.1958041958041958,
  "final_blocked_timeout_rate": 0.5269436445907034,
  "final_utilization": 1.0,
  "final_fairness": 0.9760716854468785,
  "avg_utilization": 0.9972395833333333,
  "avg_fairness": 0.9617240849555653,
  "avg_acceptance_rate": 0.8249125848268494,
  "avg_service_rate": 0.25765371610217147,
  "final_mean_served_delay_s": 14.048387096774194,
  "final_p95_served_delay_s": 20.0,
  "final_mean_timeout_delay_s": 20.0
}