{
  "scenario": "baseline_both",
  "strategy": "greedy_backlog",
  "seed": 49,
  "samples": 600,
  "avg_offered_load_mbps": 743.3465389769656,
  "avg_accepted_load_mbps": 617.2817454917765,
  "avg_capacity_mbps": 191.33136853108482,
  "avg_goodput_mbps": 191.08130999398935,
  "avg_queue": 60.068333333333335,
  "final_capacity_mbps": 202.19964726293236,
  "final_goodput_mbps": 202.19964726293236,
  "final_queue": 67,
  "final_blocked_rate": 0.7225913621262459,
  "final_blocked_queue_cap_rate": 0.17317275747508307,
  "final_blocked_timeout_rate": 0.5494186046511628,
  "final_utilization": 1.0,
  "final_fairness": 0.9839359004390124,
  "avg_utilization": 0.99875,
  "avg_fairness": 0.9830567339448592,
  "avg_acceptance_rate": 0.8471427719225669,
  "avg_service_rate": 0.2684568809839581,
  "final_mean_served_delay_s": 15.738768718801996,
  "final_p95_served_delay_s": 20.0,
  "final_mean_timeout_delay_s": 20.0
}