{
  "scenario": "both_q5_t10",
  "strategy": "longest_queue_first",
  "seed": 50,
  "samples": 600,
  "avg_offered_load_mbps": 778.7999490711376,
  "avg_accepted_load_mbps": 746.577982487914,
  "avg_capacity_mbps": 161.66388855256363,
  "avg_goodput_mbps": 160.70851760412822,
  "avg_queue": 34.885,
  "final_capacity_mbps": 160.49444630481278,
  "final_goodput_mbps": 160.49444630481278,
  "final_queue": 32,
  "final_blocked_rate": 0.7807486631016043,
  "final_blocked_queue_cap_rate": 0.04607157548334019,
  "final_blocked_timeout_rate": 0.7346770876182641,
  "final_utilization": 1.0,
  "final_fairness": 0.9769765674112812,
  "avg_utilization": 0.9983333333333333,
  "avg_fairness": 0.9586491597984015,
  "avg_acceptance_rate": 0.9593419638331532,
  "avg_service_rate": 0.2075931868313379,
  "final_mean_served_delay_s": 6.780439121756487,
  "final_p95_served_delay_s": 10.0,
  "final_mean_timeout_delay_s": 10.0
}