{
  "scenario": "both_int6",
  "strategy": "proportional_fair",
  "seed": 50,
  "samples": 600,
  "avg_offered_load_mbps": 778.7999490711376,
  "avg_accepted_load_mbps": 628.108175617014,
  "avg_capacity_mbps": 138.84284940706323,
  "avg_goodput_mbps": 138.77815782473792,
  "avg_queue": 59.96333333333333,
  "final_capacity_mbps": 142.00412162886087,
  "final_goodput_mbps": 142.00412162886087,
  "final_queue": 59,
  "final_blocked_rate": 0.7959687371452078,
  "final_blocked_queue_cap_rate": 0.19950637597696422,
  "final_blocked_timeout_rate": 0.5964623611682435,
  "final_utilization": 1.0,
  "final_fairness": 0.7502963650554112,
  "avg_utilization": 0.9983333333333333,
  "avg_fairness": 0.8179577777551363,
  "avg_acceptance_rate": 0.8210483087077438,
  "avg_service_rate": 0.19449798289841436,
  "final_mean_served_delay_s": 15.51487414187643,
  "final_p95_served_delay_s": 20.0,
  "final_mean_timeout_delay_s": 20.0
}