{
  "scenario": "both_q5_t40",
  "strategy": "round_robin",
  "seed": 51,
  "samples": 600,
  "avg_offered_load_mbps": 770.4303003527792,
  "avg_accepted_load_mbps": 418.0804378613003,
  "avg_capacity_mbps": 151.00310098427147,
  "avg_goodput_mbps": 150.76437330815406,
  "avg_queue": 75.62166666666667,
  "final_capacity_mbps": 150.42533021983195,
  "final_goodput_mbps": 150.42533021983195,
  "final_queue": 73,
  "final_blocked_rate": 0.7794177941779418,
  "final_blocked_queue_cap_rate": 0.45920459204592046,
  "final_blocked_timeout_rate": 0.3202132021320213,
  "final_utilization": 1.0,
  "final_fairness": 0.9429411864269189,
  "avg_utilization": 0.9989583333333333,
  "avg_fairness": 0.943071931787282,
  "avg_acceptance_rate": 0.5890710762025493,
  "avg_service_rate": 0.20739690335461194,
  "final_mean_served_delay_s": 28.378494623655914,
  "final_p95_served_delay_s": 40.0,
  "final_mean_timeout_delay_s": 40.0
}