{
  "scenario": "both_int3",
  "strategy": "proportional_fair",
  "seed": 48,
  "samples": 600,
  "avg_offered_load_mbps": 786.1313096884865,
  "avg_accepted_load_mbps": 638.1869442381219,
  "avg_capacity_mbps": 177.6549578481664,
  "avg_goodput_mbps": 177.5936940207778,
  "avg_queue": 60.14333333333333,
  "final_capacity_mbps": 183.92557824904026,
  "final_goodput_mbps": 183.92557824904029,
  "final_queue": 58,
  "final_blocked_rate": 0.765045342126958,
  "final_blocked_queue_cap_rate": 0.19084913437757625,
  "final_blocked_timeout_rate": 0.5741962077493817,
  "final_utilization": 1.0,
  "final_fairness": 0.8791827313880491,
  "avg_utilization": 0.9975,
  "avg_fairness": 0.8205807528919674,
  "avg_acceptance_rate": 0.823234116434324,
  "avg_service_rate": 0.21237304494185621,
  "final_mean_served_delay_s": 15.677734375,
  "final_p95_served_delay_s": 20.0,
  "final_mean_timeout_delay_s": 20.0
}