{
  "scenario": "both_int6",
  "strategy": "ppo_v4",
  "seed": 51,
  "episode_reward": 4.041080207794067,
  "episode_steps": 600,
  "samples": 600,
  "avg_offered_load_mbps": 770.4303003527792,
  "avg_accepted_load_mbps": 606.2310993530916,
  "avg_capacity_mbps": 141.06078110284645,
  "avg_goodput_mbps": 140.65959767275658,
  "avg_queue": 58.833333333333336,
  "final_capacity_mbps": 137.66782254723685,
  "final_goodput_mbps": 137.6678225472369,
  "final_queue": 52,
  "final_blocked_rate": 0.8023780237802378,
  "final_blocked_queue_cap_rate": 0.2058220582205822,
  "final_blocked_timeout_rate": 0.5965559655596556,
  "final_utilization": 1.0,
  "final_fairness": 0.6219381301929324,
  "avg_utilization": 0.9989583333333333,
  "avg_fairness": 0.6423176807580705,
  "avg_acceptance_rate": 0.8150671565935702,
  "avg_service_rate": 0.19283728568725983,
  "final_mean_served_delay_s": 14.265116279069767,
  "final_p95_served_delay_s": 20.0,
  "final_mean_timeout_delay_s": 20.0
}