{
  "scenario": "both_ch32",
  "strategy": "greedy_backlog",
  "seed": 47,
  "samples": 600,
  "avg_offered_load_mbps": 776.7866375396233,
  "avg_accepted_load_mbps": 643.5965249162615,
  "avg_capacity_mbps": 134.80749229859865,
  "avg_goodput_mbps": 134.79416201243947,
  "avg_queue": 61.318333333333335,
  "final_capacity_mbps": 140.37704133004922,
  "final_goodput_mbps": 140.37704133004922,
  "final_queue": 61,
  "final_blocked_rate": 0.8145363408521303,
  "final_blocked_queue_cap_rate": 0.1783625730994152,
  "final_blocked_timeout_rate": 0.6361737677527152,
  "final_utilization": 1.0,
  "final_fairness": 0.9041157577283822,
  "avg_utilization": 1.0,
  "avg_fairness": 0.9122862010616645,
  "avg_acceptance_rate": 0.8240258205623546,
  "avg_service_rate": 0.15700142859668184,
  "final_mean_served_delay_s": 15.866840731070496,
  "final_p95_served_delay_s": 20.0,
  "final_mean_timeout_delay_s": 20.0
}