{
  "scenario": "baseline_queue_cap",
  "strategy": "greedy_backlog",
  "seed": 43,
  "samples": 600,
  "avg_offered_load_mbps": 759.8008368706072,
  "avg_accepted_load_mbps": 673.7562210599989,
  "avg_capacity_mbps": 191.16594132829928,
  "avg_goodput_mbps": 191.14623441465244,
  "avg_queue": 891.935,
  "final_capacity_mbps": 188.47109609848863,
  "final_goodput_mbps": 188.4710960984886,
  "final_queue": 1514,
  "final_blocked_rate": 0.12753858651502845,
  "final_blocked_queue_cap_rate": 0.12753858651502845,
  "final_blocked_timeout_rate": 0.0,
  "final_utilization": 1.0,
  "final_fairness": 0.9868987971377308,
  "avg_utilization": 0.9985416666666667,
  "avg_fairness": 0.9823257799728297,
  "avg_acceptance_rate": 0.9860417746548442,
  "avg_service_rate": 0.25508571572080363,
  "final_mean_served_delay_s": 216.67034700315457,
  "final_p95_served_delay_s": 432.0,
  "final_mean_timeout_delay_s": 0.0
}