{
  "scenario": "both_int6",
  "strategy": "round_robin",
  "seed": 47,
  "samples": 600,
  "avg_offered_load_mbps": 776.7866375396233,
  "avg_accepted_load_mbps": 623.1430912136128,
  "avg_capacity_mbps": 132.66952865045985,
  "avg_goodput_mbps": 132.41341956277205,
  "avg_queue": 59.15833333333333,
  "final_capacity_mbps": 135.08686498616305,
  "final_goodput_mbps": 135.08686498616305,
  "final_queue": 61,
  "final_blocked_rate": 0.8187134502923976,
  "final_blocked_queue_cap_rate": 0.1946532999164578,
  "final_blocked_timeout_rate": 0.6240601503759399,
  "final_utilization": 1.0,
  "final_fairness": 0.9710000308333091,
  "avg_utilization": 0.9995833333333334,
  "avg_fairness": 0.9414651524244124,
  "avg_acceptance_rate": 0.8052895720542493,
  "avg_service_rate": 0.1480590161029004,
  "final_mean_served_delay_s": 14.345844504021448,
  "final_p95_served_delay_s": 20.0,
  "final_mean_timeout_delay_s": 20.0
}