{
  "scenario": "both_q15_t20",
  "strategy": "ppo_v4",
  "seed": 42,
  "episode_reward": 67.33458995815674,
  "episode_steps": 600,
  "samples": 600,
  "avg_offered_load_mbps": 766.2760178948384,
  "avg_accepted_load_mbps": 766.2760178948384,
  "avg_capacity_mbps": 158.3304149494887,
  "avg_goodput_mbps": 157.79067408386112,
  "avg_queue": 73.15333333333334,
  "final_capacity_mbps": 156.12030133355066,
  "final_goodput_mbps": 156.12030133355066,
  "final_queue": 92,
  "final_blocked_rate": 0.7619246861924687,
  "final_blocked_queue_cap_rate": 0.0,
  "final_blocked_timeout_rate": 0.7619246861924687,
  "final_utilization": 1.0,
  "final_fairness": 0.6796724749905261,
  "avg_utilization": 0.99625,
  "avg_fairness": 0.6576102055042783,
  "avg_acceptance_rate": 1.0,
  "avg_service_rate": 0.19831108187267488,
  "final_mean_served_delay_s": 14.645702306079665,
  "final_p95_served_delay_s": 20.0,
  "final_mean_timeout_delay_s": 20.0
}