{
  "scenario": "baseline_both",
  "strategy": "ppo",
  "seed": 46,
  "episode_reward": 7.527108584662672,
  "episode_steps": 600,
  "samples": 600,
  "avg_offered_load_mbps": 752.7792334683929,
  "avg_accepted_load_mbps": 605.3355149884163,
  "avg_capacity_mbps": 153.99675202654325,
  "avg_goodput_mbps": 153.58970556230716,
  "avg_queue": 57.14833333333333,
  "final_capacity_mbps": 153.90574021838725,
  "final_goodput_mbps": 153.90574021838725,
  "final_queue": 61,
  "final_blocked_rate": 0.7810625535561269,
  "final_blocked_queue_cap_rate": 0.18594687232219365,
  "final_blocked_timeout_rate": 0.5951156812339332,
  "final_utilization": 1.0,
  "final_fairness": 0.9693992551903611,
  "avg_utilization": 0.9985416666666667,
  "avg_fairness": 0.9317308842148577,
  "avg_acceptance_rate": 0.8179449608490876,
  "avg_service_rate": 0.19160336426651964,
  "final_mean_served_delay_s": 14.322222222222223,
  "final_p95_served_delay_s": 20.0,
  "final_mean_timeout_delay_s": 20.0
}