{
  "scenario": "both_q5_t40",
  "strategy": "proportional_fair",
  "seed": 48,
  "samples": 600,
  "avg_offered_load_mbps": 786.1313096884865,
  "avg_accepted_load_mbps": 420.9966037308852,
  "avg_capacity_mbps": 151.84177576150057,
  "avg_goodput_mbps": 151.8068790290604,
  "avg_queue": 77.84666666666666,
  "final_capacity_mbps": 151.92721102790256,
  "final_goodput_mbps": 151.9272110279026,
  "final_queue": 66,
  "final_blocked_rate": 0.7930750206100577,
  "final_blocked_queue_cap_rate": 0.45877988458367686,
  "final_blocked_timeout_rate": 0.3342951360263809,
  "final_utilization": 1.0,
  "final_fairness": 0.8532573447907961,
  "avg_utilization": 0.9975,
  "avg_fairness": 0.9108915843257285,
  "avg_acceptance_rate": 0.5909084145015261,
  "avg_service_rate": 0.18294890081171097,
  "final_mean_served_delay_s": 30.639908256880734,
  "final_p95_served_delay_s": 40.0,
  "final_mean_timeout_delay_s": 40.0
}