{
  "scenario": "both_int3",
  "strategy": "round_robin",
  "seed": 49,
  "samples": 600,
  "avg_offered_load_mbps": 743.3465389769656,
  "avg_accepted_load_mbps": 601.3609203100885,
  "avg_capacity_mbps": 173.6882822210416,
  "avg_goodput_mbps": 172.86886803496492,
  "avg_queue": 58.01166666666666,
  "final_capacity_mbps": 172.716106773708,
  "final_goodput_mbps": 172.71610677370796,
  "final_queue": 62,
  "final_blocked_rate": 0.7429401993355482,
  "final_blocked_queue_cap_rate": 0.18397009966777408,
  "final_blocked_timeout_rate": 0.5589700996677741,
  "final_utilization": 1.0,
  "final_fairness": 0.9675437958003261,
  "avg_utilization": 0.99875,
  "avg_fairness": 0.9531504931907847,
  "avg_acceptance_rate": 0.8378223294719145,
  "avg_service_rate": 0.25350354159029126,
  "final_mean_served_delay_s": 13.971274685816876,
  "final_p95_served_delay_s": 20.0,
  "final_mean_timeout_delay_s": 20.0
}