{
  "scenario": "both_ch64",
  "strategy": "proportional_fair",
  "seed": 51,
  "samples": 600,
  "avg_offered_load_mbps": 770.4303003527792,
  "avg_accepted_load_mbps": 622.629075909561,
  "avg_capacity_mbps": 205.82534484850828,
  "avg_goodput_mbps": 205.65548736844147,
  "avg_queue": 58.42166666666667,
  "final_capacity_mbps": 205.19049104402345,
  "final_goodput_mbps": 205.19049104402342,
  "final_queue": 52,
  "final_blocked_rate": 0.7199671996719967,
  "final_blocked_queue_cap_rate": 0.1918819188191882,
  "final_blocked_timeout_rate": 0.5280852808528085,
  "final_utilization": 1.0,
  "final_fairness": 0.7270112118968469,
  "avg_utilization": 0.9981770833333333,
  "avg_fairness": 0.8199989516806809,
  "avg_acceptance_rate": 0.830089243334099,
  "avg_service_rate": 0.2731296175247512,
  "final_mean_served_delay_s": 14.900158478605388,
  "final_p95_served_delay_s": 20.0,
  "final_mean_timeout_delay_s": 20.0
}