{
  "scenario": "both_int6",
  "strategy": "proportional_fair",
  "seed": 48,
  "samples": 600,
  "avg_offered_load_mbps": 786.1313096884865,
  "avg_accepted_load_mbps": 635.6805569841279,
  "avg_capacity_mbps": 138.43801697379786,
  "avg_goodput_mbps": 138.41007698405542,
  "avg_queue": 60.86,
  "final_capacity_mbps": 147.04441523645815,
  "final_goodput_mbps": 147.04441523645815,
  "final_queue": 57,
  "final_blocked_rate": 0.8202802967848309,
  "final_blocked_queue_cap_rate": 0.1978565539983512,
  "final_blocked_timeout_rate": 0.6224237427864798,
  "final_utilization": 1.0,
  "final_fairness": 0.8790035219686473,
  "avg_utilization": 0.9975,
  "avg_fairness": 0.8134554281152243,
  "avg_acceptance_rate": 0.8166558048293758,
  "avg_service_rate": 0.1535963731151391,
  "final_mean_served_delay_s": 15.831134564643799,
  "final_p95_served_delay_s": 20.0,
  "final_mean_timeout_delay_s": 20.0
}