{
  "scenario": "both_ch32",
  "strategy": "longest_queue_first",
  "seed": 43,
  "samples": 600,
  "avg_offered_load_mbps": 759.8008368706072,
  "avg_accepted_load_mbps": 598.2709908227904,
  "avg_capacity_mbps": 102.17291922921824,
  "avg_goodput_mbps": 102.0904047267575,
  "avg_queue": 60.44166666666667,
  "final_capacity_mbps": 103.61240677271833,
  "final_goodput_mbps": 103.6124067727183,
  "final_queue": 61,
  "final_blocked_rate": 0.8379366368805848,
  "final_blocked_queue_cap_rate": 0.21445978878960195,
  "final_blocked_timeout_rate": 0.6234768480909829,
  "final_utilization": 1.0,
  "final_fairness": 0.9228347065166818,
  "avg_utilization": 0.9998958333333333,
  "avg_fairness": 0.9112588534766962,
  "avg_acceptance_rate": 0.7971072261290443,
  "avg_service_rate": 0.1368818966966252,
  "final_mean_served_delay_s": 15.689349112426035,
  "final_p95_served_delay_s": 20.0,
  "final_mean_timeout_delay_s": 20.0
}