{
  "scenario": "both_q15_t20",
  "strategy": "proportional_fair",
  "seed": 45,
  "samples": 600,
  "avg_offered_load_mbps": 787.1612102454801,
  "avg_accepted_load_mbps": 787.1612102454801,
  "avg_capacity_mbps": 160.53483220868998,
  "avg_goodput_mbps": 160.44455110265415,
  "avg_queue": 75.65333333333334,
  "final_capacity_mbps": 150.5134795340096,
  "final_goodput_mbps": 150.5134795340096,
  "final_queue": 80,
  "final_blocked_rate": 0.7549261083743842,
  "final_blocked_queue_cap_rate": 0.0,
  "final_blocked_timeout_rate": 0.7549261083743842,
  "final_utilization": 1.0,
  "final_fairness": 0.8267980234238991,
  "avg_utilization": 0.9985416666666667,
  "avg_fairness": 0.7747649510799869,
  "avg_acceptance_rate": 1.0,
  "avg_service_rate": 0.2284968184991155,
  "final_mean_served_delay_s": 15.920696324951644,
  "final_p95_served_delay_s": 20.0,
  "final_mean_timeout_delay_s": 20.0
}