{
  "scenario": "both_ch64",
  "strategy": "longest_queue_first",
  "seed": 43,
  "samples": 600,
  "avg_offered_load_mbps": 759.8008368706072,
  "avg_accepted_load_mbps": 608.3805913235884,
  "avg_capacity_mbps": 204.9244656476937,
  "avg_goodput_mbps": 204.3909639728097,
  "avg_queue": 57.51,
  "final_capacity_mbps": 207.7222767821788,
  "final_goodput_mbps": 207.7222767821788,
  "final_queue": 60,
  "final_blocked_rate": 0.7079610073111292,
  "final_blocked_queue_cap_rate": 0.19943135662063363,
  "final_blocked_timeout_rate": 0.5085296506904955,
  "final_utilization": 1.0,
  "final_fairness": 0.9484970997254591,
  "avg_utilization": 0.9973958333333334,
  "avg_fairness": 0.952947801024231,
  "avg_acceptance_rate": 0.8134795002970956,
  "avg_service_rate": 0.2680332659436457,
  "final_mean_served_delay_s": 14.505311077389985,
  "final_p95_served_delay_s": 20.0,
  "final_mean_timeout_delay_s": 20.0
}