{
  "scenario": "both_q5_t40",
  "strategy": "proportional_fair",
  "seed": 44,
  "samples": 600,
  "avg_offered_load_mbps": 764.4133077715236,
  "avg_accepted_load_mbps": 409.6779732964964,
  "avg_capacity_mbps": 152.78287212772238,
  "avg_goodput_mbps": 152.62593501290203,
  "avg_queue": 77.13333333333334,
  "final_capacity_mbps": 156.89599533852595,
  "final_goodput_mbps": 156.89599533852595,
  "final_queue": 79,
  "final_blocked_rate": 0.7578125,
  "final_blocked_queue_cap_rate": 0.44695723684210525,
  "final_blocked_timeout_rate": 0.31085526315789475,
  "final_utilization": 1.0,
  "final_fairness": 0.921956801458247,
  "avg_utilization": 0.9989583333333333,
  "avg_fairness": 0.9162297098904755,
  "avg_acceptance_rate": 0.5963732205231702,
  "avg_service_rate": 0.23075488239678785,
  "final_mean_served_delay_s": 29.784313725490197,
  "final_p95_served_delay_s": 40.0,
  "final_mean_timeout_delay_s": 40.0
}