{
  "scenario": "both_int6",
  "strategy": "round_robin",
  "seed": 43,
  "samples": 600,
  "avg_offered_load_mbps": 759.8008368706072,
  "avg_accepted_load_mbps": 597.2149576157758,
  "avg_capacity_mbps": 133.11504033535252,
  "avg_goodput_mbps": 132.82217141312285,
  "avg_queue": 59.236666666666665,
  "final_capacity_mbps": 134.07483328301257,
  "final_goodput_mbps": 134.07483328301257,
  "final_queue": 61,
  "final_blocked_rate": 0.7985377741673436,
  "final_blocked_queue_cap_rate": 0.2116165718927701,
  "final_blocked_timeout_rate": 0.5869212022745736,
  "final_utilization": 1.0,
  "final_fairness": 0.9600002967152255,
  "avg_utilization": 0.9985416666666667,
  "avg_fairness": 0.942634333194022,
  "avg_acceptance_rate": 0.8003017224832841,
  "avg_service_rate": 0.1708171994184113,
  "final_mean_served_delay_s": 14.91264367816092,
  "final_p95_served_delay_s": 20.0,
  "final_mean_timeout_delay_s": 20.0
}