{
  "scenario": "baseline_both",
  "strategy": "ppo",
  "seed": 50,
  "episode_reward": 71.59737635806333,
  "episode_steps": 600,
  "samples": 600,
  "avg_offered_load_mbps": 778.7999490711376,
  "avg_accepted_load_mbps": 622.3625069835934,
  "avg_capacity_mbps": 156.49026604267735,
  "avg_goodput_mbps": 156.01742830076114,
  "avg_queue": 58.413333333333334,
  "final_capacity_mbps": 160.6479613483567,
  "final_goodput_mbps": 160.64796134835672,
  "final_queue": 55,
  "final_blocked_rate": 0.7819827231591937,
  "final_blocked_queue_cap_rate": 0.20238584944467297,
  "final_blocked_timeout_rate": 0.5795968737145207,
  "final_utilization": 1.0,
  "final_fairness": 0.7376940907896133,
  "avg_utilization": 0.9983333333333333,
  "avg_fairness": 0.7770230177041088,
  "avg_acceptance_rate": 0.816411901773685,
  "avg_service_rate": 0.2013651063661492,
  "final_mean_served_delay_s": 14.214736842105264,
  "final_p95_served_delay_s": 20.0,
  "final_mean_timeout_delay_s": 20.0
}