{
  "scenario": "both_q10_t20",
  "strategy": "longest_queue_first",
  "seed": 48,
  "samples": 600,
  "avg_offered_load_mbps": 786.1313096884865,
  "avg_accepted_load_mbps": 778.2239234161486,
  "avg_capacity_mbps": 153.01626730689662,
  "avg_goodput_mbps": 152.88456366319684,
  "avg_queue": 75.43833333333333,
  "final_capacity_mbps": 156.8897009492942,
  "final_goodput_mbps": 156.88970094929422,
  "final_queue": 73,
  "final_blocked_rate": 0.7959604286892004,
  "final_blocked_queue_cap_rate": 0.009068425391591096,
  "final_blocked_timeout_rate": 0.7868920032976092,
  "final_utilization": 1.0,
  "final_fairness": 0.9358558636271224,
  "avg_utilization": 0.9975,
  "avg_fairness": 0.9341032908519321,
  "avg_acceptance_rate": 0.9884735570596836,
  "avg_service_rate": 0.16757267018678196,
  "final_mean_served_delay_s": 15.710900473933648,
  "final_p95_served_delay_s": 20.0,
  "final_mean_timeout_delay_s": 20.0
}