{
  "scenario": "baseline_both",
  "strategy": "longest_queue_first",
  "seed": 51,
  "samples": 600,
  "avg_offered_load_mbps": 770.4303003527792,
  "avg_accepted_load_mbps": 607.0915883157875,
  "avg_capacity_mbps": 153.53889059946863,
  "avg_goodput_mbps": 153.32577987685642,
  "avg_queue": 58.54,
  "final_capacity_mbps": 151.08255265857073,
  "final_goodput_mbps": 149.66735879809258,
  "final_queue": 51,
  "final_blocked_rate": 0.7831078310783108,
  "final_blocked_queue_cap_rate": 0.2058220582205822,
  "final_blocked_timeout_rate": 0.5772857728577285,
  "final_utilization": 1.0,
  "final_fairness": 0.9307171363665095,
  "avg_utilization": 0.9989583333333333,
  "avg_fairness": 0.9373783670511472,
  "avg_acceptance_rate": 0.818770430624651,
  "avg_service_rate": 0.20741009271601663,
  "final_mean_served_delay_s": 14.51673640167364,
  "final_p95_served_delay_s": 20.0,
  "final_mean_timeout_delay_s": 20.0
}