{
  "scenario": "both_q10_t20",
  "strategy": "greedy_backlog",
  "seed": 42,
  "samples": 600,
  "avg_offered_load_mbps": 766.2760178948384,
  "avg_accepted_load_mbps": 764.2199210407407,
  "avg_capacity_mbps": 192.31593394058945,
  "avg_goodput_mbps": 192.15763492613766,
  "avg_queue": 73.46166666666667,
  "final_capacity_mbps": 194.43721083235374,
  "final_goodput_mbps": 194.4372108323537,
  "final_queue": 90,
  "final_blocked_rate": 0.7267782426778243,
  "final_blocked_queue_cap_rate": 0.002510460251046025,
  "final_blocked_timeout_rate": 0.7242677824267783,
  "final_utilization": 1.0,
  "final_fairness": 0.9860263466664072,
  "avg_utilization": 0.99625,
  "avg_fairness": 0.9848623130627739,
  "avg_acceptance_rate": 0.9982632783480777,
  "avg_service_rate": 0.21983972072294178,
  "final_mean_served_delay_s": 16.152753108348136,
  "final_p95_served_delay_s": 20.0,
  "final_mean_timeout_delay_s": 20.0
}