{
  "scenario": "baseline_timeout",
  "strategy": "longest_queue_first",
  "seed": 44,
  "samples": 600,
  "avg_offered_load_mbps": 764.4133077715236,
  "avg_accepted_load_mbps": 764.4133077715236,
  "avg_capacity_mbps": 153.33300746167538,
  "avg_goodput_mbps": 152.99098764024754,
  "avg_queue": 74.85166666666667,
  "final_capacity_mbps": 156.3979189660809,
  "final_goodput_mbps": 156.3979189660809,
  "final_queue": 77,
  "final_blocked_rate": 0.7619243421052632,
  "final_blocked_queue_cap_rate": 0.0,
  "final_blocked_timeout_rate": 0.7619243421052632,
  "final_utilization": 1.0,
  "final_fairness": 0.9383015196488824,
  "avg_utilization": 0.9989583333333333,
  "avg_fairness": 0.9376182760040394,
  "avg_acceptance_rate": 1.0,
  "avg_service_rate": 0.22353961162159497,
  "final_mean_served_delay_s": 14.99402390438247,
  "final_p95_served_delay_s": 20.0,
  "final_mean_timeout_delay_s": 20.0
}