{
  "scenario": "both_ch32",
  "strategy": "ppo_v4",
  "seed": 48,
  "episode_reward": -108.47437339107685,
  "episode_steps": 600,
  "samples": 600,
  "avg_offered_load_mbps": 786.1313096884865,
  "avg_accepted_load_mbps": 629.1668841491421,
  "avg_capacity_mbps": 108.13650260124604,
  "avg_goodput_mbps": 107.88586764432043,
  "avg_queue": 60.571666666666665,
  "final_capacity_mbps": 112.19389445641536,
  "final_goodput_mbps": 112.19389445641535,
  "final_queue": 56,
  "final_blocked_rate": 0.8507831821929102,
  "final_blocked_queue_cap_rate": 0.20403957131079967,
  "final_blocked_timeout_rate": 0.6467436108821105,
  "final_utilization": 1.0,
  "final_fairness": 0.6749479401544386,
  "avg_utilization": 0.9982291666666666,
  "avg_fairness": 0.697917610713082,
  "avg_acceptance_rate": 0.8100615204010979,
  "avg_service_rate": 0.12251864619768414,
  "final_mean_served_delay_s": 14.957516339869281,
  "final_p95_served_delay_s": 20.0,
  "final_mean_timeout_delay_s": 20.0
}