{
  "scenario": "baseline_both",
  "strategy": "ppo",
  "seed": 47,
  "episode_reward": 6.9755712721870005,
  "episode_steps": 600,
  "samples": 600,
  "avg_offered_load_mbps": 776.7866375396233,
  "avg_accepted_load_mbps": 627.2965475094178,
  "avg_capacity_mbps": 156.63960815839886,
  "avg_goodput_mbps": 156.03452208645658,
  "avg_queue": 58.42333333333333,
  "final_capacity_mbps": 160.62029846360974,
  "final_goodput_mbps": 160.6202984636097,
  "final_queue": 59,
  "final_blocked_rate": 0.7857142857142857,
  "final_blocked_queue_cap_rate": 0.19005847953216373,
  "final_blocked_timeout_rate": 0.595655806182122,
  "final_utilization": 1.0,
  "final_fairness": 0.7130853124211308,
  "avg_utilization": 0.9995833333333334,
  "avg_fairness": 0.7423964310238979,
  "avg_acceptance_rate": 0.8109075708275646,
  "avg_service_rate": 0.17778999025304804,
  "final_mean_served_delay_s": 14.044052863436123,
  "final_p95_served_delay_s": 20.0,
  "final_mean_timeout_delay_s": 20.0
}