{
  "scenario": "both_int6",
  "strategy": "longest_queue_first",
  "seed": 45,
  "samples": 600,
  "avg_offered_load_mbps": 787.1612102454801,
  "avg_accepted_load_mbps": 628.3763642739548,
  "avg_capacity_mbps": 133.6500359104792,
  "avg_goodput_mbps": 133.3339939415271,
  "avg_queue": 59.321666666666665,
  "final_capacity_mbps": 130.99838676643603,
  "final_goodput_mbps": 130.998386766436,
  "final_queue": 61,
  "final_blocked_rate": 0.798440065681445,
  "final_blocked_queue_cap_rate": 0.201559934318555,
  "final_blocked_timeout_rate": 0.59688013136289,
  "final_utilization": 1.0,
  "final_fairness": 0.9191389112764494,
  "avg_utilization": 0.9985416666666667,
  "avg_fairness": 0.9333935832564169,
  "avg_acceptance_rate": 0.809146552846082,
  "avg_service_rate": 0.19848702589306869,
  "final_mean_served_delay_s": 14.52093023255814,
  "final_p95_served_delay_s": 20.0,
  "final_mean_timeout_delay_s": 20.0
}