{
  "scenario": "both_q5_t10",
  "strategy": "ppo_v4",
  "seed": 50,
  "episode_reward": 121.85675454253578,
  "episode_steps": 600,
  "samples": 600,
  "avg_offered_load_mbps": 778.7999490711376,
  "avg_accepted_load_mbps": 746.5679692274588,
  "avg_capacity_mbps": 166.2402005479466,
  "avg_goodput_mbps": 164.56001483396676,
  "avg_queue": 34.89,
  "final_capacity_mbps": 170.36571297874204,
  "final_goodput_mbps": 170.36571297874204,
  "final_queue": 31,
  "final_blocked_rate": 0.7828054298642534,
  "final_blocked_queue_cap_rate": 0.04566022213081036,
  "final_blocked_timeout_rate": 0.737145207733443,
  "final_utilization": 1.0,
  "final_fairness": 0.6212133325830387,
  "avg_utilization": 0.9983333333333333,
  "avg_fairness": 0.6900704129502921,
  "avg_acceptance_rate": 0.9584789691879858,
  "avg_service_rate": 0.21059906809195245,
  "final_mean_served_delay_s": 6.730382293762576,
  "final_p95_served_delay_s": 10.0,
  "final_mean_timeout_delay_s": 10.0
}