{
  "scenario": "both_q10_t20",
  "strategy": "longest_queue_first",
  "seed": 46,
  "samples": 600,
  "avg_offered_load_mbps": 752.7792334683929,
  "avg_accepted_load_mbps": 746.1528644807041,
  "avg_capacity_mbps": 153.46497705088169,
  "avg_goodput_mbps": 153.28665213044857,
  "avg_queue": 71.92666666666666,
  "final_capacity_mbps": 156.35958898975602,
  "final_goodput_mbps": 156.35958898975605,
  "final_queue": 66,
  "final_blocked_rate": 0.7827763496143959,
  "final_blocked_queue_cap_rate": 0.006855184233076264,
  "final_blocked_timeout_rate": 0.7759211653813196,
  "final_utilization": 1.0,
  "final_fairness": 0.9454216427607078,
  "avg_utilization": 0.9985416666666667,
  "avg_fairness": 0.9379549153619151,
  "avg_acceptance_rate": 0.9940206155062157,
  "avg_service_rate": 0.19324616665622493,
  "final_mean_served_delay_s": 15.437641723356009,
  "final_p95_served_delay_s": 20.0,
  "final_mean_timeout_delay_s": 20.0
}