{
  "scenario": "baseline_queue_cap",
  "strategy": "greedy_backlog",
  "seed": 44,
  "samples": 600,
  "avg_offered_load_mbps": 764.4133077715236,
  "avg_accepted_load_mbps": 668.6434169180174,
  "avg_capacity_mbps": 189.25535408085818,
  "avg_goodput_mbps": 189.09907846931728,
  "avg_queue": 881.3083333333333,
  "final_capacity_mbps": 185.83049107888533,
  "final_goodput_mbps": 185.83049107888533,
  "final_queue": 1516,
  "final_blocked_rate": 0.12088815789473684,
  "final_blocked_queue_cap_rate": 0.12088815789473684,
  "final_blocked_timeout_rate": 0.0,
  "final_utilization": 1.0,
  "final_fairness": 0.9897986941894172,
  "avg_utilization": 0.9989583333333333,
  "avg_fairness": 0.9808961223192648,
  "avg_acceptance_rate": 0.989949146669354,
  "avg_service_rate": 0.27270377053738665,
  "final_mean_served_delay_s": 204.15594855305466,
  "final_p95_served_delay_s": 421.0,
  "final_mean_timeout_delay_s": 0.0
}