{
  "scenario": "both_q5_t40",
  "strategy": "proportional_fair",
  "seed": 49,
  "samples": 600,
  "avg_offered_load_mbps": 743.3465389769656,
  "avg_accepted_load_mbps": 412.618728091763,
  "avg_capacity_mbps": 152.51634303579084,
  "avg_goodput_mbps": 152.29309834408465,
  "avg_queue": 76.47666666666667,
  "final_capacity_mbps": 153.3846878480696,
  "final_goodput_mbps": 153.38468784806963,
  "final_queue": 79,
  "final_blocked_rate": 0.768687707641196,
  "final_blocked_queue_cap_rate": 0.44975083056478404,
  "final_blocked_timeout_rate": 0.31893687707641194,
  "final_utilization": 1.0,
  "final_fairness": 0.9484816598737135,
  "avg_utilization": 0.99875,
  "avg_fairness": 0.9092608836124526,
  "avg_acceptance_rate": 0.6075710110760132,
  "avg_service_rate": 0.22307131817929318,
  "final_mean_served_delay_s": 29.49163179916318,
  "final_p95_served_delay_s": 40.0,
  "final_mean_timeout_delay_s": 40.0
}