{
  "scenario": "baseline_timeout",
  "strategy": "greedy_backlog",
  "seed": 43,
  "samples": 600,
  "avg_offered_load_mbps": 759.8008368706072,
  "avg_accepted_load_mbps": 759.8008368706072,
  "avg_capacity_mbps": 193.61244012003536,
  "avg_goodput_mbps": 193.59273320638854,
  "avg_queue": 76.38333333333334,
  "final_capacity_mbps": 198.23403456312667,
  "final_goodput_mbps": 198.23403456312667,
  "final_queue": 72,
  "final_blocked_rate": 0.7225832656376929,
  "final_blocked_queue_cap_rate": 0.0,
  "final_blocked_timeout_rate": 0.7225832656376929,
  "final_utilization": 1.0,
  "final_fairness": 0.9891600280725243,
  "avg_utilization": 0.9985416666666667,
  "avg_fairness": 0.9860477748552334,
  "avg_acceptance_rate": 1.0,
  "avg_service_rate": 0.24888936682756377,
  "final_mean_served_delay_s": 16.654664484451718,
  "final_p95_served_delay_s": 20.0,
  "final_mean_timeout_delay_s": 20.0
}