{
  "scenario": "both_q5_t40",
  "strategy": "longest_queue_first",
  "seed": 46,
  "samples": 600,
  "avg_offered_load_mbps": 752.7792334683929,
  "avg_accepted_load_mbps": 416.17828549438354,
  "avg_capacity_mbps": 151.57683580187802,
  "avg_goodput_mbps": 151.47327741159006,
  "avg_queue": 75.74666666666667,
  "final_capacity_mbps": 154.9557418322321,
  "final_goodput_mbps": 154.9557418322321,
  "final_queue": 81,
  "final_blocked_rate": 0.7742073693230506,
  "final_blocked_queue_cap_rate": 0.44301628106255353,
  "final_blocked_timeout_rate": 0.331191088260497,
  "final_utilization": 1.0,
  "final_fairness": 0.9591619465702533,
  "avg_utilization": 0.9985416666666667,
  "avg_fairness": 0.9338886479068365,
  "avg_acceptance_rate": 0.5959997600684656,
  "avg_service_rate": 0.19865153728018034,
  "final_mean_served_delay_s": 30.432735426008968,
  "final_p95_served_delay_s": 40.0,
  "final_mean_timeout_delay_s": 40.0
}