{
  "scenario": "baseline_timeout",
  "strategy": "longest_queue_first",
  "seed": 45,
  "samples": 600,
  "avg_offered_load_mbps": 787.1612102454801,
  "avg_accepted_load_mbps": 787.1612102454801,
  "avg_capacity_mbps": 153.3672428043444,
  "avg_goodput_mbps": 153.04173256274035,
  "avg_queue": 75.14,
  "final_capacity_mbps": 150.7840098575307,
  "final_goodput_mbps": 150.7840098575307,
  "final_queue": 80,
  "final_blocked_rate": 0.7610837438423645,
  "final_blocked_queue_cap_rate": 0.0,
  "final_blocked_timeout_rate": 0.7610837438423645,
  "final_utilization": 1.0,
  "final_fairness": 0.935401189738023,
  "avg_utilization": 0.9985416666666667,
  "avg_fairness": 0.9354685650161841,
  "avg_acceptance_rate": 1.0,
  "avg_service_rate": 0.2262518938048658,
  "final_mean_served_delay_s": 15.155378486055778,
  "final_p95_served_delay_s": 20.0,
  "final_mean_timeout_delay_s": 20.0
}