{
  "scenario": "baseline_queue_cap",
  "strategy": "round_robin",
  "seed": 46,
  "samples": 600,
  "avg_offered_load_mbps": 752.7792334683929,
  "avg_accepted_load_mbps": 646.1476693272664,
  "avg_capacity_mbps": 150.41080063653447,
  "avg_goodput_mbps": 150.3082919207364,
  "avg_queue": 893.03,
  "final_capacity_mbps": 150.42533021983195,
  "final_goodput_mbps": 150.42533021983198,
  "final_queue": 1505,
  "final_blocked_rate": 0.1443873179091688,
  "final_blocked_queue_cap_rate": 0.1443873179091688,
  "final_blocked_timeout_rate": 0.0,
  "final_utilization": 1.0,
  "final_fairness": 0.9429411864269189,
  "avg_utilization": 0.9985416666666667,
  "avg_fairness": 0.9421900433515269,
  "avg_acceptance_rate": 0.9776292611084346,
  "avg_service_rate": 0.20227458288997893,
  "final_mean_served_delay_s": 242.71138211382114,
  "final_p95_served_delay_s": 463.0,
  "final_mean_timeout_delay_s": 0.0
}