{
  "scenario": "both_int3",
  "strategy": "ppo_v4",
  "seed": 51,
  "episode_reward": 145.02466754324954,
  "episode_steps": 600,
  "samples": 600,
  "avg_offered_load_mbps": 770.4303003527792,
  "avg_accepted_load_mbps": 609.9954416970305,
  "avg_capacity_mbps": 180.43443848936133,
  "avg_goodput_mbps": 179.8292126662646,
  "avg_queue": 57.75833333333333,
  "final_capacity_mbps": 184.63149457709628,
  "final_goodput_mbps": 184.63149457709628,
  "final_queue": 54,
  "final_blocked_rate": 0.7519475194751948,
  "final_blocked_queue_cap_rate": 0.2000820008200082,
  "final_blocked_timeout_rate": 0.5518655186551865,
  "final_utilization": 1.0,
  "final_fairness": 0.5890870761416194,
  "avg_utilization": 0.9989583333333333,
  "avg_fairness": 0.6518989278264263,
  "avg_acceptance_rate": 0.8205388589241409,
  "avg_service_rate": 0.2374401438818711,
  "final_mean_served_delay_s": 14.045372050816697,
  "final_p95_served_delay_s": 20.0,
  "final_mean_timeout_delay_s": 20.0
}