{
  "scenario": "both_ch32",
  "strategy": "proportional_fair",
  "seed": 49,
  "samples": 600,
  "avg_offered_load_mbps": 743.3465389769656,
  "avg_accepted_load_mbps": 596.7394775987497,
  "avg_capacity_mbps": 106.03444914652157,
  "avg_goodput_mbps": 105.9315124860977,
  "avg_queue": 60.775,
  "final_capacity_mbps": 103.72310630641587,
  "final_goodput_mbps": 103.72310630641587,
  "final_queue": 68,
  "final_blocked_rate": 0.8338870431893688,
  "final_blocked_queue_cap_rate": 0.19186046511627908,
  "final_blocked_timeout_rate": 0.6420265780730897,
  "final_utilization": 1.0,
  "final_fairness": 0.734268194670444,
  "avg_utilization": 1.0,
  "avg_fairness": 0.8413944212539838,
  "avg_acceptance_rate": 0.8315330335173136,
  "avg_service_rate": 0.1629266357881525,
  "final_mean_served_delay_s": 15.44277108433735,
  "final_p95_served_delay_s": 20.0,
  "final_mean_timeout_delay_s": 20.0
}