{
  "scenario": "baseline_timeout",
  "strategy": "longest_queue_first",
  "seed": 49,
  "samples": 600,
  "avg_offered_load_mbps": 743.3465389769656,
  "avg_accepted_load_mbps": 743.3465389769656,
  "avg_capacity_mbps": 153.26252293866958,
  "avg_goodput_mbps": 152.84829221339697,
  "avg_queue": 74.29833333333333,
  "final_capacity_mbps": 154.4384619238724,
  "final_goodput_mbps": 154.4384619238724,
  "final_queue": 83,
  "final_blocked_rate": 0.7591362126245847,
  "final_blocked_queue_cap_rate": 0.0,
  "final_blocked_timeout_rate": 0.7591362126245847,
  "final_utilization": 1.0,
  "final_fairness": 0.9404863807213623,
  "avg_utilization": 0.99875,
  "avg_fairness": 0.9372712887384054,
  "avg_acceptance_rate": 1.0,
  "avg_service_rate": 0.23137935468489668,
  "final_mean_served_delay_s": 15.35010060362173,
  "final_p95_served_delay_s": 20.0,
  "final_mean_timeout_delay_s": 20.0
}