{
  "scenario": "both_q10_t20",
  "strategy": "proportional_fair",
  "seed": 47,
  "samples": 600,
  "avg_offered_load_mbps": 776.7866375396233,
  "avg_accepted_load_mbps": 771.2603343077913,
  "avg_capacity_mbps": 159.68716844313707,
  "avg_goodput_mbps": 159.6119070946489,
  "avg_queue": 74.37666666666667,
  "final_capacity_mbps": 160.6987731592333,
  "final_goodput_mbps": 160.6987731592333,
  "final_queue": 77,
  "final_blocked_rate": 0.7761069340016709,
  "final_blocked_queue_cap_rate": 0.007101086048454469,
  "final_blocked_timeout_rate": 0.7690058479532164,
  "final_utilization": 1.0,
  "final_fairness": 0.7306199899548736,
  "avg_utilization": 0.9995833333333334,
  "avg_fairness": 0.7703877980811695,
  "avg_acceptance_rate": 0.9954454826795154,
  "avg_service_rate": 0.1793390817483936,
  "final_mean_served_delay_s": 16.25054466230937,
  "final_p95_served_delay_s": 20.0,
  "final_mean_timeout_delay_s": 20.0
}