{
  "scenario": "baseline_both",
  "strategy": "ppo",
  "seed": 45,
  "episode_reward": 73.50406844152063,
  "episode_steps": 600,
  "samples": 600,
  "avg_offered_load_mbps": 787.1612102454801,
  "avg_accepted_load_mbps": 633.5835224468993,
  "avg_capacity_mbps": 156.62302190787102,
  "avg_goodput_mbps": 155.99598501696912,
  "avg_queue": 58.425,
  "final_capacity_mbps": 156.66346856538112,
  "final_goodput_mbps": 156.66346856538112,
  "final_queue": 60,
  "final_blocked_rate": 0.7795566502463054,
  "final_blocked_queue_cap_rate": 0.19704433497536947,
  "final_blocked_timeout_rate": 0.5825123152709359,
  "final_utilization": 1.0,
  "final_fairness": 0.741648593588099,
  "avg_utilization": 0.9985416666666667,
  "avg_fairness": 0.7922988867673839,
  "avg_acceptance_rate": 0.8209260430579821,
  "avg_service_rate": 0.21564926276013546,
  "final_mean_served_delay_s": 13.522012578616351,
  "final_p95_served_delay_s": 20.0,
  "final_mean_timeout_delay_s": 20.0
}