{
  "scenario": "both_q5_t40",
  "strategy": "round_robin",
  "seed": 45,
  "samples": 600,
  "avg_offered_load_mbps": 787.1612102454801,
  "avg_accepted_load_mbps": 419.01979013059315,
  "avg_capacity_mbps": 150.84665617612353,
  "avg_goodput_mbps": 150.67293165674977,
  "avg_queue": 75.13833333333334,
  "final_capacity_mbps": 150.42533021983195,
  "final_goodput_mbps": 150.42533021983198,
  "final_queue": 74,
  "final_blocked_rate": 0.7721674876847291,
  "final_blocked_queue_cap_rate": 0.4610016420361248,
  "final_blocked_timeout_rate": 0.3111658456486043,
  "final_utilization": 1.0,
  "final_fairness": 0.9429411864269189,
  "avg_utilization": 0.9985416666666667,
  "avg_fairness": 0.9435318443467903,
  "avg_acceptance_rate": 0.5870004242859985,
  "avg_service_rate": 0.20926515779729418,
  "final_mean_served_delay_s": 28.575883575883577,
  "final_p95_served_delay_s": 40.0,
  "final_mean_timeout_delay_s": 40.0
}