{
  "scenario": "baseline_both",
  "strategy": "round_robin",
  "seed": 50,
  "samples": 600,
  "avg_offered_load_mbps": 778.7999490711376,
  "avg_accepted_load_mbps": 626.3517806901226,
  "avg_capacity_mbps": 152.8839310677239,
  "avg_goodput_mbps": 152.48352704807172,
  "avg_queue": 58.47,
  "final_capacity_mbps": 154.42363689027405,
  "final_goodput_mbps": 154.42363689027405,
  "final_queue": 54,
  "final_blocked_rate": 0.7782805429864253,
  "final_blocked_queue_cap_rate": 0.20320855614973263,
  "final_blocked_timeout_rate": 0.5750719868366927,
  "final_utilization": 1.0,
  "final_fairness": 0.9719181052539838,
  "avg_utilization": 0.9983333333333333,
  "avg_fairness": 0.9483044272840787,
  "avg_acceptance_rate": 0.816260815957748,
  "avg_service_rate": 0.20309227748024583,
  "final_mean_served_delay_s": 14.515463917525773,
  "final_p95_served_delay_s": 20.0,
  "final_mean_timeout_delay_s": 20.0
}