{
  "scenario": "both_ch32",
  "strategy": "greedy_backlog",
  "seed": 46,
  "samples": 600,
  "avg_offered_load_mbps": 752.7792334683929,
  "avg_accepted_load_mbps": 621.6745419751105,
  "avg_capacity_mbps": 134.6395868854838,
  "avg_goodput_mbps": 134.6005448214779,
  "avg_queue": 59.42166666666667,
  "final_capacity_mbps": 133.8294797957089,
  "final_goodput_mbps": 133.82947979570892,
  "final_queue": 63,
  "final_blocked_rate": 0.7849185946872322,
  "final_blocked_queue_cap_rate": 0.17095115681233933,
  "final_blocked_timeout_rate": 0.6139674378748929,
  "final_utilization": 1.0,
  "final_fairness": 0.9177945444550253,
  "avg_utilization": 0.9994791666666667,
  "avg_fairness": 0.913428584880524,
  "avg_acceptance_rate": 0.8308479635663326,
  "avg_service_rate": 0.19141421090704974,
  "final_mean_served_delay_s": 15.694760820045557,
  "final_p95_served_delay_s": 20.0,
  "final_mean_timeout_delay_s": 20.0
}