{
  "scenario": "both_int3",
  "strategy": "greedy_backlog",
  "seed": 51,
  "samples": 600,
  "avg_offered_load_mbps": 770.4303003527792,
  "avg_accepted_load_mbps": 625.9478861162652,
  "avg_capacity_mbps": 201.73328305812387,
  "avg_goodput_mbps": 201.6877653987418,
  "avg_queue": 59.88,
  "final_capacity_mbps": 207.55399708974525,
  "final_goodput_mbps": 207.55399708974525,
  "final_queue": 54,
  "final_blocked_rate": 0.7187371873718738,
  "final_blocked_queue_cap_rate": 0.18245182451824518,
  "final_blocked_timeout_rate": 0.5362853628536285,
  "final_utilization": 1.0,
  "final_fairness": 0.9850469257976853,
  "avg_utilization": 0.9989583333333333,
  "avg_fairness": 0.9856228620417395,
  "avg_acceptance_rate": 0.8396647783700749,
  "avg_service_rate": 0.2627980199245209,
  "final_mean_served_delay_s": 15.613924050632912,
  "final_p95_served_delay_s": 20.0,
  "final_mean_timeout_delay_s": 20.0
}