{
  "scenario": "baseline_queue_cap",
  "strategy": "round_robin",
  "seed": 44,
  "samples": 600,
  "avg_offered_load_mbps": 764.4133077715236,
  "avg_accepted_load_mbps": 633.3005278443395,
  "avg_capacity_mbps": 150.7333976710251,
  "avg_goodput_mbps": 150.51731041528762,
  "avg_queue": 916.655,
  "final_capacity_mbps": 150.42533021983195,
  "final_goodput_mbps": 150.42533021983198,
  "final_queue": 1505,
  "final_blocked_rate": 0.17557565789473684,
  "final_blocked_queue_cap_rate": 0.17557565789473684,
  "final_blocked_timeout_rate": 0.0,
  "final_utilization": 1.0,
  "final_fairness": 0.9429411864269189,
  "avg_utilization": 0.9989583333333333,
  "avg_fairness": 0.9425144800738171,
  "avg_acceptance_rate": 0.9740602349058234,
  "avg_service_rate": 0.22225720148041234,
  "final_mean_served_delay_s": 229.598,
  "final_p95_served_delay_s": 471.0,
  "final_mean_timeout_delay_s": 0.0
}