{
  "scenario": "both_q5_t40",
  "strategy": "ppo_v4",
  "seed": 42,
  "episode_reward": 21.32408274355835,
  "episode_steps": 600,
  "samples": 600,
  "avg_offered_load_mbps": 766.2760178948384,
  "avg_accepted_load_mbps": 430.54315494251847,
  "avg_capacity_mbps": 150.9498689385103,
  "avg_goodput_mbps": 150.73503673552767,
  "avg_queue": 75.33833333333334,
  "final_capacity_mbps": 151.76629134525385,
  "final_goodput_mbps": 151.76629134525388,
  "final_queue": 81,
  "final_blocked_rate": 0.7623430962343096,
  "final_blocked_queue_cap_rate": 0.43598326359832634,
  "final_blocked_timeout_rate": 0.3263598326359833,
  "final_utilization": 1.0,
  "final_fairness": 0.646889027453917,
  "avg_utilization": 0.99625,
  "avg_fairness": 0.6843751756292575,
  "avg_acceptance_rate": 0.5992694684410164,
  "avg_service_rate": 0.19807310336817707,
  "final_mean_served_delay_s": 26.763860369609855,
  "final_p95_served_delay_s": 39.0,
  "final_mean_timeout_delay_s": 40.0
}