{
  "scenario": "both_q5_t10",
  "strategy": "greedy_backlog",
  "seed": 51,
  "samples": 600,
  "avg_offered_load_mbps": 770.4303003527792,
  "avg_accepted_load_mbps": 742.5017452650926,
  "avg_capacity_mbps": 192.40478379060858,
  "avg_goodput_mbps": 192.08438294720887,
  "avg_queue": 35.685,
  "final_capacity_mbps": 187.81655230370973,
  "final_goodput_mbps": 187.81655230370973,
  "final_queue": 32,
  "final_blocked_rate": 0.7556375563755637,
  "final_blocked_queue_cap_rate": 0.03403034030340303,
  "final_blocked_timeout_rate": 0.7216072160721607,
  "final_utilization": 1.0,
  "final_fairness": 0.9568262355522302,
  "avg_utilization": 0.9989583333333333,
  "avg_fairness": 0.9838131890470493,
  "avg_acceptance_rate": 0.9730675580703252,
  "avg_service_rate": 0.23487889185858715,
  "final_mean_served_delay_s": 7.540780141843972,
  "final_p95_served_delay_s": 10.0,
  "final_mean_timeout_delay_s": 10.0
}