{
  "scenario": "both_ch64",
  "strategy": "proportional_fair",
  "seed": 44,
  "samples": 600,
  "avg_offered_load_mbps": 764.4133077715236,
  "avg_accepted_load_mbps": 624.5041188261134,
  "avg_capacity_mbps": 205.18649946544164,
  "avg_goodput_mbps": 204.9824252266403,
  "avg_queue": 58.44,
  "final_capacity_mbps": 210.50614203391896,
  "final_goodput_mbps": 210.50614203391896,
  "final_queue": 61,
  "final_blocked_rate": 0.7055921052631579,
  "final_blocked_queue_cap_rate": 0.18174342105263158,
  "final_blocked_timeout_rate": 0.5238486842105263,
  "final_utilization": 1.0,
  "final_fairness": 0.7905244931326247,
  "avg_utilization": 0.99703125,
  "avg_fairness": 0.8219587679121719,
  "avg_acceptance_rate": 0.8335298572479326,
  "avg_service_rate": 0.295446113261934,
  "final_mean_served_delay_s": 14.661068702290077,
  "final_p95_served_delay_s": 20.0,
  "final_mean_timeout_delay_s": 20.0
}