{
  "scenario": "both_q5_t10",
  "strategy": "round_robin",
  "seed": 49,
  "samples": 600,
  "avg_offered_load_mbps": 743.3465389769656,
  "avg_accepted_load_mbps": 713.0425387026612,
  "avg_capacity_mbps": 161.49766517401957,
  "avg_goodput_mbps": 160.05612173211676,
  "avg_queue": 34.656666666666666,
  "final_capacity_mbps": 161.48756426025312,
  "final_goodput_mbps": 161.48756426025312,
  "final_queue": 36,
  "final_blocked_rate": 0.771594684385382,
  "final_blocked_queue_cap_rate": 0.03571428571428571,
  "final_blocked_timeout_rate": 0.7358803986710963,
  "final_utilization": 1.0,
  "final_fairness": 0.9744641781689961,
  "avg_utilization": 0.99875,
  "avg_fairness": 0.9648068032161251,
  "avg_acceptance_rate": 0.9702208660908634,
  "avg_service_rate": 0.2438441031036028,
  "final_mean_served_delay_s": 6.64591439688716,
  "final_p95_served_delay_s": 10.0,
  "final_mean_timeout_delay_s": 10.0
}