{
  "scenario": "baseline_queue_cap",
  "strategy": "greedy_backlog",
  "seed": 49,
  "samples": 600,
  "avg_offered_load_mbps": 743.3465389769656,
  "avg_accepted_load_mbps": 655.1631065804556,
  "avg_capacity_mbps": 189.0024609764206,
  "avg_goodput_mbps": 188.7524024393251,
  "avg_queue": 846.51,
  "final_capacity_mbps": 177.08914008195356,
  "final_goodput_mbps": 177.08914008195356,
  "final_queue": 1514,
  "final_blocked_rate": 0.11586378737541528,
  "final_blocked_queue_cap_rate": 0.11586378737541528,
  "final_blocked_timeout_rate": 0.0,
  "final_utilization": 1.0,
  "final_fairness": 0.9640443749236048,
  "avg_utilization": 0.99875,
  "avg_fairness": 0.9797420437342149,
  "avg_acceptance_rate": 0.9911578540827697,
  "avg_service_rate": 0.27181800892565305,
  "final_mean_served_delay_s": 208.11544715447155,
  "final_p95_served_delay_s": 401.0,
  "final_mean_timeout_delay_s": 0.0
}