{
  "scenario": "both_int6",
  "strategy": "longest_queue_first",
  "seed": 42,
  "samples": 600,
  "avg_offered_load_mbps": 766.2760178948384,
  "avg_accepted_load_mbps": 613.8157650286361,
  "avg_capacity_mbps": 132.60967379391425,
  "avg_goodput_mbps": 132.34560134508712,
  "avg_queue": 59.248333333333335,
  "final_capacity_mbps": 131.34309436356642,
  "final_goodput_mbps": 131.3430943635664,
  "final_queue": 72,
  "final_blocked_rate": 0.794560669456067,
  "final_blocked_queue_cap_rate": 0.18702928870292887,
  "final_blocked_timeout_rate": 0.6075313807531381,
  "final_utilization": 1.0,
  "final_fairness": 0.915401028157096,
  "avg_utilization": 0.99625,
  "avg_fairness": 0.9315938191245436,
  "avg_acceptance_rate": 0.8307536841341623,
  "avg_service_rate": 0.1778349953242346,
  "final_mean_served_delay_s": 14.618138424821002,
  "final_p95_served_delay_s": 20.0,
  "final_mean_timeout_delay_s": 20.0
}