{
  "scenario": "baseline",
  "strategy": "proportional_fair",
  "seed": 50,
  "samples": 600,
  "avg_offered_load_mbps": 39.13661619741322,
  "avg_accepted_load_mbps": 39.13661619741322,
  "avg_capacity_mbps": 49.72369636340997,
  "avg_goodput_mbps": 39.13661619741322,
  "avg_queue": 1.2666666666666666,
  "final_capacity_mbps": 24.44751140943256,
  "final_goodput_mbps": 8.0,
  "final_queue": 0,
  "final_blocked_rate": 0.0,
  "final_blocked_queue_cap_rate": 0.0,
  "final_blocked_timeout_rate": 0.0,
  "final_utilization": 0.125,
  "final_fairness": 1.0,
  "avg_utilization": 0.236875,
  "avg_fairness": 0.8527836115764367,
  "avg_acceptance_rate": 1.0,
  "avg_service_rate": 0.9830323201828445,
  "final_mean_served_delay_s": 2.4960629921259843,
  "final_p95_served_delay_s": 7.0,
  "final_mean_timeout_delay_s": 0.0
}