{
  "scenario": "both_ch32",
  "strategy": "ppo_v4",
  "seed": 47,
  "episode_reward": -100.74568103822519,
  "episode_steps": 600,
  "samples": 600,
  "avg_offered_load_mbps": 776.7866375396233,
  "avg_accepted_load_mbps": 627.496622729362,
  "avg_capacity_mbps": 108.32114582045926,
  "avg_goodput_mbps": 108.04700606802888,
  "avg_queue": 59.935,
  "final_capacity_mbps": 107.39126032311113,
  "final_goodput_mbps": 107.20853569955521,
  "final_queue": 61,
  "final_blocked_rate": 0.8504594820384294,
  "final_blocked_queue_cap_rate": 0.19423558897243107,
  "final_blocked_timeout_rate": 0.6562238930659984,
  "final_utilization": 1.0,
  "final_fairness": 0.6099118964640105,
  "avg_utilization": 1.0,
  "avg_fairness": 0.7073570837433988,
  "avg_acceptance_rate": 0.8065450967255626,
  "avg_service_rate": 0.12211218777477763,
  "final_mean_served_delay_s": 14.168350168350168,
  "final_p95_served_delay_s": 20.0,
  "final_mean_timeout_delay_s": 20.0
}