{
  "scenario": "both_ch64",
  "strategy": "round_robin",
  "seed": 46,
  "samples": 600,
  "avg_offered_load_mbps": 752.7792334683929,
  "avg_accepted_load_mbps": 612.6397043965287,
  "avg_capacity_mbps": 204.75233810078672,
  "avg_goodput_mbps": 204.1301165257873,
  "avg_queue": 55.888333333333335,
  "final_capacity_mbps": 206.76187898246192,
  "final_goodput_mbps": 206.76187898246192,
  "final_queue": 58,
  "final_blocked_rate": 0.7142245072836333,
  "final_blocked_queue_cap_rate": 0.17694944301628107,
  "final_blocked_timeout_rate": 0.5372750642673522,
  "final_utilization": 1.0,
  "final_fairness": 0.9696406511281663,
  "avg_utilization": 0.9969791666666666,
  "avg_fairness": 0.9626870605363415,
  "avg_acceptance_rate": 0.8246410678439844,
  "avg_service_rate": 0.26798153339991115,
  "final_mean_served_delay_s": 14.078817733990148,
  "final_p95_served_delay_s": 20.0,
  "final_mean_timeout_delay_s": 20.0
}