{
  "scenario": "baseline_timeout",
  "strategy": "round_robin",
  "seed": 50,
  "samples": 600,
  "avg_offered_load_mbps": 778.7999490711376,
  "avg_accepted_load_mbps": 778.7999490711376,
  "avg_capacity_mbps": 152.25484024877528,
  "avg_goodput_mbps": 151.94044877054884,
  "avg_queue": 75.25,
  "final_capacity_mbps": 150.42533021983195,
  "final_goodput_mbps": 150.42533021983198,
  "final_queue": 82,
  "final_blocked_rate": 0.7704648292883587,
  "final_blocked_queue_cap_rate": 0.0,
  "final_blocked_timeout_rate": 0.7704648292883587,
  "final_utilization": 1.0,
  "final_fairness": 0.9429411864269189,
  "avg_utilization": 0.9983333333333333,
  "avg_fairness": 0.9467061789797229,
  "avg_acceptance_rate": 1.0,
  "avg_service_rate": 0.20072378947496017,
  "final_mean_served_delay_s": 15.313025210084033,
  "final_p95_served_delay_s": 20.0,
  "final_mean_timeout_delay_s": 20.0
}