{
  "scenario": "baseline_both",
  "strategy": "ppo",
  "seed": 42,
  "episode_reward": 83.67785825422652,
  "episode_steps": 600,
  "samples": 600,
  "avg_offered_load_mbps": 766.2760178948384,
  "avg_accepted_load_mbps": 620.1825962293948,
  "avg_capacity_mbps": 156.0636616687816,
  "avg_goodput_mbps": 155.55002480101336,
  "avg_queue": 58.32833333333333,
  "final_capacity_mbps": 156.82896148747264,
  "final_goodput_mbps": 156.82896148747264,
  "final_queue": 73,
  "final_blocked_rate": 0.7581589958158996,
  "final_blocked_queue_cap_rate": 0.1815899581589958,
  "final_blocked_timeout_rate": 0.5765690376569038,
  "final_utilization": 1.0,
  "final_fairness": 0.7129309306461168,
  "avg_utilization": 0.99625,
  "avg_fairness": 0.7818481440680601,
  "avg_acceptance_rate": 0.8361600128927712,
  "avg_service_rate": 0.20832693896189822,
  "final_mean_served_delay_s": 14.112871287128712,
  "final_p95_served_delay_s": 20.0,
  "final_mean_timeout_delay_s": 20.0
}