{
  "scenario": "both_q5_t40",
  "strategy": "longest_queue_first",
  "seed": 49,
  "samples": 600,
  "avg_offered_load_mbps": 743.3465389769656,
  "avg_accepted_load_mbps": 410.28299049127327,
  "avg_capacity_mbps": 151.58088706114373,
  "avg_goodput_mbps": 151.2556557592679,
  "avg_queue": 75.66833333333334,
  "final_capacity_mbps": 153.3846878480696,
  "final_goodput_mbps": 153.38468784806963,
  "final_queue": 79,
  "final_blocked_rate": 0.771594684385382,
  "final_blocked_queue_cap_rate": 0.45058139534883723,
  "final_blocked_timeout_rate": 0.32101328903654486,
  "final_utilization": 1.0,
  "final_fairness": 0.9484816598737135,
  "avg_utilization": 0.99875,
  "avg_fairness": 0.9355779441174633,
  "avg_acceptance_rate": 0.6062810827988169,
  "avg_service_rate": 0.22540543864778853,
  "final_mean_served_delay_s": 28.43099787685775,
  "final_p95_served_delay_s": 40.0,
  "final_mean_timeout_delay_s": 40.0
}