{
  "scenario": "baseline_timeout",
  "strategy": "greedy_backlog",
  "seed": 46,
  "samples": 600,
  "avg_offered_load_mbps": 752.7792334683929,
  "avg_accepted_load_mbps": 752.7792334683929,
  "avg_capacity_mbps": 193.33227075705634,
  "avg_goodput_mbps": 193.2424343328822,
  "avg_queue": 71.51333333333334,
  "final_capacity_mbps": 191.49546813603246,
  "final_goodput_mbps": 191.49546813603243,
  "final_queue": 66,
  "final_blocked_rate": 0.7069408740359897,
  "final_blocked_queue_cap_rate": 0.0,
  "final_blocked_timeout_rate": 0.7069408740359897,
  "final_utilization": 1.0,
  "final_fairness": 0.9933311251979644,
  "avg_utilization": 0.9985416666666667,
  "avg_fairness": 0.984413530997845,
  "avg_acceptance_rate": 1.0,
  "avg_service_rate": 0.2721687428334253,
  "final_mean_served_delay_s": 16.12297734627832,
  "final_p95_served_delay_s": 20.0,
  "final_mean_timeout_delay_s": 20.0
}