{
  "scenario": "both_int3",
  "strategy": "greedy_backlog",
  "seed": 49,
  "samples": 600,
  "avg_offered_load_mbps": 743.3465389769656,
  "avg_accepted_load_mbps": 622.2855513646836,
  "avg_capacity_mbps": 201.10805255731339,
  "avg_goodput_mbps": 200.81784177708744,
  "avg_queue": 59.965,
  "final_capacity_mbps": 206.88796968950882,
  "final_goodput_mbps": 206.88796968950885,
  "final_queue": 67,
  "final_blocked_rate": 0.7072259136212624,
  "final_blocked_queue_cap_rate": 0.16985049833887042,
  "final_blocked_timeout_rate": 0.5373754152823921,
  "final_utilization": 1.0,
  "final_fairness": 0.98832806056044,
  "avg_utilization": 0.99875,
  "avg_fairness": 0.9856366190217632,
  "avg_acceptance_rate": 0.8497760069379913,
  "avg_service_rate": 0.28027564621355594,
  "final_mean_served_delay_s": 15.695924764890282,
  "final_p95_served_delay_s": 20.0,
  "final_mean_timeout_delay_s": 20.0
}