{
  "scenario": "baseline_both",
  "strategy": "greedy_backlog",
  "seed": 46,
  "samples": 600,
  "avg_offered_load_mbps": 752.7792334683929,
  "avg_accepted_load_mbps": 625.5809297137823,
  "avg_capacity_mbps": 192.60250261277204,
  "avg_goodput_mbps": 192.51266618859793,
  "avg_queue": 58.248333333333335,
  "final_capacity_mbps": 186.73751090621576,
  "final_goodput_mbps": 186.73751090621576,
  "final_queue": 63,
  "final_blocked_rate": 0.7103684661525278,
  "final_blocked_queue_cap_rate": 0.16195372750642673,
  "final_blocked_timeout_rate": 0.5484147386461011,
  "final_utilization": 1.0,
  "final_fairness": 0.9827644498285698,
  "avg_utilization": 0.9985416666666667,
  "avg_fairness": 0.9835909628644018,
  "avg_acceptance_rate": 0.8423229239007557,
  "avg_service_rate": 0.26732001056871807,
  "final_mean_served_delay_s": 15.380097879282218,
  "final_p95_served_delay_s": 20.0,
  "final_mean_timeout_delay_s": 20.0
}