{
  "scenario": "both_int3",
  "strategy": "longest_queue_first",
  "seed": 42,
  "samples": 600,
  "avg_offered_load_mbps": 766.2760178948384,
  "avg_accepted_load_mbps": 615.8991350521989,
  "avg_capacity_mbps": 173.36044996353988,
  "avg_goodput_mbps": 172.98091672373084,
  "avg_queue": 58.04,
  "final_capacity_mbps": 173.83801375426552,
  "final_goodput_mbps": 173.83801375426546,
  "final_queue": 72,
  "final_blocked_rate": 0.7384937238493724,
  "final_blocked_queue_cap_rate": 0.1815899581589958,
  "final_blocked_timeout_rate": 0.5569037656903766,
  "final_utilization": 1.0,
  "final_fairness": 0.9256467107339658,
  "avg_utilization": 0.99625,
  "avg_fairness": 0.943195040575211,
  "avg_acceptance_rate": 0.8339110502621384,
  "avg_service_rate": 0.22569712607647072,
  "final_mean_served_delay_s": 14.433996383363471,
  "final_p95_served_delay_s": 20.0,
  "final_mean_timeout_delay_s": 20.0
}