{
  "scenario": "both_q10_t20",
  "strategy": "proportional_fair",
  "seed": 50,
  "samples": 600,
  "avg_offered_load_mbps": 778.7999490711376,
  "avg_accepted_load_mbps": 771.6246220623543,
  "avg_capacity_mbps": 159.51872175858915,
  "avg_goodput_mbps": 159.43890051768483,
  "avg_queue": 74.94,
  "final_capacity_mbps": 161.23809789600003,
  "final_goodput_mbps": 161.23809789600003,
  "final_queue": 84,
  "final_blocked_rate": 0.769642122583299,
  "final_blocked_queue_cap_rate": 0.01192924722336487,
  "final_blocked_timeout_rate": 0.7577128753599341,
  "final_utilization": 1.0,
  "final_fairness": 0.7090927603526307,
  "avg_utilization": 0.9983333333333333,
  "avg_fairness": 0.7739170602562344,
  "avg_acceptance_rate": 0.99135545023073,
  "avg_service_rate": 0.20617431831214486,
  "final_mean_served_delay_s": 16.15546218487395,
  "final_p95_served_delay_s": 20.0,
  "final_mean_timeout_delay_s": 20.0
}