{
  "scenario": "baseline_both",
  "strategy": "longest_queue_first",
  "seed": 44,
  "samples": 600,
  "avg_offered_load_mbps": 764.4133077715236,
  "avg_accepted_load_mbps": 619.4940637767759,
  "avg_capacity_mbps": 153.4953235957438,
  "avg_goodput_mbps": 153.11705806178344,
  "avg_queue": 58.79333333333334,
  "final_capacity_mbps": 155.4617630244004,
  "final_goodput_mbps": 155.4617630244004,
  "final_queue": 59,
  "final_blocked_rate": 0.7738486842105263,
  "final_blocked_queue_cap_rate": 0.1953125,
  "final_blocked_timeout_rate": 0.5785361842105263,
  "final_utilization": 1.0,
  "final_fairness": 0.9462316648955205,
  "avg_utilization": 0.9989583333333333,
  "avg_fairness": 0.9412105805853094,
  "avg_acceptance_rate": 0.8185665045282902,
  "avg_service_rate": 0.22061962816157973,
  "final_mean_served_delay_s": 14.25458248472505,
  "final_p95_served_delay_s": 20.0,
  "final_mean_timeout_delay_s": 20.0
}