{
  "scenario": "baseline_both",
  "strategy": "longest_queue_first",
  "seed": 43,
  "samples": 600,
  "avg_offered_load_mbps": 759.8008368706072,
  "avg_accepted_load_mbps": 600.2591253763319,
  "avg_capacity_mbps": 153.47234271886376,
  "avg_goodput_mbps": 153.24085157322617,
  "avg_queue": 59.09166666666667,
  "final_capacity_mbps": 155.85887871227277,
  "final_goodput_mbps": 155.8588787122728,
  "final_queue": 62,
  "final_blocked_rate": 0.7725426482534524,
  "final_blocked_queue_cap_rate": 0.20633631194151097,
  "final_blocked_timeout_rate": 0.5662063363119415,
  "final_utilization": 1.0,
  "final_fairness": 0.9381993443753402,
  "avg_utilization": 0.9985416666666667,
  "avg_fairness": 0.9368703659893346,
  "avg_acceptance_rate": 0.8065638353926622,
  "avg_service_rate": 0.19970769749951997,
  "final_mean_served_delay_s": 15.014056224899598,
  "final_p95_served_delay_s": 20.0,
  "final_mean_timeout_delay_s": 20.0
}