{
  "scenario": "baseline_timeout",
  "strategy": "proportional_fair",
  "seed": 48,
  "samples": 600,
  "avg_offered_load_mbps": 786.1313096884865,
  "avg_accepted_load_mbps": 786.1313096884865,
  "avg_capacity_mbps": 159.08342675868337,
  "avg_goodput_mbps": 159.04841962761606,
  "avg_queue": 76.69166666666666,
  "final_capacity_mbps": 160.09230684643376,
  "final_goodput_mbps": 160.09230684643376,
  "final_queue": 74,
  "final_blocked_rate": 0.7856553998351196,
  "final_blocked_queue_cap_rate": 0.0,
  "final_blocked_timeout_rate": 0.7856553998351196,
  "final_utilization": 1.0,
  "final_fairness": 0.7928503860945426,
  "avg_utilization": 0.9975,
  "avg_fairness": 0.7711122013756068,
  "avg_acceptance_rate": 1.0,
  "avg_service_rate": 0.18099189524366013,
  "final_mean_served_delay_s": 16.699551569506728,
  "final_p95_served_delay_s": 20.0,
  "final_mean_timeout_delay_s": 20.0
}