{
  "scenario": "both_int3",
  "strategy": "ppo_v4",
  "seed": 48,
  "episode_reward": 141.4044296153026,
  "episode_steps": 600,
  "samples": 600,
  "avg_offered_load_mbps": 786.1313096884865,
  "avg_accepted_load_mbps": 643.8203340244046,
  "avg_capacity_mbps": 182.15273635787193,
  "avg_goodput_mbps": 181.51856513207613,
  "avg_queue": 58.68666666666667,
  "final_capacity_mbps": 181.3356999641129,
  "final_goodput_mbps": 181.33569996411296,
  "final_queue": 53,
  "final_blocked_rate": 0.7600989282769992,
  "final_blocked_queue_cap_rate": 0.19167353668590273,
  "final_blocked_timeout_rate": 0.5684253915910965,
  "final_utilization": 1.0,
  "final_fairness": 0.7534230657944395,
  "avg_utilization": 0.9975,
  "avg_fairness": 0.646651224295234,
  "avg_acceptance_rate": 0.8267708839575557,
  "avg_service_rate": 0.22616017117057377,
  "final_mean_served_delay_s": 14.217391304347826,
  "final_p95_served_delay_s": 20.0,
  "final_mean_timeout_delay_s": 20.0
}