{
  "scenario": "baseline",
  "strategy": "proportional_fair",
  "seed": 42,
  "samples": 600,
  "avg_offered_load_mbps": 43.47403861164897,
  "avg_accepted_load_mbps": 43.47403861164897,
  "avg_capacity_mbps": 54.69890032818828,
  "avg_goodput_mbps": 43.315678785749384,
  "avg_queue": 1.4333333333333333,
  "final_capacity_mbps": 50.27393622349042,
  "final_goodput_mbps": 47.74807421413253,
  "final_queue": 1,
  "final_blocked_rate": 0.0,
  "final_blocked_queue_cap_rate": 0.0,
  "final_blocked_timeout_rate": 0.0,
  "final_utilization": 0.25,
  "final_fairness": 0.9992482704672878,
  "avg_utilization": 0.26104166666666667,
  "avg_fairness": 0.8782335880648363,
  "avg_acceptance_rate": 1.0,
  "avg_service_rate": 0.9811810640192743,
  "final_mean_served_delay_s": 2.6615087040618954,
  "final_p95_served_delay_s": 7.0,
  "final_mean_timeout_delay_s": 0.0
}