{
  "scenario": "both_int3",
  "strategy": "proportional_fair",
  "seed": 45,
  "samples": 600,
  "avg_offered_load_mbps": 787.1612102454801,
  "avg_accepted_load_mbps": 637.9943782348126,
  "avg_capacity_mbps": 177.9339505597329,
  "avg_goodput_mbps": 177.77809618003502,
  "avg_queue": 59.098333333333336,
  "final_capacity_mbps": 173.18970307084032,
  "final_goodput_mbps": 173.18970307084027,
  "final_queue": 62,
  "final_blocked_rate": 0.7335796387520526,
  "final_blocked_queue_cap_rate": 0.18596059113300492,
  "final_blocked_timeout_rate": 0.5476190476190477,
  "final_utilization": 1.0,
  "final_fairness": 0.8313034745100419,
  "avg_utilization": 0.9985416666666667,
  "avg_fairness": 0.8220758235809861,
  "avg_acceptance_rate": 0.8323433643368466,
  "avg_service_rate": 0.2669426965590462,
  "final_mean_served_delay_s": 14.749574105621805,
  "final_p95_served_delay_s": 20.0,
  "final_mean_timeout_delay_s": 20.0
}