{
  "scenario": "both_int6",
  "strategy": "greedy_backlog",
  "seed": 47,
  "samples": 600,
  "avg_offered_load_mbps": 776.7866375396233,
  "avg_accepted_load_mbps": 643.3661661356457,
  "avg_capacity_mbps": 183.37332675156694,
  "avg_goodput_mbps": 183.30749352352035,
  "avg_queue": 60.135,
  "final_capacity_mbps": 187.86118648221472,
  "final_goodput_mbps": 187.86118648221475,
  "final_queue": 60,
  "final_blocked_rate": 0.7514619883040936,
  "final_blocked_queue_cap_rate": 0.17293233082706766,
  "final_blocked_timeout_rate": 0.5785296574770259,
  "final_utilization": 1.0,
  "final_fairness": 0.9915153800268613,
  "avg_utilization": 0.9995833333333334,
  "avg_fairness": 0.9799723999614626,
  "avg_acceptance_rate": 0.8280637333868587,
  "avg_service_rate": 0.2103415024798532,
  "final_mean_served_delay_s": 15.525233644859814,
  "final_p95_served_delay_s": 20.0,
  "final_mean_timeout_delay_s": 20.0
}