{
  "scenario": "both_q5_t40",
  "strategy": "greedy_backlog",
  "seed": 47,
  "samples": 600,
  "avg_offered_load_mbps": 776.7866375396233,
  "avg_accepted_load_mbps": 452.41273909957505,
  "avg_capacity_mbps": 190.15992002573174,
  "avg_goodput_mbps": 190.0831854650363,
  "avg_queue": 78.58166666666666,
  "final_capacity_mbps": 176.23839949008158,
  "final_goodput_mbps": 176.23839949008158,
  "final_queue": 78,
  "final_blocked_rate": 0.7339181286549707,
  "final_blocked_queue_cap_rate": 0.4302422723475355,
  "final_blocked_timeout_rate": 0.30367585630743527,
  "final_utilization": 1.0,
  "final_fairness": 0.946278724769085,
  "avg_utilization": 0.9995833333333334,
  "avg_fairness": 0.9806477867242368,
  "avg_acceptance_rate": 0.5984029579146544,
  "avg_service_rate": 0.21946477733618516,
  "final_mean_served_delay_s": 30.59928443649374,
  "final_p95_served_delay_s": 40.0,
  "final_mean_timeout_delay_s": 40.0
}