{
  "scenario": "both_ch32",
  "strategy": "round_robin",
  "seed": 50,
  "samples": 600,
  "avg_offered_load_mbps": 778.7999490711376,
  "avg_accepted_load_mbps": 617.2359253431234,
  "avg_capacity_mbps": 101.74294448370482,
  "avg_goodput_mbps": 101.55648623112366,
  "avg_queue": 59.76833333333333,
  "final_capacity_mbps": 102.62417368705765,
  "final_goodput_mbps": 102.62417368705762,
  "final_queue": 59,
  "final_blocked_rate": 0.8482106129164952,
  "final_blocked_queue_cap_rate": 0.21225832990538873,
  "final_blocked_timeout_rate": 0.6359522830111065,
  "final_utilization": 1.0,
  "final_fairness": 0.950312048133192,
  "avg_utilization": 0.9991666666666666,
  "avg_fairness": 0.9218350805332002,
  "avg_acceptance_rate": 0.803265192095775,
  "avg_service_rate": 0.13134947112306727,
  "final_mean_served_delay_s": 14.783870967741935,
  "final_p95_served_delay_s": 20.0,
  "final_mean_timeout_delay_s": 20.0
}