{
  "scenario": "both_ch32",
  "strategy": "longest_queue_first",
  "seed": 46,
  "samples": 600,
  "avg_offered_load_mbps": 752.7792334683929,
  "avg_accepted_load_mbps": 603.1000479292948,
  "avg_capacity_mbps": 102.608112841234,
  "avg_goodput_mbps": 102.54924016078706,
  "avg_queue": 58.685,
  "final_capacity_mbps": 105.08347820337421,
  "final_goodput_mbps": 105.0834782033742,
  "final_queue": 64,
  "final_blocked_rate": 0.8491859468723222,
  "final_blocked_queue_cap_rate": 0.19237360754070265,
  "final_blocked_timeout_rate": 0.6568123393316195,
  "final_utilization": 1.0,
  "final_fairness": 0.914021637817583,
  "avg_utilization": 0.9994791666666667,
  "avg_fairness": 0.9158703788602424,
  "avg_acceptance_rate": 0.8101123028460239,
  "avg_service_rate": 0.1242964498070497,
  "final_mean_served_delay_s": 14.881944444444445,
  "final_p95_served_delay_s": 20.0,
  "final_mean_timeout_delay_s": 20.0
}