{
  "scenario": "both_q10_t20",
  "strategy": "proportional_fair",
  "seed": 46,
  "samples": 600,
  "avg_offered_load_mbps": 752.7792334683929,
  "avg_accepted_load_mbps": 747.0631000484648,
  "avg_capacity_mbps": 159.39814339165986,
  "avg_goodput_mbps": 159.34902999806158,
  "avg_queue": 72.11666666666666,
  "final_capacity_mbps": 158.01835589553636,
  "final_goodput_mbps": 158.0183558955364,
  "final_queue": 65,
  "final_blocked_rate": 0.7660668380462725,
  "final_blocked_queue_cap_rate": 0.005998286203941731,
  "final_blocked_timeout_rate": 0.7600685518423308,
  "final_utilization": 1.0,
  "final_fairness": 0.7996487085693191,
  "avg_utilization": 0.9985416666666667,
  "avg_fairness": 0.7738531891963368,
  "avg_acceptance_rate": 0.9948110961247748,
  "avg_service_rate": 0.21114373973562514,
  "final_mean_served_delay_s": 16.064449064449065,
  "final_p95_served_delay_s": 20.0,
  "final_mean_timeout_delay_s": 20.0
}