{
  "scenario": "both_q15_t20",
  "strategy": "ppo_v4",
  "seed": 50,
  "episode_reward": 61.0628992603054,
  "episode_steps": 600,
  "samples": 600,
  "avg_offered_load_mbps": 778.7999490711376,
  "avg_accepted_load_mbps": 778.762374768886,
  "avg_capacity_mbps": 157.34188264120408,
  "avg_goodput_mbps": 156.8169063399858,
  "avg_queue": 75.16,
  "final_capacity_mbps": 159.55854129826454,
  "final_goodput_mbps": 159.55854129826452,
  "final_queue": 80,
  "final_blocked_rate": 0.7737556561085973,
  "final_blocked_queue_cap_rate": 0.00041135335252982314,
  "final_blocked_timeout_rate": 0.7733443027560675,
  "final_utilization": 1.0,
  "final_fairness": 0.6460158903659952,
  "avg_utilization": 0.9983333333333333,
  "avg_fairness": 0.6615831354282486,
  "avg_acceptance_rate": 0.9998911299729755,
  "avg_service_rate": 0.19574575478297226,
  "final_mean_served_delay_s": 15.148936170212766,
  "final_p95_served_delay_s": 20.0,
  "final_mean_timeout_delay_s": 20.0
}