{
  "scenario": "both_q5_t40",
  "strategy": "longest_queue_first",
  "seed": 42,
  "samples": 600,
  "avg_offered_load_mbps": 766.2760178948384,
  "avg_accepted_load_mbps": 412.82192058947413,
  "avg_capacity_mbps": 150.9221330446278,
  "avg_goodput_mbps": 150.76521562176538,
  "avg_queue": 76.23833333333333,
  "final_capacity_mbps": 151.11158164281963,
  "final_goodput_mbps": 151.11158164281963,
  "final_queue": 82,
  "final_blocked_rate": 0.7627615062761506,
  "final_blocked_queue_cap_rate": 0.44686192468619246,
  "final_blocked_timeout_rate": 0.3158995815899582,
  "final_utilization": 1.0,
  "final_fairness": 0.9365317172326949,
  "avg_utilization": 0.99625,
  "avg_fairness": 0.9315090538037655,
  "avg_acceptance_rate": 0.5926549323102357,
  "avg_service_rate": 0.19798357590389448,
  "final_mean_served_delay_s": 29.748453608247424,
  "final_p95_served_delay_s": 40.0,
  "final_mean_timeout_delay_s": 40.0
}