{
  "scenario": "baseline_both",
  "strategy": "ppo",
  "seed": 45,
  "episode_reward": 1.6311527929090406,
  "episode_steps": 600,
  "samples": 600,
  "avg_offered_load_mbps": 787.1612102454801,
  "avg_accepted_load_mbps": 633.8754675797628,
  "avg_capacity_mbps": 156.53425562625208,
  "avg_goodput_mbps": 155.8023329396256,
  "avg_queue": 58.355,
  "final_capacity_mbps": 156.2623305361185,
  "final_goodput_mbps": 156.26233053611844,
  "final_queue": 59,
  "final_blocked_rate": 0.7799671592775042,
  "final_blocked_queue_cap_rate": 0.19786535303776684,
  "final_blocked_timeout_rate": 0.5821018062397373,
  "final_utilization": 1.0,
  "final_fairness": 0.6846887262338491,
  "avg_utilization": 0.9985416666666667,
  "avg_fairness": 0.7535139112210478,
  "avg_acceptance_rate": 0.8176805882201789,
  "avg_service_rate": 0.21310747466600946,
  "final_mean_served_delay_s": 13.51362683438155,
  "final_p95_served_delay_s": 20.0,
  "final_mean_timeout_delay_s": 20.0
}