{
  "scenario": "both_q10_t20",
  "strategy": "greedy_backlog",
  "seed": 50,
  "samples": 600,
  "avg_offered_load_mbps": 778.7999490711376,
  "avg_accepted_load_mbps": 772.4961399416658,
  "avg_capacity_mbps": 192.8794776503972,
  "avg_goodput_mbps": 192.76598389405794,
  "avg_queue": 74.19333333333333,
  "final_capacity_mbps": 203.9661072563603,
  "final_goodput_mbps": 203.9661072563603,
  "final_queue": 82,
  "final_blocked_rate": 0.7178116001645414,
  "final_blocked_queue_cap_rate": 0.011106540518305225,
  "final_blocked_timeout_rate": 0.7067050596462361,
  "final_utilization": 1.0,
  "final_fairness": 0.9894717915409121,
  "avg_utilization": 0.9983333333333333,
  "avg_fairness": 0.9835153093952944,
  "avg_acceptance_rate": 0.992862095268328,
  "avg_service_rate": 0.25536666504325306,
  "final_mean_served_delay_s": 16.3658940397351,
  "final_p95_served_delay_s": 20.0,
  "final_mean_timeout_delay_s": 20.0
}