{
  "scenario": "baseline_queue_cap",
  "strategy": "proportional_fair",
  "seed": 46,
  "samples": 600,
  "avg_offered_load_mbps": 752.7792334683929,
  "avg_accepted_load_mbps": 647.6903690224628,
  "avg_capacity_mbps": 150.76485601599722,
  "avg_goodput_mbps": 150.71759322675828,
  "avg_queue": 898.2016666666667,
  "final_capacity_mbps": 151.64009258192934,
  "final_goodput_mbps": 151.64009258192937,
  "final_queue": 1516,
  "final_blocked_rate": 0.14395886889460155,
  "final_blocked_queue_cap_rate": 0.14395886889460155,
  "final_blocked_timeout_rate": 0.0,
  "final_utilization": 1.0,
  "final_fairness": 0.9259285372384364,
  "avg_utilization": 0.9985416666666667,
  "avg_fairness": 0.9133952717111553,
  "avg_acceptance_rate": 0.9804215471130989,
  "avg_service_rate": 0.20582203655179113,
  "final_mean_served_delay_s": 239.14522821576764,
  "final_p95_served_delay_s": 463.0,
  "final_mean_timeout_delay_s": 0.0
}