{
  "scenario": "baseline_both",
  "strategy": "round_robin",
  "seed": 49,
  "samples": 600,
  "avg_offered_load_mbps": 743.3465389769656,
  "avg_accepted_load_mbps": 601.25720722302,
  "avg_capacity_mbps": 153.08512012420425,
  "avg_goodput_mbps": 152.39716533572107,
  "avg_queue": 58.635,
  "final_capacity_mbps": 152.06922473013165,
  "final_goodput_mbps": 152.06922473013165,
  "final_queue": 65,
  "final_blocked_rate": 0.7674418604651163,
  "final_blocked_queue_cap_rate": 0.18687707641196014,
  "final_blocked_timeout_rate": 0.5805647840531561,
  "final_utilization": 1.0,
  "final_fairness": 0.9640382123315073,
  "avg_utilization": 0.99875,
  "avg_fairness": 0.9483729658187688,
  "avg_acceptance_rate": 0.835381807859945,
  "avg_service_rate": 0.2261152868941382,
  "final_mean_served_delay_s": 14.131313131313131,
  "final_p95_served_delay_s": 20.0,
  "final_mean_timeout_delay_s": 20.0
}