{
  "scenario": "baseline_timeout",
  "strategy": "longest_queue_first",
  "seed": 48,
  "samples": 600,
  "avg_offered_load_mbps": 786.1313096884865,
  "avg_accepted_load_mbps": 786.1313096884865,
  "avg_capacity_mbps": 153.02087686576374,
  "avg_goodput_mbps": 152.88917322206393,
  "avg_queue": 76.17,
  "final_capacity_mbps": 156.8897009492942,
  "final_goodput_mbps": 156.88970094929422,
  "final_queue": 73,
  "final_blocked_rate": 0.7963726298433635,
  "final_blocked_queue_cap_rate": 0.0,
  "final_blocked_timeout_rate": 0.7963726298433635,
  "final_utilization": 1.0,
  "final_fairness": 0.9358558636271224,
  "avg_utilization": 0.9975,
  "avg_fairness": 0.9340628990408131,
  "avg_acceptance_rate": 1.0,
  "avg_service_rate": 0.16693024251304298,
  "final_mean_served_delay_s": 15.695961995249407,
  "final_p95_served_delay_s": 20.0,
  "final_mean_timeout_delay_s": 20.0
}