{
  "scenario": "both_ch64",
  "strategy": "greedy_backlog",
  "seed": 42,
  "samples": 600,
  "avg_offered_load_mbps": 766.2760178948384,
  "avg_accepted_load_mbps": 634.8683421818861,
  "avg_capacity_mbps": 239.54000853896244,
  "avg_goodput_mbps": 239.3495292022196,
  "avg_queue": 58.3,
  "final_capacity_mbps": 251.23809669896926,
  "final_goodput_mbps": 251.23809669896923,
  "final_queue": 72,
  "final_blocked_rate": 0.6598326359832636,
  "final_blocked_queue_cap_rate": 0.16317991631799164,
  "final_blocked_timeout_rate": 0.49665271966527197,
  "final_utilization": 1.0,
  "final_fairness": 0.9654533559271623,
  "avg_utilization": 0.9945833333333334,
  "avg_fairness": 0.9713977970104711,
  "avg_acceptance_rate": 0.8496918814591906,
  "avg_service_rate": 0.29261193506272476,
  "final_mean_served_delay_s": 15.12685560053981,
  "final_p95_served_delay_s": 20.0,
  "final_mean_timeout_delay_s": 20.0
}