{
  "scenario": "baseline_both",
  "strategy": "greedy_backlog",
  "seed": 47,
  "samples": 600,
  "avg_offered_load_mbps": 776.7866375396233,
  "avg_accepted_load_mbps": 647.3453855858638,
  "avg_capacity_mbps": 192.84896817300023,
  "avg_goodput_mbps": 192.7722336123048,
  "avg_queue": 60.06,
  "final_capacity_mbps": 198.6102218125848,
  "final_goodput_mbps": 198.61022181258477,
  "final_queue": 60,
  "final_blocked_rate": 0.741436925647452,
  "final_blocked_queue_cap_rate": 0.17042606516290726,
  "final_blocked_timeout_rate": 0.5710108604845447,
  "final_utilization": 1.0,
  "final_fairness": 0.9914119520836162,
  "avg_utilization": 0.9995833333333334,
  "avg_fairness": 0.983486117309443,
  "avg_acceptance_rate": 0.8312221374228385,
  "avg_service_rate": 0.21641204890187354,
  "final_mean_served_delay_s": 15.45974955277281,
  "final_p95_served_delay_s": 20.0,
  "final_mean_timeout_delay_s": 20.0
}