{
  "scenario": "both_int3",
  "strategy": "round_robin",
  "seed": 47,
  "samples": 600,
  "avg_offered_load_mbps": 776.7866375396233,
  "avg_accepted_load_mbps": 632.1690252355485,
  "avg_capacity_mbps": 173.33530152655473,
  "avg_goodput_mbps": 172.8875635783048,
  "avg_queue": 58.461666666666666,
  "final_capacity_mbps": 174.47527677868808,
  "final_goodput_mbps": 174.47527677868808,
  "final_queue": 59,
  "final_blocked_rate": 0.7656641604010025,
  "final_blocked_queue_cap_rate": 0.1858813700918964,
  "final_blocked_timeout_rate": 0.5797827903091061,
  "final_utilization": 1.0,
  "final_fairness": 0.9721448280885548,
  "avg_utilization": 0.9995833333333334,
  "avg_fairness": 0.9513103109873191,
  "avg_acceptance_rate": 0.8128768106086945,
  "avg_service_rate": 0.19583151898395504,
  "final_mean_served_delay_s": 14.374501992031872,
  "final_p95_served_delay_s": 20.0,
  "final_mean_timeout_delay_s": 20.0
}