{
  "scenario": "baseline_timeout",
  "strategy": "greedy_backlog",
  "seed": 47,
  "samples": 600,
  "avg_offered_load_mbps": 776.7866375396233,
  "avg_accepted_load_mbps": 776.7866375396233,
  "avg_capacity_mbps": 192.98720565028427,
  "avg_goodput_mbps": 192.91047108958884,
  "avg_queue": 74.4,
  "final_capacity_mbps": 199.7443914181757,
  "final_goodput_mbps": 199.7443914181757,
  "final_queue": 76,
  "final_blocked_rate": 0.7389306599832915,
  "final_blocked_queue_cap_rate": 0.0,
  "final_blocked_timeout_rate": 0.7389306599832915,
  "final_utilization": 1.0,
  "final_fairness": 0.989596132544125,
  "avg_utilization": 0.9995833333333334,
  "avg_fairness": 0.983592972370896,
  "avg_acceptance_rate": 1.0,
  "avg_service_rate": 0.21787690783432026,
  "final_mean_served_delay_s": 16.438979963570127,
  "final_p95_served_delay_s": 20.0,
  "final_mean_timeout_delay_s": 20.0
}