{
  "scenario": "both_int6",
  "strategy": "longest_queue_first",
  "seed": 47,
  "samples": 600,
  "avg_offered_load_mbps": 776.7866375396233,
  "avg_accepted_load_mbps": 624.5823993486204,
  "avg_capacity_mbps": 133.18285147611556,
  "avg_goodput_mbps": 133.01376234414113,
  "avg_queue": 59.53,
  "final_capacity_mbps": 137.36184409719678,
  "final_goodput_mbps": 137.36184409719678,
  "final_queue": 61,
  "final_blocked_rate": 0.8145363408521303,
  "final_blocked_queue_cap_rate": 0.19256474519632413,
  "final_blocked_timeout_rate": 0.6219715956558062,
  "final_utilization": 1.0,
  "final_fairness": 0.9419191347858392,
  "avg_utilization": 0.9995833333333334,
  "avg_fairness": 0.9301935295596112,
  "avg_acceptance_rate": 0.8058382514906833,
  "avg_service_rate": 0.1519182731070418,
  "final_mean_served_delay_s": 14.840731070496084,
  "final_p95_served_delay_s": 20.0,
  "final_mean_timeout_delay_s": 20.0
}