{
  "scenario": "baseline_queue_cap",
  "strategy": "longest_queue_first",
  "seed": 44,
  "samples": 600,
  "avg_offered_load_mbps": 764.4133077715236,
  "avg_accepted_load_mbps": 636.7460399601263,
  "avg_capacity_mbps": 151.17429235215016,
  "avg_goodput_mbps": 150.98867096618073,
  "avg_queue": 919.0683333333334,
  "final_capacity_mbps": 149.8604481168618,
  "final_goodput_mbps": 149.86044811686185,
  "final_queue": 1513,
  "final_blocked_rate": 0.1689967105263158,
  "final_blocked_queue_cap_rate": 0.1689967105263158,
  "final_blocked_timeout_rate": 0.0,
  "final_utilization": 1.0,
  "final_fairness": 0.9457211653502141,
  "avg_utilization": 0.9989583333333333,
  "avg_fairness": 0.9369523507914783,
  "avg_acceptance_rate": 0.9770612686263109,
  "avg_service_rate": 0.22387605727860518,
  "final_mean_served_delay_s": 230.09251968503938,
  "final_p95_served_delay_s": 462.0,
  "final_mean_timeout_delay_s": 0.0
}