{
  "scenario": "both_q10_t20",
  "strategy": "longest_queue_first",
  "seed": 49,
  "samples": 600,
  "avg_offered_load_mbps": 743.3465389769656,
  "avg_accepted_load_mbps": 741.5145092828903,
  "avg_capacity_mbps": 153.2734576627346,
  "avg_goodput_mbps": 152.8635062745956,
  "avg_queue": 73.82666666666667,
  "final_capacity_mbps": 154.4384619238724,
  "final_goodput_mbps": 154.4384619238724,
  "final_queue": 83,
  "final_blocked_rate": 0.7599667774086378,
  "final_blocked_queue_cap_rate": 0.005813953488372093,
  "final_blocked_timeout_rate": 0.7541528239202658,
  "final_utilization": 1.0,
  "final_fairness": 0.9404863807213623,
  "avg_utilization": 0.99875,
  "avg_fairness": 0.9373244870248514,
  "avg_acceptance_rate": 0.9946506897792792,
  "avg_service_rate": 0.23086153725149888,
  "final_mean_served_delay_s": 15.32121212121212,
  "final_p95_served_delay_s": 20.0,
  "final_mean_timeout_delay_s": 20.0
}