{
  "scenario": "both_q5_t10",
  "strategy": "greedy_backlog",
  "seed": 50,
  "samples": 600,
  "avg_offered_load_mbps": 778.7999490711376,
  "avg_accepted_load_mbps": 750.7080407813154,
  "avg_capacity_mbps": 192.4351698245633,
  "avg_goodput_mbps": 191.95763042962773,
  "avg_queue": 34.78,
  "final_capacity_mbps": 191.35157415307827,
  "final_goodput_mbps": 191.35157415307825,
  "final_queue": 30,
  "final_blocked_rate": 0.7330316742081447,
  "final_blocked_queue_cap_rate": 0.04154668860551213,
  "final_blocked_timeout_rate": 0.6914849856026326,
  "final_utilization": 1.0,
  "final_fairness": 0.9764900200912956,
  "avg_utilization": 0.9983333333333333,
  "avg_fairness": 0.9833708084003087,
  "avg_acceptance_rate": 0.9624588799130103,
  "avg_service_rate": 0.2661487559323953,
  "final_mean_served_delay_s": 7.298869143780291,
  "final_p95_served_delay_s": 10.0,
  "final_mean_timeout_delay_s": 10.0
}