{
  "scenario": "baseline_queue_cap",
  "strategy": "greedy_backlog",
  "seed": 42,
  "samples": 600,
  "avg_offered_load_mbps": 766.2760178948384,
  "avg_accepted_load_mbps": 679.9667558347993,
  "avg_capacity_mbps": 191.41734672967945,
  "avg_goodput_mbps": 191.25904771522767,
  "avg_queue": 881.8066666666666,
  "final_capacity_mbps": 186.87591520319546,
  "final_goodput_mbps": 186.87591520319543,
  "final_queue": 1516,
  "final_blocked_rate": 0.11464435146443515,
  "final_blocked_queue_cap_rate": 0.11464435146443515,
  "final_blocked_timeout_rate": 0.0,
  "final_utilization": 1.0,
  "final_fairness": 0.9807465687885016,
  "avg_utilization": 0.99625,
  "avg_fairness": 0.9838201196137495,
  "avg_acceptance_rate": 0.9908911180709186,
  "avg_service_rate": 0.24619368509810244,
  "final_mean_served_delay_s": 222.505,
  "final_p95_served_delay_s": 431.0,
  "final_mean_timeout_delay_s": 0.0
}