{
  "scenario": "both_ch64",
  "strategy": "round_robin",
  "seed": 42,
  "samples": 600,
  "avg_offered_load_mbps": 766.2760178948384,
  "avg_accepted_load_mbps": 617.2365972488722,
  "avg_capacity_mbps": 203.2379526817901,
  "avg_goodput_mbps": 202.49839144957605,
  "avg_queue": 56.44833333333333,
  "final_capacity_mbps": 201.03285092992283,
  "final_goodput_mbps": 201.0328509299228,
  "final_queue": 68,
  "final_blocked_rate": 0.697907949790795,
  "final_blocked_queue_cap_rate": 0.17949790794979079,
  "final_blocked_timeout_rate": 0.5184100418410041,
  "final_utilization": 1.0,
  "final_fairness": 0.9547402014526806,
  "avg_utilization": 0.9945833333333334,
  "avg_fairness": 0.9615367176488118,
  "avg_acceptance_rate": 0.8360876583370405,
  "avg_service_rate": 0.2664676482352577,
  "final_mean_served_delay_s": 13.799694189602446,
  "final_p95_served_delay_s": 20.0,
  "final_mean_timeout_delay_s": 20.0
}