{
  "scenario": "baseline",
  "strategy": "proportional_fair",
  "seed": 43,
  "samples": 600,
  "avg_offered_load_mbps": 39.802748316274226,
  "avg_accepted_load_mbps": 39.802748316274226,
  "avg_capacity_mbps": 50.40428708675618,
  "avg_goodput_mbps": 39.52870570456016,
  "avg_queue": 1.215,
  "final_capacity_mbps": 128.9988360621301,
  "final_goodput_mbps": 125.775324807103,
  "final_queue": 4,
  "final_blocked_rate": 0.0,
  "final_blocked_queue_cap_rate": 0.0,
  "final_blocked_timeout_rate": 0.0,
  "final_utilization": 0.625,
  "final_fairness": 0.9926063815050383,
  "avg_utilization": 0.241875,
  "avg_fairness": 0.8588129181751941,
  "avg_acceptance_rate": 0.9983333333333333,
  "avg_service_rate": 0.9877695078002244,
  "final_mean_served_delay_s": 2.413255360623782,
  "final_p95_served_delay_s": 6.0,
  "final_mean_timeout_delay_s": 0.0
}