{
  "scenario": "both_int6",
  "strategy": "longest_queue_first",
  "seed": 48,
  "samples": 600,
  "avg_offered_load_mbps": 786.1313096884865,
  "avg_accepted_load_mbps": 627.3838337101514,
  "avg_capacity_mbps": 133.10753548086362,
  "avg_goodput_mbps": 132.99268092640636,
  "avg_queue": 60.30833333333333,
  "final_capacity_mbps": 143.16308283613762,
  "final_goodput_mbps": 143.16308283613762,
  "final_queue": 55,
  "final_blocked_rate": 0.8260511129431163,
  "final_blocked_queue_cap_rate": 0.2015663643858203,
  "final_blocked_timeout_rate": 0.624484748557296,
  "final_utilization": 1.0,
  "final_fairness": 0.9588756098285852,
  "avg_utilization": 0.9975,
  "avg_fairness": 0.9307910764234166,
  "avg_acceptance_rate": 0.8116608227054425,
  "avg_service_rate": 0.14548294806643683,
  "final_mean_served_delay_s": 15.215258855585832,
  "final_p95_served_delay_s": 20.0,
  "final_mean_timeout_delay_s": 20.0
}