{
  "scenario": "baseline_queue_cap",
  "strategy": "greedy_backlog",
  "seed": 47,
  "samples": 600,
  "avg_offered_load_mbps": 776.7866375396233,
  "avg_accepted_load_mbps": 673.87199737444,
  "avg_capacity_mbps": 190.23576522791657,
  "avg_goodput_mbps": 190.15903066722115,
  "avg_queue": 914.845,
  "final_capacity_mbps": 180.13179745268928,
  "final_goodput_mbps": 180.13179745268928,
  "final_queue": 1517,
  "final_blocked_rate": 0.13283208020050125,
  "final_blocked_queue_cap_rate": 0.13283208020050125,
  "final_blocked_timeout_rate": 0.0,
  "final_utilization": 1.0,
  "final_fairness": 0.9600034772860526,
  "avg_utilization": 0.9995833333333334,
  "avg_fairness": 0.9806325098802876,
  "avg_acceptance_rate": 0.9861846664223464,
  "avg_service_rate": 0.22009370836756934,
  "final_mean_served_delay_s": 230.55635062611807,
  "final_p95_served_delay_s": 471.0,
  "final_mean_timeout_delay_s": 0.0
}