{
  "scenario": "baseline_both",
  "strategy": "greedy_backlog",
  "seed": 45,
  "samples": 600,
  "avg_offered_load_mbps": 787.1612102454801,
  "avg_accepted_load_mbps": 648.5211437584602,
  "avg_capacity_mbps": 192.19542683677878,
  "avg_goodput_mbps": 192.02372272413805,
  "avg_queue": 59.895,
  "final_capacity_mbps": 177.93000160788782,
  "final_goodput_mbps": 177.93000160788782,
  "final_queue": 63,
  "final_blocked_rate": 0.7204433497536946,
  "final_blocked_queue_cap_rate": 0.1748768472906404,
  "final_blocked_timeout_rate": 0.5455665024630542,
  "final_utilization": 1.0,
  "final_fairness": 0.9836151746349202,
  "avg_utilization": 0.9985416666666667,
  "avg_fairness": 0.9838972984441542,
  "avg_acceptance_rate": 0.8396082465474326,
  "avg_service_rate": 0.267659396215576,
  "final_mean_served_delay_s": 14.977346278317151,
  "final_p95_served_delay_s": 20.0,
  "final_mean_timeout_delay_s": 20.0
}