{
  "scenario": "baseline_both",
  "strategy": "round_robin",
  "seed": 42,
  "samples": 600,
  "avg_offered_load_mbps": 766.2760178948384,
  "avg_accepted_load_mbps": 615.7665363924406,
  "avg_capacity_mbps": 152.12835347082333,
  "avg_goodput_mbps": 151.69547020939945,
  "avg_queue": 58.21666666666667,
  "final_capacity_mbps": 150.42533021983195,
  "final_goodput_mbps": 150.42533021983198,
  "final_queue": 72,
  "final_blocked_rate": 0.7648535564853557,
  "final_blocked_queue_cap_rate": 0.18619246861924685,
  "final_blocked_timeout_rate": 0.5786610878661088,
  "final_utilization": 1.0,
  "final_fairness": 0.9429411864269189,
  "avg_utilization": 0.99625,
  "avg_fairness": 0.9483659453766053,
  "avg_acceptance_rate": 0.8295505731267515,
  "avg_service_rate": 0.1999985920064252,
  "final_mean_served_delay_s": 14.230612244897959,
  "final_p95_served_delay_s": 20.0,
  "final_mean_timeout_delay_s": 20.0
}