{
  "scenario": "both_int3",
  "strategy": "ppo_v4",
  "seed": 49,
  "episode_reward": 154.694647045437,
  "episode_steps": 600,
  "samples": 600,
  "avg_offered_load_mbps": 743.3465389769656,
  "avg_accepted_load_mbps": 607.8837262992784,
  "avg_capacity_mbps": 181.32001043489353,
  "avg_goodput_mbps": 180.48412432324884,
  "avg_queue": 58.14333333333333,
  "final_capacity_mbps": 183.89794867117976,
  "final_goodput_mbps": 183.8979486711798,
  "final_queue": 61,
  "final_blocked_rate": 0.7408637873754153,
  "final_blocked_queue_cap_rate": 0.18230897009966776,
  "final_blocked_timeout_rate": 0.5585548172757475,
  "final_utilization": 1.0,
  "final_fairness": 0.6654197291932662,
  "avg_utilization": 0.99875,
  "avg_fairness": 0.6579155284137447,
  "avg_acceptance_rate": 0.8368122455905483,
  "avg_service_rate": 0.2527687758729226,
  "final_mean_served_delay_s": 14.019538188277087,
  "final_p95_served_delay_s": 20.0,
  "final_mean_timeout_delay_s": 20.0
}