{
  "scenario": "baseline_timeout",
  "strategy": "proportional_fair",
  "seed": 47,
  "samples": 600,
  "avg_offered_load_mbps": 776.7866375396233,
  "avg_accepted_load_mbps": 776.7866375396233,
  "avg_capacity_mbps": 159.70006354430313,
  "avg_goodput_mbps": 159.62442167213229,
  "avg_queue": 74.99333333333334,
  "final_capacity_mbps": 160.6987731592333,
  "final_goodput_mbps": 160.6987731592333,
  "final_queue": 77,
  "final_blocked_rate": 0.7769423558897243,
  "final_blocked_queue_cap_rate": 0.0,
  "final_blocked_timeout_rate": 0.7769423558897243,
  "final_utilization": 1.0,
  "final_fairness": 0.7306199899548736,
  "avg_utilization": 0.9995833333333334,
  "avg_fairness": 0.7678854268847818,
  "avg_acceptance_rate": 1.0,
  "avg_service_rate": 0.1784950737062903,
  "final_mean_served_delay_s": 16.295404814004378,
  "final_p95_served_delay_s": 20.0,
  "final_mean_timeout_delay_s": 20.0
}