{
  "scenario": "both_q10_t20",
  "strategy": "round_robin",
  "seed": 46,
  "samples": 600,
  "avg_offered_load_mbps": 752.7792334683929,
  "avg_accepted_load_mbps": 746.1528644807041,
  "avg_capacity_mbps": 152.69990395661935,
  "avg_goodput_mbps": 152.4553039671822,
  "avg_queue": 71.84666666666666,
  "final_capacity_mbps": 154.13935281749914,
  "final_goodput_mbps": 154.13935281749914,
  "final_queue": 66,
  "final_blocked_rate": 0.779777206512425,
  "final_blocked_queue_cap_rate": 0.006855184233076264,
  "final_blocked_timeout_rate": 0.7729220222793488,
  "final_utilization": 1.0,
  "final_fairness": 0.9684337084168231,
  "avg_utilization": 0.9985416666666667,
  "avg_fairness": 0.9481302104587729,
  "avg_acceptance_rate": 0.9940206155062157,
  "avg_service_rate": 0.19677048325316815,
  "final_mean_served_delay_s": 15.433035714285714,
  "final_p95_served_delay_s": 20.0,
  "final_mean_timeout_delay_s": 20.0
}