{
  "scenario": "baseline_both",
  "strategy": "longest_queue_first",
  "seed": 42,
  "samples": 600,
  "avg_offered_load_mbps": 766.2760178948384,
  "avg_accepted_load_mbps": 616.246499273931,
  "avg_capacity_mbps": 152.64581371669206,
  "avg_goodput_mbps": 152.33513858953376,
  "avg_queue": 58.736666666666665,
  "final_capacity_mbps": 151.98940548563883,
  "final_goodput_mbps": 151.98940548563883,
  "final_queue": 73,
  "final_blocked_rate": 0.7665271966527196,
  "final_blocked_queue_cap_rate": 0.18368200836820084,
  "final_blocked_timeout_rate": 0.5828451882845188,
  "final_utilization": 1.0,
  "final_fairness": 0.9224672915152777,
  "avg_utilization": 0.99625,
  "avg_fairness": 0.9379871704341066,
  "avg_acceptance_rate": 0.8324732630817947,
  "avg_service_rate": 0.20151476069875843,
  "final_mean_served_delay_s": 14.54639175257732,
  "final_p95_served_delay_s": 20.0,
  "final_mean_timeout_delay_s": 20.0
}