{
  "scenario": "both_q5_t10",
  "strategy": "round_robin",
  "seed": 44,
  "samples": 600,
  "avg_offered_load_mbps": 764.4133077715236,
  "avg_accepted_load_mbps": 740.9139528145877,
  "avg_capacity_mbps": 161.5458710866788,
  "avg_goodput_mbps": 160.21998686644034,
  "avg_queue": 34.98166666666667,
  "final_capacity_mbps": 156.40491470373007,
  "final_goodput_mbps": 154.9062060033395,
  "final_queue": 37,
  "final_blocked_rate": 0.7804276315789473,
  "final_blocked_queue_cap_rate": 0.03618421052631579,
  "final_blocked_timeout_rate": 0.7442434210526315,
  "final_utilization": 1.0,
  "final_fairness": 0.9698400134166739,
  "avg_utilization": 0.9989583333333333,
  "avg_fairness": 0.964694384219675,
  "avg_acceptance_rate": 0.959470976932126,
  "avg_service_rate": 0.22835466437191818,
  "final_mean_served_delay_s": 6.390342052313883,
  "final_p95_served_delay_s": 10.0,
  "final_mean_timeout_delay_s": 10.0
}