{
  "scenario": "both_ch64",
  "strategy": "ppo_v4",
  "seed": 43,
  "episode_reward": 265.38023373351774,
  "episode_steps": 600,
  "samples": 600,
  "avg_offered_load_mbps": 759.8008368706072,
  "avg_accepted_load_mbps": 613.7172832185756,
  "avg_capacity_mbps": 211.7849156547268,
  "avg_goodput_mbps": 210.73099689490329,
  "avg_queue": 57.156666666666666,
  "final_capacity_mbps": 210.81797890114956,
  "final_goodput_mbps": 210.81797890114953,
  "final_queue": 59,
  "final_blocked_rate": 0.6949634443541836,
  "final_blocked_queue_cap_rate": 0.19049553208773354,
  "final_blocked_timeout_rate": 0.50446791226645,
  "final_utilization": 1.0,
  "final_fairness": 0.7577611122520238,
  "avg_utilization": 0.9973958333333334,
  "avg_fairness": 0.7225063588472761,
  "avg_acceptance_rate": 0.8241367254193863,
  "avg_service_rate": 0.2828304023763554,
  "final_mean_served_delay_s": 13.874277456647398,
  "final_p95_served_delay_s": 20.0,
  "final_mean_timeout_delay_s": 20.0
}