{
  "scenario": "both_int6",
  "strategy": "ppo_v4",
  "seed": 46,
  "episode_reward": 19.51493746588419,
  "episode_steps": 600,
  "samples": 600,
  "avg_offered_load_mbps": 752.7792334683929,
  "avg_accepted_load_mbps": 610.2578485190013,
  "avg_capacity_mbps": 141.0728286420929,
  "avg_goodput_mbps": 140.71849712748892,
  "avg_queue": 57.858333333333334,
  "final_capacity_mbps": 138.52914915545233,
  "final_goodput_mbps": 138.5291491554523,
  "final_queue": 60,
  "final_blocked_rate": 0.7969151670951157,
  "final_blocked_queue_cap_rate": 0.18466152527849186,
  "final_blocked_timeout_rate": 0.6122536418166238,
  "final_utilization": 1.0,
  "final_fairness": 0.7196058791659191,
  "avg_utilization": 0.9985416666666667,
  "avg_fairness": 0.6443461302446339,
  "avg_acceptance_rate": 0.8186269474713923,
  "avg_service_rate": 0.17722934408489596,
  "final_mean_served_delay_s": 14.557971014492754,
  "final_p95_served_delay_s": 20.0,
  "final_mean_timeout_delay_s": 20.0
}