{
  "scenario": "baseline_queue_cap",
  "strategy": "longest_queue_first",
  "seed": 43,
  "samples": 600,
  "avg_offered_load_mbps": 759.8008368706072,
  "avg_accepted_load_mbps": 628.1999810371436,
  "avg_capacity_mbps": 150.3333911630374,
  "avg_goodput_mbps": 150.2925259541863,
  "avg_queue": 930.0166666666667,
  "final_capacity_mbps": 152.2771165045804,
  "final_goodput_mbps": 152.27711650458045,
  "final_queue": 1515,
  "final_blocked_rate": 0.1803411860276198,
  "final_blocked_queue_cap_rate": 0.1803411860276198,
  "final_blocked_timeout_rate": 0.0,
  "final_utilization": 1.0,
  "final_fairness": 0.9187198213006891,
  "avg_utilization": 0.9985416666666667,
  "avg_fairness": 0.9388758120073535,
  "avg_acceptance_rate": 0.970200270211357,
  "avg_service_rate": 0.19592611145192315,
  "final_mean_served_delay_s": 248.80119284294236,
  "final_p95_served_delay_s": 457.0,
  "final_mean_timeout_delay_s": 0.0
}