{
  "scenario": "both_q10_t20",
  "strategy": "round_robin",
  "seed": 51,
  "samples": 600,
  "avg_offered_load_mbps": 770.4303003527792,
  "avg_accepted_load_mbps": 762.5312191283334,
  "avg_capacity_mbps": 152.45077090334445,
  "avg_goodput_mbps": 152.10640947117494,
  "avg_queue": 74.36666666666666,
  "final_capacity_mbps": 153.57053018346738,
  "final_goodput_mbps": 153.5705301834674,
  "final_queue": 74,
  "final_blocked_rate": 0.7818778187781877,
  "final_blocked_queue_cap_rate": 0.01025010250102501,
  "final_blocked_timeout_rate": 0.7716277162771628,
  "final_utilization": 1.0,
  "final_fairness": 0.9647761146471019,
  "avg_utilization": 0.9989583333333333,
  "avg_fairness": 0.9464751839445855,
  "avg_acceptance_rate": 0.9926338452558413,
  "avg_service_rate": 0.19691673260166745,
  "final_mean_served_delay_s": 14.611353711790393,
  "final_p95_served_delay_s": 20.0,
  "final_mean_timeout_delay_s": 20.0
}