{
  "scenario": "both_q15_t20",
  "strategy": "ppo_v4",
  "seed": 45,
  "episode_reward": 70.17757458737604,
  "episode_steps": 600,
  "samples": 600,
  "avg_offered_load_mbps": 787.1612102454801,
  "avg_accepted_load_mbps": 787.1612102454801,
  "avg_capacity_mbps": 160.58555600510468,
  "avg_goodput_mbps": 159.97498868795455,
  "avg_queue": 74.33,
  "final_capacity_mbps": 153.4355044970465,
  "final_goodput_mbps": 153.43550449704648,
  "final_queue": 80,
  "final_blocked_rate": 0.7680623973727422,
  "final_blocked_queue_cap_rate": 0.0,
  "final_blocked_timeout_rate": 0.7680623973727422,
  "final_utilization": 1.0,
  "final_fairness": 0.6666627165431153,
  "avg_utilization": 0.9985416666666667,
  "avg_fairness": 0.6519480707063746,
  "avg_acceptance_rate": 1.0,
  "avg_service_rate": 0.2241785177645588,
  "final_mean_served_delay_s": 13.948453608247423,
  "final_p95_served_delay_s": 20.0,
  "final_mean_timeout_delay_s": 20.0
}