{
  "scenario": "both_q5_t10",
  "strategy": "proportional_fair",
  "seed": 43,
  "samples": 600,
  "avg_offered_load_mbps": 759.8008368706072,
  "avg_accepted_load_mbps": 728.9580779735195,
  "avg_capacity_mbps": 163.4193995610662,
  "avg_goodput_mbps": 163.18034782456462,
  "avg_queue": 35.968333333333334,
  "final_capacity_mbps": 167.24537054963398,
  "final_goodput_mbps": 167.24537054963398,
  "final_queue": 39,
  "final_blocked_rate": 0.7709179528838342,
  "final_blocked_queue_cap_rate": 0.04061738424045491,
  "final_blocked_timeout_rate": 0.7303005686433793,
  "final_utilization": 1.0,
  "final_fairness": 0.7754008044889987,
  "avg_utilization": 0.9985416666666667,
  "avg_fairness": 0.7363590839699738,
  "avg_acceptance_rate": 0.9605563944119323,
  "avg_service_rate": 0.21849329222028732,
  "final_mean_served_delay_s": 7.468571428571429,
  "final_p95_served_delay_s": 10.0,
  "final_mean_timeout_delay_s": 10.0
}