{
  "scenario": "both_int6",
  "strategy": "round_robin",
  "seed": 48,
  "samples": 600,
  "avg_offered_load_mbps": 786.1313096884865,
  "avg_accepted_load_mbps": 627.1067844993021,
  "avg_capacity_mbps": 132.5057128704518,
  "avg_goodput_mbps": 132.27158813240206,
  "avg_queue": 60.00333333333333,
  "final_capacity_mbps": 141.89853410854357,
  "final_goodput_mbps": 141.89853410854357,
  "final_queue": 55,
  "final_blocked_rate": 0.8215169002473207,
  "final_blocked_queue_cap_rate": 0.2019785655399835,
  "final_blocked_timeout_rate": 0.6195383347073372,
  "final_utilization": 1.0,
  "final_fairness": 0.9745737691431493,
  "avg_utilization": 0.9975,
  "avg_fairness": 0.9429378024288604,
  "avg_acceptance_rate": 0.8110677145337836,
  "avg_service_rate": 0.15183000273834074,
  "final_mean_served_delay_s": 14.957671957671957,
  "final_p95_served_delay_s": 20.0,
  "final_mean_timeout_delay_s": 20.0
}