{
  "scenario": "both_ch64",
  "strategy": "longest_queue_first",
  "seed": 51,
  "samples": 600,
  "avg_offered_load_mbps": 770.4303003527792,
  "avg_accepted_load_mbps": 613.5385959246571,
  "avg_capacity_mbps": 204.66627696861897,
  "avg_goodput_mbps": 204.16563590943383,
  "avg_queue": 57.443333333333335,
  "final_capacity_mbps": 206.9873207034977,
  "final_goodput_mbps": 206.98732070349766,
  "final_queue": 51,
  "final_blocked_rate": 0.7269372693726938,
  "final_blocked_queue_cap_rate": 0.1947519475194752,
  "final_blocked_timeout_rate": 0.5321853218532185,
  "final_utilization": 1.0,
  "final_fairness": 0.9538247132800031,
  "avg_utilization": 0.9981770833333333,
  "avg_fairness": 0.953415515433563,
  "avg_acceptance_rate": 0.8277095768209438,
  "avg_service_rate": 0.26633029245012685,
  "final_mean_served_delay_s": 14.004878048780487,
  "final_p95_served_delay_s": 20.0,
  "final_mean_timeout_delay_s": 20.0
}