{
  "scenario": "baseline_queue_cap",
  "strategy": "greedy_backlog",
  "seed": 48,
  "samples": 600,
  "avg_offered_load_mbps": 786.1313096884865,
  "avg_accepted_load_mbps": 687.4692328945157,
  "avg_capacity_mbps": 188.04109095046326,
  "avg_goodput_mbps": 187.99401286071338,
  "avg_queue": 901.305,
  "final_capacity_mbps": 198.0496242787945,
  "final_goodput_mbps": 198.04962427879454,
  "final_queue": 1514,
  "final_blocked_rate": 0.13314097279472384,
  "final_blocked_queue_cap_rate": 0.13314097279472384,
  "final_blocked_timeout_rate": 0.0,
  "final_utilization": 1.0,
  "final_fairness": 0.9866773914692958,
  "avg_utilization": 0.9975,
  "avg_fairness": 0.9799594397819518,
  "avg_acceptance_rate": 0.9857479182342525,
  "avg_service_rate": 0.2365415399930634,
  "final_mean_served_delay_s": 218.9219015280136,
  "final_p95_served_delay_s": 439.0,
  "final_mean_timeout_delay_s": 0.0
}