{
  "scenario": "both_int3",
  "strategy": "round_robin",
  "seed": 46,
  "samples": 600,
  "avg_offered_load_mbps": 752.7792334683929,
  "avg_accepted_load_mbps": 610.5079501464996,
  "avg_capacity_mbps": 173.8814522902797,
  "avg_goodput_mbps": 173.36254930762095,
  "avg_queue": 56.79,
  "final_capacity_mbps": 174.05482135088496,
  "final_goodput_mbps": 174.05482135088494,
  "final_queue": 60,
  "final_blocked_rate": 0.7489288774635818,
  "final_blocked_queue_cap_rate": 0.18209083119108826,
  "final_blocked_timeout_rate": 0.5668380462724936,
  "final_utilization": 1.0,
  "final_fairness": 0.9700953482758139,
  "avg_utilization": 0.9985416666666667,
  "avg_fairness": 0.9537437540561621,
  "avg_acceptance_rate": 0.8203763714293043,
  "avg_service_rate": 0.2273965657684732,
  "final_mean_served_delay_s": 14.505703422053232,
  "final_p95_served_delay_s": 20.0,
  "final_mean_timeout_delay_s": 20.0
}