{
  "scenario": "baseline_timeout",
  "strategy": "proportional_fair",
  "seed": 42,
  "samples": 600,
  "avg_offered_load_mbps": 766.2760178948384,
  "avg_accepted_load_mbps": 766.2760178948384,
  "avg_capacity_mbps": 158.66219073449093,
  "avg_goodput_mbps": 158.53018879459682,
  "avg_queue": 74.2,
  "final_capacity_mbps": 156.817731252527,
  "final_goodput_mbps": 156.817731252527,
  "final_queue": 91,
  "final_blocked_rate": 0.7627615062761506,
  "final_blocked_queue_cap_rate": 0.0,
  "final_blocked_timeout_rate": 0.7627615062761506,
  "final_utilization": 1.0,
  "final_fairness": 0.8295172514012961,
  "avg_utilization": 0.99625,
  "avg_fairness": 0.7749356146917734,
  "avg_acceptance_rate": 1.0,
  "avg_service_rate": 0.19433340678118366,
  "final_mean_served_delay_s": 15.949579831932773,
  "final_p95_served_delay_s": 20.0,
  "final_mean_timeout_delay_s": 20.0
}