{
  "scenario": "both_q5_t10",
  "strategy": "proportional_fair",
  "seed": 50,
  "samples": 600,
  "avg_offered_load_mbps": 778.7999490711376,
  "avg_accepted_load_mbps": 748.0464974059403,
  "avg_capacity_mbps": 162.4883773183955,
  "avg_goodput_mbps": 162.24866778989258,
  "avg_queue": 35.32666666666667,
  "final_capacity_mbps": 163.65994117899965,
  "final_goodput_mbps": 163.65994117899965,
  "final_queue": 31,
  "final_blocked_rate": 0.7737556561085973,
  "final_blocked_queue_cap_rate": 0.04401480872069107,
  "final_blocked_timeout_rate": 0.7297408473879062,
  "final_utilization": 1.0,
  "final_fairness": 0.6706574082573509,
  "avg_utilization": 0.9983333333333333,
  "avg_fairness": 0.7381422082347939,
  "avg_acceptance_rate": 0.960868471237247,
  "avg_service_rate": 0.22164257464995296,
  "final_mean_served_delay_s": 7.339113680154143,
  "final_p95_served_delay_s": 10.0,
  "final_mean_timeout_delay_s": 10.0
}