{
  "scenario": "both_q5_t10",
  "strategy": "longest_queue_first",
  "seed": 46,
  "samples": 600,
  "avg_offered_load_mbps": 752.7792334683929,
  "avg_accepted_load_mbps": 725.8573135538671,
  "avg_capacity_mbps": 162.75350627488115,
  "avg_goodput_mbps": 161.7972899354175,
  "avg_queue": 34.06333333333333,
  "final_capacity_mbps": 156.35958898975602,
  "final_goodput_mbps": 156.35958898975605,
  "final_queue": 43,
  "final_blocked_rate": 0.7836332476435304,
  "final_blocked_queue_cap_rate": 0.030848329048843187,
  "final_blocked_timeout_rate": 0.7527849185946872,
  "final_utilization": 1.0,
  "final_fairness": 0.9454216427607078,
  "avg_utilization": 0.9985416666666667,
  "avg_fairness": 0.9601956486463672,
  "avg_acceptance_rate": 0.9717540250190742,
  "avg_service_rate": 0.20193713534729374,
  "final_mean_served_delay_s": 6.720779220779221,
  "final_p95_served_delay_s": 10.0,
  "final_mean_timeout_delay_s": 10.0
}