{
  "scenario": "both_q15_t20",
  "strategy": "ppo_v4",
  "seed": 44,
  "episode_reward": 71.1435395034291,
  "episode_steps": 600,
  "samples": 600,
  "avg_offered_load_mbps": 764.4133077715236,
  "avg_accepted_load_mbps": 764.4133077715236,
  "avg_capacity_mbps": 159.9085799576167,
  "avg_goodput_mbps": 159.303244983079,
  "avg_queue": 74.2,
  "final_capacity_mbps": 154.19634458987738,
  "final_goodput_mbps": 154.1963445898774,
  "final_queue": 77,
  "final_blocked_rate": 0.7639802631578947,
  "final_blocked_queue_cap_rate": 0.0,
  "final_blocked_timeout_rate": 0.7639802631578947,
  "final_utilization": 1.0,
  "final_fairness": 0.6887386506698299,
  "avg_utilization": 0.9989583333333333,
  "avg_fairness": 0.6590622936360069,
  "avg_acceptance_rate": 1.0,
  "avg_service_rate": 0.21844449890747047,
  "final_mean_served_delay_s": 14.146881287726359,
  "final_p95_served_delay_s": 20.0,
  "final_mean_timeout_delay_s": 20.0
}