{
  "scenario": "both_q10_t20",
  "strategy": "longest_queue_first",
  "seed": 43,
  "samples": 600,
  "avg_offered_load_mbps": 759.8008368706072,
  "avg_accepted_load_mbps": 753.5360864115623,
  "avg_capacity_mbps": 153.1942841414592,
  "avg_goodput_mbps": 152.9951867178534,
  "avg_queue": 75.93333333333334,
  "final_capacity_mbps": 155.85887871227277,
  "final_goodput_mbps": 155.8588787122728,
  "final_queue": 72,
  "final_blocked_rate": 0.7709179528838342,
  "final_blocked_queue_cap_rate": 0.006904955320877335,
  "final_blocked_timeout_rate": 0.7640129975629569,
  "final_utilization": 1.0,
  "final_fairness": 0.9381993443753402,
  "avg_utilization": 0.9985416666666667,
  "avg_fairness": 0.9337362539823331,
  "avg_acceptance_rate": 0.993085307781947,
  "avg_service_rate": 0.2031553504804532,
  "final_mean_served_delay_s": 15.71951219512195,
  "final_p95_served_delay_s": 20.0,
  "final_mean_timeout_delay_s": 20.0
}