{
  "scenario": "baseline_both",
  "strategy": "ppo",
  "seed": 50,
  "episode_reward": 61.9661453195551,
  "episode_steps": 600,
  "samples": 600,
  "avg_offered_load_mbps": 778.7999490711376,
  "avg_accepted_load_mbps": 629.1735981153339,
  "avg_capacity_mbps": 156.7998319818501,
  "avg_goodput_mbps": 156.0336517117936,
  "avg_queue": 58.6,
  "final_capacity_mbps": 157.30037503862886,
  "final_goodput_mbps": 157.30037503862889,
  "final_queue": 60,
  "final_blocked_rate": 0.7782805429864253,
  "final_blocked_queue_cap_rate": 0.19950637597696422,
  "final_blocked_timeout_rate": 0.5787741670094612,
  "final_utilization": 1.0,
  "final_fairness": 0.6633446623762418,
  "avg_utilization": 0.9983333333333333,
  "avg_fairness": 0.6666128110726318,
  "avg_acceptance_rate": 0.8175693866005713,
  "avg_service_rate": 0.20420995827683425,
  "final_mean_served_delay_s": 14.31732776617954,
  "final_p95_served_delay_s": 20.0,
  "final_mean_timeout_delay_s": 20.0
}