{
  "scenario": "both_q5_t10",
  "strategy": "round_robin",
  "seed": 46,
  "samples": 600,
  "avg_offered_load_mbps": 752.7792334683929,
  "avg_accepted_load_mbps": 725.8573135538671,
  "avg_capacity_mbps": 162.5164915199306,
  "avg_goodput_mbps": 161.42939021035355,
  "avg_queue": 33.99333333333333,
  "final_capacity_mbps": 154.13935281749914,
  "final_goodput_mbps": 154.13935281749914,
  "final_queue": 42,
  "final_blocked_rate": 0.7823479005998286,
  "final_blocked_queue_cap_rate": 0.030848329048843187,
  "final_blocked_timeout_rate": 0.7514995715509855,
  "final_utilization": 1.0,
  "final_fairness": 0.9684337084168231,
  "avg_utilization": 0.9985416666666667,
  "avg_fairness": 0.965265533435848,
  "avg_acceptance_rate": 0.9717540250190742,
  "avg_service_rate": 0.19875287337080114,
  "final_mean_served_delay_s": 6.656652360515022,
  "final_p95_served_delay_s": 10.0,
  "final_mean_timeout_delay_s": 10.0
}