{
  "scenario": "both_q5_t10",
  "strategy": "proportional_fair",
  "seed": 45,
  "samples": 600,
  "avg_offered_load_mbps": 787.1612102454801,
  "avg_accepted_load_mbps": 764.1672075766617,
  "avg_capacity_mbps": 163.45938889355497,
  "avg_goodput_mbps": 163.21393336781392,
  "avg_queue": 35.943333333333335,
  "final_capacity_mbps": 172.16793864266546,
  "final_goodput_mbps": 169.98419451108913,
  "final_queue": 28,
  "final_blocked_rate": 0.7697044334975369,
  "final_blocked_queue_cap_rate": 0.030377668308702793,
  "final_blocked_timeout_rate": 0.7393267651888341,
  "final_utilization": 1.0,
  "final_fairness": 0.6684152135926623,
  "avg_utilization": 0.9985416666666667,
  "avg_fairness": 0.7343685996324095,
  "avg_acceptance_rate": 0.9691113040132492,
  "avg_service_rate": 0.23837709991479883,
  "final_mean_served_delay_s": 7.354596622889305,
  "final_p95_served_delay_s": 10.0,
  "final_mean_timeout_delay_s": 10.0
}