{
  "scenario": "baseline_queue_cap",
  "strategy": "greedy_backlog",
  "seed": 45,
  "samples": 600,
  "avg_offered_load_mbps": 787.1612102454801,
  "avg_accepted_load_mbps": 683.9213173832684,
  "avg_capacity_mbps": 191.05915977808095,
  "avg_goodput_mbps": 190.8874556654402,
  "avg_queue": 874.2333333333333,
  "final_capacity_mbps": 188.27919930038652,
  "final_goodput_mbps": 188.2791993003865,
  "final_queue": 1510,
  "final_blocked_rate": 0.12520525451559936,
  "final_blocked_queue_cap_rate": 0.12520525451559936,
  "final_blocked_timeout_rate": 0.0,
  "final_utilization": 1.0,
  "final_fairness": 0.9768975910801235,
  "avg_utilization": 0.9985416666666667,
  "avg_fairness": 0.9830524456812229,
  "avg_acceptance_rate": 0.9892557410424934,
  "avg_service_rate": 0.2565995050765115,
  "final_mean_served_delay_s": 215.69082125603865,
  "final_p95_served_delay_s": 413.0,
  "final_mean_timeout_delay_s": 0.0
}