{
  "scenario": "both_int6",
  "strategy": "greedy_backlog",
  "seed": 48,
  "samples": 600,
  "avg_offered_load_mbps": 786.1313096884865,
  "avg_accepted_load_mbps": 643.6077543343188,
  "avg_capacity_mbps": 182.6805738521458,
  "avg_goodput_mbps": 182.64137092222015,
  "avg_queue": 60.77,
  "final_capacity_mbps": 185.67341908174416,
  "final_goodput_mbps": 185.67341908174413,
  "final_queue": 59,
  "final_blocked_rate": 0.747320692497939,
  "final_blocked_queue_cap_rate": 0.18301731244847486,
  "final_blocked_timeout_rate": 0.5643033800494641,
  "final_utilization": 1.0,
  "final_fairness": 0.9709194934809469,
  "avg_utilization": 0.9975,
  "avg_fairness": 0.9790285948515212,
  "avg_acceptance_rate": 0.8370987199657,
  "avg_service_rate": 0.2316298030175102,
  "final_mean_served_delay_s": 16.055956678700362,
  "final_p95_served_delay_s": 20.0,
  "final_mean_timeout_delay_s": 20.0
}