{
  "scenario": "baseline_both",
  "strategy": "greedy_backlog",
  "seed": 42,
  "samples": 600,
  "avg_offered_load_mbps": 766.2760178948384,
  "avg_accepted_load_mbps": 630.0959332186001,
  "avg_capacity_mbps": 192.16343438883086,
  "avg_goodput_mbps": 192.00513537437908,
  "avg_queue": 59.695,
  "final_capacity_mbps": 196.06343050557416,
  "final_goodput_mbps": 196.0634305055742,
  "final_queue": 73,
  "final_blocked_rate": 0.7209205020920502,
  "final_blocked_queue_cap_rate": 0.16778242677824268,
  "final_blocked_timeout_rate": 0.5531380753138075,
  "final_utilization": 1.0,
  "final_fairness": 0.9903695857647867,
  "avg_utilization": 0.99625,
  "avg_fairness": 0.9832281023415312,
  "avg_acceptance_rate": 0.845965831651445,
  "avg_service_rate": 0.23129474860650448,
  "final_mean_served_delay_s": 15.447811447811448,
  "final_p95_served_delay_s": 20.0,
  "final_mean_timeout_delay_s": 20.0
}