{
  "scenario": "both_int3",
  "strategy": "proportional_fair",
  "seed": 47,
  "samples": 600,
  "avg_offered_load_mbps": 776.7866375396233,
  "avg_accepted_load_mbps": 636.7842992563644,
  "avg_capacity_mbps": 177.5709816136455,
  "avg_goodput_mbps": 177.46318615151273,
  "avg_queue": 59.48166666666667,
  "final_capacity_mbps": 177.3096084583491,
  "final_goodput_mbps": 177.30960845834906,
  "final_queue": 60,
  "final_blocked_rate": 0.7543859649122807,
  "final_blocked_queue_cap_rate": 0.18003341687552213,
  "final_blocked_timeout_rate": 0.5743525480367586,
  "final_utilization": 1.0,
  "final_fairness": 0.7787502180916096,
  "avg_utilization": 0.9995833333333334,
  "avg_fairness": 0.819057866430025,
  "avg_acceptance_rate": 0.8207086469280818,
  "avg_service_rate": 0.2030555442284852,
  "final_mean_served_delay_s": 15.354166666666666,
  "final_p95_served_delay_s": 20.0,
  "final_mean_timeout_delay_s": 20.0
}