{
  "scenario": "both_q10_t20",
  "strategy": "longest_queue_first",
  "seed": 44,
  "samples": 600,
  "avg_offered_load_mbps": 764.4133077715236,
  "avg_accepted_load_mbps": 757.3213378331054,
  "avg_capacity_mbps": 153.32948131356937,
  "avg_goodput_mbps": 152.98746149214156,
  "avg_queue": 74.16,
  "final_capacity_mbps": 156.3979189660809,
  "final_goodput_mbps": 156.3979189660809,
  "final_queue": 77,
  "final_blocked_rate": 0.7631578947368421,
  "final_blocked_queue_cap_rate": 0.008634868421052632,
  "final_blocked_timeout_rate": 0.7545230263157895,
  "final_utilization": 1.0,
  "final_fairness": 0.9383015196488824,
  "avg_utilization": 0.9989583333333333,
  "avg_fairness": 0.9376599436268507,
  "avg_acceptance_rate": 0.9923972306214176,
  "avg_service_rate": 0.22216924316177725,
  "final_mean_served_delay_s": 14.967935871743487,
  "final_p95_served_delay_s": 20.0,
  "final_mean_timeout_delay_s": 20.0
}