{
  "scenario": "baseline_timeout",
  "strategy": "longest_queue_first",
  "seed": 47,
  "samples": 600,
  "avg_offered_load_mbps": 776.7866375396233,
  "avg_accepted_load_mbps": 776.7866375396233,
  "avg_capacity_mbps": 153.03604101300377,
  "avg_goodput_mbps": 152.88633527078213,
  "avg_queue": 74.55333333333333,
  "final_capacity_mbps": 156.5752581945789,
  "final_goodput_mbps": 156.57525819457888,
  "final_queue": 76,
  "final_blocked_rate": 0.7882205513784462,
  "final_blocked_queue_cap_rate": 0.0,
  "final_blocked_timeout_rate": 0.7882205513784462,
  "final_utilization": 1.0,
  "final_fairness": 0.9477478488339439,
  "avg_utilization": 0.9995833333333334,
  "avg_fairness": 0.9346008044329248,
  "avg_acceptance_rate": 1.0,
  "avg_service_rate": 0.16730160501879712,
  "final_mean_served_delay_s": 15.368909512761022,
  "final_p95_served_delay_s": 20.0,
  "final_mean_timeout_delay_s": 20.0
}