{
  "scenario": "both_ch32",
  "strategy": "proportional_fair",
  "seed": 45,
  "samples": 600,
  "avg_offered_load_mbps": 787.1612102454801,
  "avg_accepted_load_mbps": 626.2577944008401,
  "avg_capacity_mbps": 107.3066563695387,
  "avg_goodput_mbps": 107.258383920074,
  "avg_queue": 60.535,
  "final_capacity_mbps": 102.94588666385494,
  "final_goodput_mbps": 102.94588666385494,
  "final_queue": 61,
  "final_blocked_rate": 0.8325123152709359,
  "final_blocked_queue_cap_rate": 0.20320197044334976,
  "final_blocked_timeout_rate": 0.6293103448275862,
  "final_utilization": 1.0,
  "final_fairness": 0.8419439006953279,
  "avg_utilization": 0.9992708333333333,
  "avg_fairness": 0.8326633281329563,
  "avg_acceptance_rate": 0.8089851745883235,
  "avg_service_rate": 0.1596504777305432,
  "final_mean_served_delay_s": 15.282420749279538,
  "final_p95_served_delay_s": 20.0,
  "final_mean_timeout_delay_s": 20.0
}