{
  "scenario": "both_ch32",
  "strategy": "ppo_v4",
  "seed": 45,
  "episode_reward": -98.42124273769859,
  "episode_steps": 600,
  "samples": 600,
  "avg_offered_load_mbps": 787.1612102454801,
  "avg_accepted_load_mbps": 625.4458377412425,
  "avg_capacity_mbps": 107.88708608147925,
  "avg_goodput_mbps": 107.57117589929823,
  "avg_queue": 59.52,
  "final_capacity_mbps": 105.0967728180419,
  "final_goodput_mbps": 105.0967728180419,
  "final_queue": 61,
  "final_blocked_rate": 0.833743842364532,
  "final_blocked_queue_cap_rate": 0.2044334975369458,
  "final_blocked_timeout_rate": 0.6293103448275862,
  "final_utilization": 1.0,
  "final_fairness": 0.6557324140177221,
  "avg_utilization": 0.9992708333333333,
  "avg_fairness": 0.7082385973664098,
  "avg_acceptance_rate": 0.8092735098208695,
  "avg_service_rate": 0.16315714875655418,
  "final_mean_served_delay_s": 13.625,
  "final_p95_served_delay_s": 20.0,
  "final_mean_timeout_delay_s": 20.0
}