{
  "scenario": "both_ch32",
  "strategy": "proportional_fair",
  "seed": 46,
  "samples": 600,
  "avg_offered_load_mbps": 752.7792334683929,
  "avg_accepted_load_mbps": 610.326207046863,
  "avg_capacity_mbps": 107.04638225227501,
  "avg_goodput_mbps": 107.01690760228225,
  "avg_queue": 58.935,
  "final_capacity_mbps": 105.42608800409806,
  "final_goodput_mbps": 105.42608800409803,
  "final_queue": 65,
  "final_blocked_rate": 0.8371893744644388,
  "final_blocked_queue_cap_rate": 0.18980291345329905,
  "final_blocked_timeout_rate": 0.6473864610111397,
  "final_utilization": 1.0,
  "final_fairness": 0.8292301795664733,
  "avg_utilization": 0.9994791666666667,
  "avg_fairness": 0.8350741471801486,
  "avg_acceptance_rate": 0.8134428851643746,
  "avg_service_rate": 0.13636749336952583,
  "final_mean_served_delay_s": 15.466666666666667,
  "final_p95_served_delay_s": 20.0,
  "final_mean_timeout_delay_s": 20.0
}