{
  "scenario": "both_ch64",
  "strategy": "greedy_backlog",
  "seed": 49,
  "samples": 600,
  "avg_offered_load_mbps": 743.3465389769656,
  "avg_accepted_load_mbps": 620.3377017948549,
  "avg_capacity_mbps": 238.56907720637852,
  "avg_goodput_mbps": 238.2661971312561,
  "avg_queue": 58.93333333333333,
  "final_capacity_mbps": 240.1193271704769,
  "final_goodput_mbps": 240.11932717047688,
  "final_queue": 68,
  "final_blocked_rate": 0.6648671096345515,
  "final_blocked_queue_cap_rate": 0.16569767441860464,
  "final_blocked_timeout_rate": 0.49916943521594687,
  "final_utilization": 1.0,
  "final_fairness": 0.9709940895126496,
  "avg_utilization": 0.9961979166666667,
  "avg_fairness": 0.9708708367973755,
  "avg_acceptance_rate": 0.8535558769518701,
  "avg_service_rate": 0.3303710151154267,
  "final_mean_served_delay_s": 15.331529093369419,
  "final_p95_served_delay_s": 20.0,
  "final_mean_timeout_delay_s": 20.0
}