{
  "scenario": "both_q5_t10",
  "strategy": "longest_queue_first",
  "seed": 45,
  "samples": 600,
  "avg_offered_load_mbps": 787.1612102454801,
  "avg_accepted_load_mbps": 761.0394106003616,
  "avg_capacity_mbps": 162.7843397593277,
  "avg_goodput_mbps": 161.6158534627734,
  "avg_queue": 35.306666666666665,
  "final_capacity_mbps": 169.4380008906767,
  "final_goodput_mbps": 161.01075036938627,
  "final_queue": 27,
  "final_blocked_rate": 0.7742200328407225,
  "final_blocked_queue_cap_rate": 0.0332512315270936,
  "final_blocked_timeout_rate": 0.7409688013136289,
  "final_utilization": 1.0,
  "final_fairness": 0.919361643336026,
  "avg_utilization": 0.9985416666666667,
  "avg_fairness": 0.9573865285515177,
  "avg_acceptance_rate": 0.9653768740186002,
  "avg_service_rate": 0.23262564000582064,
  "final_mean_served_delay_s": 6.680688336520077,
  "final_p95_served_delay_s": 10.0,
  "final_mean_timeout_delay_s": 10.0
}