{
  "scenario": "both_q5_t40",
  "strategy": "longest_queue_first",
  "seed": 43,
  "samples": 600,
  "avg_offered_load_mbps": 759.8008368706072,
  "avg_accepted_load_mbps": 415.66236717823716,
  "avg_capacity_mbps": 151.16934029916635,
  "avg_goodput_mbps": 151.09316306620204,
  "avg_queue": 76.52833333333334,
  "final_capacity_mbps": 152.73059597437575,
  "final_goodput_mbps": 152.73059597437577,
  "final_queue": 76,
  "final_blocked_rate": 0.7733549959382616,
  "final_blocked_queue_cap_rate": 0.4614134849715678,
  "final_blocked_timeout_rate": 0.31194151096669376,
  "final_utilization": 1.0,
  "final_fairness": 0.9148636989560127,
  "avg_utilization": 0.9985416666666667,
  "avg_fairness": 0.9333386306023488,
  "avg_acceptance_rate": 0.5785500461541296,
  "avg_service_rate": 0.19817773036127415,
  "final_mean_served_delay_s": 29.57261410788382,
  "final_p95_served_delay_s": 40.0,
  "final_mean_timeout_delay_s": 40.0
}