{
  "scenario": "both_q5_t40",
  "strategy": "proportional_fair",
  "seed": 50,
  "samples": 600,
  "avg_offered_load_mbps": 778.7999490711376,
  "avg_accepted_load_mbps": 417.14825798627373,
  "avg_capacity_mbps": 151.98861431572254,
  "avg_goodput_mbps": 151.90879307481822,
  "avg_queue": 76.37666666666667,
  "final_capacity_mbps": 151.34330969289977,
  "final_goodput_mbps": 151.3433096928998,
  "final_queue": 80,
  "final_blocked_rate": 0.7749897161661867,
  "final_blocked_queue_cap_rate": 0.45783628136569315,
  "final_blocked_timeout_rate": 0.3171534348004936,
  "final_utilization": 1.0,
  "final_fairness": 0.927647725613171,
  "avg_utilization": 0.9983333333333333,
  "avg_fairness": 0.9037753551454611,
  "avg_acceptance_rate": 0.591290359694288,
  "avg_service_rate": 0.20554633980052414,
  "final_mean_served_delay_s": 29.678800856531048,
  "final_p95_served_delay_s": 40.0,
  "final_mean_timeout_delay_s": 40.0
}