{
  "scenario": "both_ch64",
  "strategy": "longest_queue_first",
  "seed": 50,
  "samples": 600,
  "avg_offered_load_mbps": 778.7999490711376,
  "avg_accepted_load_mbps": 634.1399477532132,
  "avg_capacity_mbps": 204.69708855413097,
  "avg_goodput_mbps": 204.0878603864645,
  "avg_queue": 57.443333333333335,
  "final_capacity_mbps": 210.6291037558829,
  "final_goodput_mbps": 210.62910375588288,
  "final_queue": 54,
  "final_blocked_rate": 0.7231591937474291,
  "final_blocked_queue_cap_rate": 0.19498148909913615,
  "final_blocked_timeout_rate": 0.5281777046482928,
  "final_utilization": 1.0,
  "final_fairness": 0.9439771168667371,
  "avg_utilization": 0.9972395833333333,
  "avg_fairness": 0.9546718503708178,
  "avg_acceptance_rate": 0.8257590533207089,
  "avg_service_rate": 0.2619452787727671,
  "final_mean_served_delay_s": 14.282714054927302,
  "final_p95_served_delay_s": 20.0,
  "final_mean_timeout_delay_s": 20.0
}