{
  "scenario": "both_int3",
  "strategy": "longest_queue_first",
  "seed": 47,
  "samples": 600,
  "avg_offered_load_mbps": 776.7866375396233,
  "avg_accepted_load_mbps": 634.7507302849323,
  "avg_capacity_mbps": 173.9828154692159,
  "avg_goodput_mbps": 173.740264844381,
  "avg_queue": 58.70333333333333,
  "final_capacity_mbps": 177.827662530081,
  "final_goodput_mbps": 177.82766253008097,
  "final_queue": 59,
  "final_blocked_rate": 0.7623224728487886,
  "final_blocked_queue_cap_rate": 0.18546365914786966,
  "final_blocked_timeout_rate": 0.576858813700919,
  "final_utilization": 1.0,
  "final_fairness": 0.9405933290062779,
  "avg_utilization": 0.9995833333333334,
  "avg_fairness": 0.942212095032238,
  "avg_acceptance_rate": 0.8135031144009008,
  "avg_service_rate": 0.1981928738961216,
  "final_mean_served_delay_s": 14.731372549019607,
  "final_p95_served_delay_s": 20.0,
  "final_mean_timeout_delay_s": 20.0
}