{
  "scenario": "baseline",
  "strategy": "round_robin",
  "seed": 51,
  "samples": 600,
  "avg_offered_load_mbps": 39.66233794715092,
  "avg_accepted_load_mbps": 39.66233794715092,
  "avg_capacity_mbps": 50.96020144313839,
  "avg_goodput_mbps": 39.524268973004176,
  "avg_queue": 1.2283333333333333,
  "final_capacity_mbps": 74.62002585921431,
  "final_goodput_mbps": 74.62002585921432,
  "final_queue": 3,
  "final_blocked_rate": 0.0,
  "final_blocked_queue_cap_rate": 0.0,
  "final_blocked_timeout_rate": 0.0,
  "final_utilization": 0.375,
  "final_fairness": 0.991886218465517,
  "avg_utilization": 0.24208333333333334,
  "avg_fairness": 0.8712887893323502,
  "avg_acceptance_rate": 1.0,
  "avg_service_rate": 0.9892491722132989,
  "final_mean_served_delay_s": 2.42578125,
  "final_p95_served_delay_s": 6.0,
  "final_mean_timeout_delay_s": 0.0
}