{
  "scenario": "both_int6",
  "strategy": "proportional_fair",
  "seed": 51,
  "samples": 600,
  "avg_offered_load_mbps": 770.4303003527792,
  "avg_accepted_load_mbps": 608.2607968822724,
  "avg_capacity_mbps": 138.85746488240034,
  "avg_goodput_mbps": 138.82204025943102,
  "avg_queue": 59.86833333333333,
  "final_capacity_mbps": 136.12308142919457,
  "final_goodput_mbps": 136.12308142919454,
  "final_queue": 55,
  "final_blocked_rate": 0.8044280442804428,
  "final_blocked_queue_cap_rate": 0.2037720377203772,
  "final_blocked_timeout_rate": 0.6006560065600656,
  "final_utilization": 1.0,
  "final_fairness": 0.761731232325338,
  "avg_utilization": 0.9989583333333333,
  "avg_fairness": 0.8187856871306309,
  "avg_acceptance_rate": 0.8202015674918287,
  "avg_service_rate": 0.18346896851082503,
  "final_mean_served_delay_s": 15.381516587677725,
  "final_p95_served_delay_s": 20.0,
  "final_mean_timeout_delay_s": 20.0
}