{
  "scenario": "both_q10_t20",
  "strategy": "proportional_fair",
  "seed": 48,
  "samples": 600,
  "avg_offered_load_mbps": 786.1313096884865,
  "avg_accepted_load_mbps": 778.854089833991,
  "avg_capacity_mbps": 158.90943154426722,
  "avg_goodput_mbps": 158.8744244131999,
  "avg_queue": 75.995,
  "final_capacity_mbps": 160.09230684643376,
  "final_goodput_mbps": 160.09230684643376,
  "final_queue": 74,
  "final_blocked_rate": 0.7873042044517725,
  "final_blocked_queue_cap_rate": 0.008656224237427864,
  "final_blocked_timeout_rate": 0.7786479802143446,
  "final_utilization": 1.0,
  "final_fairness": 0.7928503860945426,
  "avg_utilization": 0.9975,
  "avg_fairness": 0.7775776934090549,
  "avg_acceptance_rate": 0.9893656934977753,
  "avg_service_rate": 0.1788507416342216,
  "final_mean_served_delay_s": 16.665158371040725,
  "final_p95_served_delay_s": 20.0,
  "final_mean_timeout_delay_s": 20.0
}