{
  "scenario": "both_int6",
  "strategy": "longest_queue_first",
  "seed": 43,
  "samples": 600,
  "avg_offered_load_mbps": 759.8008368706072,
  "avg_accepted_load_mbps": 599.4119683855802,
  "avg_capacity_mbps": 133.54454792116763,
  "avg_goodput_mbps": 133.38992388275446,
  "avg_queue": 59.52,
  "final_capacity_mbps": 136.06587859672157,
  "final_goodput_mbps": 136.06587859672155,
  "final_queue": 62,
  "final_blocked_rate": 0.7977254264825345,
  "final_blocked_queue_cap_rate": 0.2099918765231519,
  "final_blocked_timeout_rate": 0.5877335499593827,
  "final_utilization": 1.0,
  "final_fairness": 0.9332877706319893,
  "avg_utilization": 0.9985416666666667,
  "avg_fairness": 0.9298240988493732,
  "avg_acceptance_rate": 0.8016356152945375,
  "avg_service_rate": 0.17396490082893665,
  "final_mean_served_delay_s": 15.1651376146789,
  "final_p95_served_delay_s": 20.0,
  "final_mean_timeout_delay_s": 20.0
}