{
  "scenario": "both_q10_t20",
  "strategy": "greedy_backlog",
  "seed": 43,
  "samples": 600,
  "avg_offered_load_mbps": 759.8008368706072,
  "avg_accepted_load_mbps": 756.0280446252665,
  "avg_capacity_mbps": 193.6419964051621,
  "avg_goodput_mbps": 193.6222894915153,
  "avg_queue": 75.95666666666666,
  "final_capacity_mbps": 198.23403456312667,
  "final_goodput_mbps": 198.23403456312667,
  "final_queue": 72,
  "final_blocked_rate": 0.7225832656376929,
  "final_blocked_queue_cap_rate": 0.00487408610885459,
  "final_blocked_timeout_rate": 0.7177091795288384,
  "final_utilization": 1.0,
  "final_fairness": 0.9891600280725243,
  "avg_utilization": 0.9985416666666667,
  "avg_fairness": 0.9861037753538736,
  "avg_acceptance_rate": 0.994677296971288,
  "avg_service_rate": 0.25034337843996096,
  "final_mean_served_delay_s": 16.628477905073648,
  "final_p95_served_delay_s": 20.0,
  "final_mean_timeout_delay_s": 20.0
}