{
  "scenario": "both_q5_t40",
  "strategy": "ppo_v4",
  "seed": 49,
  "episode_reward": 30.459788080614295,
  "episode_steps": 600,
  "samples": 600,
  "avg_offered_load_mbps": 743.3465389769656,
  "avg_accepted_load_mbps": 420.8407459442985,
  "avg_capacity_mbps": 154.95267740042294,
  "avg_goodput_mbps": 154.4827436756338,
  "avg_queue": 75.23166666666667,
  "final_capacity_mbps": 156.12030133355066,
  "final_goodput_mbps": 156.12030133355066,
  "final_queue": 83,
  "final_blocked_rate": 0.7649501661129569,
  "final_blocked_queue_cap_rate": 0.4426910299003322,
  "final_blocked_timeout_rate": 0.3222591362126246,
  "final_utilization": 1.0,
  "final_fairness": 0.6796724749905261,
  "avg_utilization": 0.99875,
  "avg_fairness": 0.6751066733637427,
  "avg_acceptance_rate": 0.611655014313332,
  "avg_service_rate": 0.2204493108861951,
  "final_mean_served_delay_s": 26.59006211180124,
  "final_p95_served_delay_s": 39.0,
  "final_mean_timeout_delay_s": 40.0
}