{
  "scenario": "both_q10_t20",
  "strategy": "ppo_v4",
  "seed": 45,
  "episode_reward": 70.5744786954594,
  "episode_steps": 600,
  "samples": 600,
  "avg_offered_load_mbps": 787.1612102454801,
  "avg_accepted_load_mbps": 784.9926282913852,
  "avg_capacity_mbps": 160.5848339558557,
  "avg_goodput_mbps": 159.97426663870556,
  "avg_queue": 74.1,
  "final_capacity_mbps": 153.4355044970465,
  "final_goodput_mbps": 153.43550449704648,
  "final_queue": 80,
  "final_blocked_rate": 0.7688834154351396,
  "final_blocked_queue_cap_rate": 0.0028735632183908046,
  "final_blocked_timeout_rate": 0.7660098522167488,
  "final_utilization": 1.0,
  "final_fairness": 0.6666627165431153,
  "avg_utilization": 0.9985416666666667,
  "avg_fairness": 0.651945851749064,
  "avg_acceptance_rate": 0.996419917710345,
  "avg_service_rate": 0.2226847891981023,
  "final_mean_served_delay_s": 13.923395445134576,
  "final_p95_served_delay_s": 20.0,
  "final_mean_timeout_delay_s": 20.0
}