{
  "scenario": "both_q5_t10",
  "strategy": "longest_queue_first",
  "seed": 49,
  "samples": 600,
  "avg_offered_load_mbps": 743.3465389769656,
  "avg_accepted_load_mbps": 713.0425387026612,
  "avg_capacity_mbps": 161.44950856573553,
  "avg_goodput_mbps": 160.1841368816107,
  "avg_queue": 34.725,
  "final_capacity_mbps": 161.48756426025312,
  "final_goodput_mbps": 161.48756426025312,
  "final_queue": 36,
  "final_blocked_rate": 0.7691029900332226,
  "final_blocked_queue_cap_rate": 0.03571428571428571,
  "final_blocked_timeout_rate": 0.7333887043189369,
  "final_utilization": 1.0,
  "final_fairness": 0.9744641781689961,
  "avg_utilization": 0.99875,
  "avg_fairness": 0.9620509979316332,
  "avg_acceptance_rate": 0.9702208660908634,
  "avg_service_rate": 0.2459629092875124,
  "final_mean_served_delay_s": 6.775,
  "final_p95_served_delay_s": 10.0,
  "final_mean_timeout_delay_s": 10.0
}