{
  "scenario": "baseline_queue_cap",
  "strategy": "proportional_fair",
  "seed": 49,
  "samples": 600,
  "avg_offered_load_mbps": 743.3465389769656,
  "avg_accepted_load_mbps": 625.9378034625872,
  "avg_capacity_mbps": 151.14621033678299,
  "avg_goodput_mbps": 150.9229656450768,
  "avg_queue": 886.135,
  "final_capacity_mbps": 152.0317959479708,
  "final_goodput_mbps": 152.03179594797086,
  "final_queue": 1516,
  "final_blocked_rate": 0.16279069767441862,
  "final_blocked_queue_cap_rate": 0.16279069767441862,
  "final_blocked_timeout_rate": 0.0,
  "final_utilization": 1.0,
  "final_fairness": 0.9218456351703334,
  "avg_utilization": 0.99875,
  "avg_fairness": 0.914267086509292,
  "avg_acceptance_rate": 0.980542021071886,
  "avg_service_rate": 0.2235010804963327,
  "final_mean_served_delay_s": 230.108,
  "final_p95_served_delay_s": 440.0,
  "final_mean_timeout_delay_s": 0.0
}