{
  "scenario": "both_int3",
  "strategy": "round_robin",
  "seed": 43,
  "samples": 600,
  "avg_offered_load_mbps": 759.8008368706072,
  "avg_accepted_load_mbps": 601.4056046964903,
  "avg_capacity_mbps": 173.66573566307278,
  "avg_goodput_mbps": 173.18837522466066,
  "avg_queue": 57.99666666666667,
  "final_capacity_mbps": 173.82302322091792,
  "final_goodput_mbps": 173.82302322091786,
  "final_queue": 62,
  "final_blocked_rate": 0.7420796100731113,
  "final_blocked_queue_cap_rate": 0.2051177904142973,
  "final_blocked_timeout_rate": 0.536961819658814,
  "final_utilization": 1.0,
  "final_fairness": 0.9679971305178804,
  "avg_utilization": 0.9985416666666667,
  "avg_fairness": 0.9529710757930293,
  "avg_acceptance_rate": 0.8067387158734621,
  "avg_service_rate": 0.23431334264176878,
  "final_mean_served_delay_s": 14.546247818499127,
  "final_p95_served_delay_s": 20.0,
  "final_mean_timeout_delay_s": 20.0
}