{
  "scenario": "both_q10_t20",
  "strategy": "round_robin",
  "seed": 49,
  "samples": 600,
  "avg_offered_load_mbps": 743.3465389769656,
  "avg_accepted_load_mbps": 741.5145092828903,
  "avg_capacity_mbps": 152.84921013107112,
  "avg_goodput_mbps": 152.24571487103958,
  "avg_queue": 73.48833333333333,
  "final_capacity_mbps": 152.06922473013165,
  "final_goodput_mbps": 152.06922473013165,
  "final_queue": 83,
  "final_blocked_rate": 0.7657807308970099,
  "final_blocked_queue_cap_rate": 0.005813953488372093,
  "final_blocked_timeout_rate": 0.7599667774086378,
  "final_utilization": 1.0,
  "final_fairness": 0.9640382123315073,
  "avg_utilization": 0.99875,
  "avg_fairness": 0.9473952162098523,
  "avg_acceptance_rate": 0.9946506897792792,
  "avg_service_rate": 0.2250209749423079,
  "final_mean_served_delay_s": 14.733887733887734,
  "final_p95_served_delay_s": 20.0,
  "final_mean_timeout_delay_s": 20.0
}