{
  "scenario": "both_int3",
  "strategy": "greedy_backlog",
  "seed": 48,
  "samples": 600,
  "avg_offered_load_mbps": 786.1313096884865,
  "avg_accepted_load_mbps": 648.6616321105827,
  "avg_capacity_mbps": 201.7758220700927,
  "avg_goodput_mbps": 201.68375843221335,
  "avg_queue": 60.32833333333333,
  "final_capacity_mbps": 205.88990666273355,
  "final_goodput_mbps": 205.88990666273355,
  "final_queue": 59,
  "final_blocked_rate": 0.7234130255564716,
  "final_blocked_queue_cap_rate": 0.17930750206100576,
  "final_blocked_timeout_rate": 0.5441055234954658,
  "final_utilization": 1.0,
  "final_fairness": 0.990575956779067,
  "avg_utilization": 0.9975,
  "avg_fairness": 0.9854013172449182,
  "avg_acceptance_rate": 0.8412828302491149,
  "avg_service_rate": 0.2544592088422242,
  "final_mean_served_delay_s": 15.80718954248366,
  "final_p95_served_delay_s": 20.0,
  "final_mean_timeout_delay_s": 20.0
}