{
  "scenario": "both_q10_t20",
  "strategy": "ppo_v4",
  "seed": 46,
  "episode_reward": 80.70175890726846,
  "episode_steps": 600,
  "samples": 600,
  "avg_offered_load_mbps": 752.7792334683929,
  "avg_accepted_load_mbps": 746.639121369468,
  "avg_capacity_mbps": 160.35402470918964,
  "avg_goodput_mbps": 159.99905268784087,
  "avg_queue": 71.42166666666667,
  "final_capacity_mbps": 157.9320370936911,
  "final_goodput_mbps": 157.9320370936911,
  "final_queue": 65,
  "final_blocked_rate": 0.7763496143958869,
  "final_blocked_queue_cap_rate": 0.005998286203941731,
  "final_blocked_timeout_rate": 0.7703513281919452,
  "final_utilization": 1.0,
  "final_fairness": 0.7315717010764378,
  "avg_utilization": 0.9985416666666667,
  "avg_fairness": 0.6503554465928134,
  "avg_acceptance_rate": 0.9948055297477587,
  "avg_service_rate": 0.20447304843413883,
  "final_mean_served_delay_s": 14.879649890590809,
  "final_p95_served_delay_s": 20.0,
  "final_mean_timeout_delay_s": 20.0
}