{
  "scenario": "baseline_both",
  "strategy": "ppo",
  "seed": 43,
  "episode_reward": 4.470820731631809,
  "episode_steps": 600,
  "samples": 600,
  "avg_offered_load_mbps": 759.8008368706072,
  "avg_accepted_load_mbps": 606.1483720716532,
  "avg_capacity_mbps": 156.16444168516952,
  "avg_goodput_mbps": 155.64932305726094,
  "avg_queue": 58.48,
  "final_capacity_mbps": 157.06624629813004,
  "final_goodput_mbps": 157.06624629813,
  "final_queue": 60,
  "final_blocked_rate": 0.768480909829407,
  "final_blocked_queue_cap_rate": 0.20593013809910643,
  "final_blocked_timeout_rate": 0.5625507717303005,
  "final_utilization": 1.0,
  "final_fairness": 0.7442896712656757,
  "avg_utilization": 0.9985416666666667,
  "avg_fairness": 0.752866659565272,
  "avg_acceptance_rate": 0.8066793664755781,
  "avg_service_rate": 0.20484969586428617,
  "final_mean_served_delay_s": 14.392156862745098,
  "final_p95_served_delay_s": 20.0,
  "final_mean_timeout_delay_s": 20.0
}