{
  "scenario": "both_q10_t20",
  "strategy": "greedy_backlog",
  "seed": 48,
  "samples": 600,
  "avg_offered_load_mbps": 786.1313096884865,
  "avg_accepted_load_mbps": 779.2105060334637,
  "avg_capacity_mbps": 191.91438845621437,
  "avg_goodput_mbps": 191.8673103664645,
  "avg_queue": 74.97666666666667,
  "final_capacity_mbps": 181.59994720888767,
  "final_goodput_mbps": 181.59994720888767,
  "final_queue": 75,
  "final_blocked_rate": 0.7221764220939819,
  "final_blocked_queue_cap_rate": 0.008244023083264633,
  "final_blocked_timeout_rate": 0.7139323990107173,
  "final_utilization": 1.0,
  "final_fairness": 0.9640704632548746,
  "avg_utilization": 0.9975,
  "avg_fairness": 0.9838110736452558,
  "avg_acceptance_rate": 0.9900026855996098,
  "avg_service_rate": 0.24555493743813944,
  "final_mean_served_delay_s": 16.74958263772955,
  "final_p95_served_delay_s": 20.0,
  "final_mean_timeout_delay_s": 20.0
}