{
  "scenario": "both_ch64",
  "strategy": "ppo_v4",
  "seed": 48,
  "episode_reward": 254.73935362659162,
  "episode_steps": 600,
  "samples": 600,
  "avg_offered_load_mbps": 786.1313096884865,
  "avg_accepted_load_mbps": 647.8334141907274,
  "avg_capacity_mbps": 212.57108556276145,
  "avg_goodput_mbps": 211.6479130716666,
  "avg_queue": 57.62,
  "final_capacity_mbps": 209.81417560286127,
  "final_goodput_mbps": 209.8141756028613,
  "final_queue": 56,
  "final_blocked_rate": 0.7147568013190437,
  "final_blocked_queue_cap_rate": 0.1838417147568013,
  "final_blocked_timeout_rate": 0.5309150865622424,
  "final_utilization": 1.0,
  "final_fairness": 0.7417449469963856,
  "avg_utilization": 0.9965104166666666,
  "avg_fairness": 0.716975437634145,
  "avg_acceptance_rate": 0.8334563917466278,
  "avg_service_rate": 0.267600239521502,
  "final_mean_served_delay_s": 13.814465408805031,
  "final_p95_served_delay_s": 20.0,
  "final_mean_timeout_delay_s": 20.0
}