{
  "scenario": "both_ch32",
  "strategy": "proportional_fair",
  "seed": 50,
  "samples": 600,
  "avg_offered_load_mbps": 778.7999490711376,
  "avg_accepted_load_mbps": 621.428852991799,
  "avg_capacity_mbps": 106.56329346895599,
  "avg_goodput_mbps": 106.52982733636091,
  "avg_queue": 60.666666666666664,
  "final_capacity_mbps": 105.75081957610278,
  "final_goodput_mbps": 105.75081957610278,
  "final_queue": 60,
  "final_blocked_rate": 0.8461538461538461,
  "final_blocked_queue_cap_rate": 0.20526532291238173,
  "final_blocked_timeout_rate": 0.6408885232414644,
  "final_utilization": 1.0,
  "final_fairness": 0.8259558449674324,
  "avg_utilization": 0.9991666666666666,
  "avg_fairness": 0.8397644087302812,
  "avg_acceptance_rate": 0.8146229433211117,
  "avg_service_rate": 0.14036526563515953,
  "final_mean_served_delay_s": 15.51592356687898,
  "final_p95_served_delay_s": 20.0,
  "final_mean_timeout_delay_s": 20.0
}