{
  "scenario": "both_int3",
  "strategy": "ppo_v4",
  "seed": 43,
  "episode_reward": 147.11487321643057,
  "episode_steps": 600,
  "samples": 600,
  "avg_offered_load_mbps": 759.8008368706072,
  "avg_accepted_load_mbps": 611.1635699233896,
  "avg_capacity_mbps": 179.70621209672242,
  "avg_goodput_mbps": 178.89084344179903,
  "avg_queue": 58.07,
  "final_capacity_mbps": 176.2353139656884,
  "final_goodput_mbps": 176.2353139656884,
  "final_queue": 60,
  "final_blocked_rate": 0.7420796100731113,
  "final_blocked_queue_cap_rate": 0.19618196588139725,
  "final_blocked_timeout_rate": 0.545897644191714,
  "final_utilization": 1.0,
  "final_fairness": 0.7034012364552379,
  "avg_utilization": 0.9985416666666667,
  "avg_fairness": 0.664307163557523,
  "avg_acceptance_rate": 0.8176365667672412,
  "avg_service_rate": 0.23350803207371887,
  "final_mean_served_delay_s": 13.876521739130435,
  "final_p95_served_delay_s": 20.0,
  "final_mean_timeout_delay_s": 20.0
}