{
  "scenario": "both_q15_t20",
  "strategy": "ppo_v4",
  "seed": 49,
  "episode_reward": 74.37930435005666,
  "episode_steps": 600,
  "samples": 600,
  "avg_offered_load_mbps": 743.3465389769656,
  "avg_accepted_load_mbps": 743.3465389769656,
  "avg_capacity_mbps": 159.7377497930272,
  "avg_goodput_mbps": 159.15142746737916,
  "avg_queue": 74.18833333333333,
  "final_capacity_mbps": 162.7323264737391,
  "final_goodput_mbps": 162.7323264737391,
  "final_queue": 82,
  "final_blocked_rate": 0.7612126245847176,
  "final_blocked_queue_cap_rate": 0.0,
  "final_blocked_timeout_rate": 0.7612126245847176,
  "final_utilization": 1.0,
  "final_fairness": 0.6532953135945923,
  "avg_utilization": 0.99875,
  "avg_fairness": 0.6579209305699996,
  "avg_acceptance_rate": 1.0,
  "avg_service_rate": 0.2246757087722619,
  "final_mean_served_delay_s": 15.158215010141987,
  "final_p95_served_delay_s": 20.0,
  "final_mean_timeout_delay_s": 20.0
}