{
  "scenario": "both_q10_t20",
  "strategy": "ppo_v4",
  "seed": 48,
  "episode_reward": 64.73254075524315,
  "episode_steps": 600,
  "samples": 600,
  "avg_offered_load_mbps": 786.1313096884865,
  "avg_accepted_load_mbps": 778.7884703841933,
  "avg_capacity_mbps": 161.25286780189893,
  "avg_goodput_mbps": 160.81019723828575,
  "avg_queue": 74.66666666666667,
  "final_capacity_mbps": 158.56991462140212,
  "final_goodput_mbps": 158.56991462140215,
  "final_queue": 72,
  "final_blocked_rate": 0.7728771640560593,
  "final_blocked_queue_cap_rate": 0.008656224237427864,
  "final_blocked_timeout_rate": 0.7642209398186315,
  "final_utilization": 1.0,
  "final_fairness": 0.7222007585901669,
  "avg_utilization": 0.9975,
  "avg_fairness": 0.642497111645253,
  "avg_acceptance_rate": 0.9899249146035136,
  "avg_service_rate": 0.20092291939605325,
  "final_mean_served_delay_s": 15.323590814196242,
  "final_p95_served_delay_s": 20.0,
  "final_mean_timeout_delay_s": 20.0
}