{
  "scenario": "both_ch32",
  "strategy": "round_robin",
  "seed": 48,
  "samples": 600,
  "avg_offered_load_mbps": 786.1313096884865,
  "avg_accepted_load_mbps": 629.8469889414735,
  "avg_capacity_mbps": 101.49333381612492,
  "avg_goodput_mbps": 101.37454387377318,
  "avg_queue": 60.708333333333336,
  "final_capacity_mbps": 106.08579932566906,
  "final_goodput_mbps": 106.08579932566903,
  "final_queue": 55,
  "final_blocked_rate": 0.8623248145094806,
  "final_blocked_queue_cap_rate": 0.20651277823577907,
  "final_blocked_timeout_rate": 0.6558120362737015,
  "final_utilization": 1.0,
  "final_fairness": 0.9711585084422233,
  "avg_utilization": 0.9982291666666666,
  "avg_fairness": 0.9215431196731005,
  "avg_acceptance_rate": 0.8069556535627771,
  "avg_service_rate": 0.11675595447602966,
  "final_mean_served_delay_s": 15.096774193548388,
  "final_p95_served_delay_s": 20.0,
  "final_mean_timeout_delay_s": 20.0
}