{
  "scenario": "both_q5_t10",
  "strategy": "ppo_v4",
  "seed": 47,
  "episode_reward": 131.7206365452136,
  "episode_steps": 600,
  "samples": 600,
  "avg_offered_load_mbps": 776.7866375396233,
  "avg_accepted_load_mbps": 752.1326301896794,
  "avg_capacity_mbps": 167.9948528297846,
  "avg_goodput_mbps": 166.4372313993689,
  "avg_queue": 35.083333333333336,
  "final_capacity_mbps": 168.5623302890051,
  "final_goodput_mbps": 168.56233028900516,
  "final_queue": 34,
  "final_blocked_rate": 0.7928153717627402,
  "final_blocked_queue_cap_rate": 0.034252297410192145,
  "final_blocked_timeout_rate": 0.758563074352548,
  "final_utilization": 1.0,
  "final_fairness": 0.6188521785824278,
  "avg_utilization": 0.9995833333333334,
  "avg_fairness": 0.6725361879383824,
  "avg_acceptance_rate": 0.9677483324412735,
  "avg_service_rate": 0.18625543282848842,
  "final_mean_served_delay_s": 6.852813852813853,
  "final_p95_served_delay_s": 10.0,
  "final_mean_timeout_delay_s": 10.0
}