{
  "scenario": "baseline_queue_cap",
  "strategy": "longest_queue_first",
  "seed": 48,
  "samples": 600,
  "avg_offered_load_mbps": 786.1313096884865,
  "avg_accepted_load_mbps": 654.455533675579,
  "avg_capacity_mbps": 150.60540648327867,
  "avg_goodput_mbps": 150.5646799135827,
  "avg_queue": 924.4833333333333,
  "final_capacity_mbps": 150.902607207802,
  "final_goodput_mbps": 150.90260720780205,
  "final_queue": 1516,
  "final_blocked_rate": 0.1768342951360264,
  "final_blocked_queue_cap_rate": 0.1768342951360264,
  "final_blocked_timeout_rate": 0.0,
  "final_utilization": 1.0,
  "final_fairness": 0.9382703969949011,
  "avg_utilization": 0.9975,
  "avg_fairness": 0.9334013316630696,
  "avg_acceptance_rate": 0.9700504065238595,
  "avg_service_rate": 0.1921653744659458,
  "final_mean_served_delay_s": 234.72972972972974,
  "final_p95_served_delay_s": 460.0,
  "final_mean_timeout_delay_s": 0.0
}