{
  "scenario": "baseline_both",
  "strategy": "ppo",
  "seed": 48,
  "episode_reward": 60.09851270423575,
  "episode_steps": 600,
  "samples": 600,
  "avg_offered_load_mbps": 786.1313096884865,
  "avg_accepted_load_mbps": 639.4936393678424,
  "avg_capacity_mbps": 156.70307313002667,
  "avg_goodput_mbps": 156.39598686328108,
  "avg_queue": 59.625,
  "final_capacity_mbps": 166.49804458714232,
  "final_goodput_mbps": 166.49804458714232,
  "final_queue": 55,
  "final_blocked_rate": 0.7984336356141797,
  "final_blocked_queue_cap_rate": 0.1978565539983512,
  "final_blocked_timeout_rate": 0.6005770816158286,
  "final_utilization": 1.0,
  "final_fairness": 0.713551729030006,
  "avg_utilization": 0.9975,
  "avg_fairness": 0.7774413409436338,
  "avg_acceptance_rate": 0.818147716932955,
  "avg_service_rate": 0.17453522714494663,
  "final_mean_served_delay_s": 14.716589861751151,
  "final_p95_served_delay_s": 20.0,
  "final_mean_timeout_delay_s": 20.0
}