{
  "scenario": "both_int6",
  "strategy": "greedy_backlog",
  "seed": 45,
  "samples": 600,
  "avg_offered_load_mbps": 787.1612102454801,
  "avg_accepted_load_mbps": 645.0173092590189,
  "avg_capacity_mbps": 182.73593024950492,
  "avg_goodput_mbps": 182.59358779241845,
  "avg_queue": 59.99333333333333,
  "final_capacity_mbps": 168.29002759172795,
  "final_goodput_mbps": 168.29002759172795,
  "final_queue": 64,
  "final_blocked_rate": 0.7327586206896551,
  "final_blocked_queue_cap_rate": 0.17857142857142858,
  "final_blocked_timeout_rate": 0.5541871921182266,
  "final_utilization": 1.0,
  "final_fairness": 0.9759553193226227,
  "avg_utilization": 0.9985416666666667,
  "avg_fairness": 0.9804464041092111,
  "avg_acceptance_rate": 0.8356345306238628,
  "avg_service_rate": 0.25510862395577993,
  "final_mean_served_delay_s": 15.078364565587734,
  "final_p95_served_delay_s": 20.0,
  "final_mean_timeout_delay_s": 20.0
}