{
  "scenario": "both_ch64",
  "strategy": "longest_queue_first",
  "seed": 49,
  "samples": 600,
  "avg_offered_load_mbps": 743.3465389769656,
  "avg_accepted_load_mbps": 609.167008933186,
  "avg_capacity_mbps": 204.71371929970337,
  "avg_goodput_mbps": 203.91165012478496,
  "avg_queue": 57.49666666666667,
  "final_capacity_mbps": 207.94751512514378,
  "final_goodput_mbps": 207.94751512514375,
  "final_queue": 61,
  "final_blocked_rate": 0.7084717607973422,
  "final_blocked_queue_cap_rate": 0.1798172757475083,
  "final_blocked_timeout_rate": 0.5286544850498339,
  "final_utilization": 1.0,
  "final_fairness": 0.9305947571257999,
  "avg_utilization": 0.9961979166666667,
  "avg_fairness": 0.9539969436714806,
  "avg_acceptance_rate": 0.8420353530373523,
  "avg_service_rate": 0.2879862285297333,
  "final_mean_served_delay_s": 14.0795631825273,
  "final_p95_served_delay_s": 20.0,
  "final_mean_timeout_delay_s": 20.0
}