{
  "scenario": "both_q5_t40",
  "strategy": "ppo_v4",
  "seed": 44,
  "episode_reward": 26.8896094041675,
  "episode_steps": 600,
  "samples": 600,
  "avg_offered_load_mbps": 764.4133077715236,
  "avg_accepted_load_mbps": 425.44871947739296,
  "avg_capacity_mbps": 153.349904132452,
  "avg_goodput_mbps": 152.93660680657695,
  "avg_queue": 75.43333333333334,
  "final_capacity_mbps": 157.3339180103759,
  "final_goodput_mbps": 157.33391801037587,
  "final_queue": 79,
  "final_blocked_rate": 0.7582236842105263,
  "final_blocked_queue_cap_rate": 0.44243421052631576,
  "final_blocked_timeout_rate": 0.3157894736842105,
  "final_utilization": 1.0,
  "final_fairness": 0.6622953851075065,
  "avg_utilization": 0.9989583333333333,
  "avg_fairness": 0.6781658668867174,
  "avg_acceptance_rate": 0.6012024869552784,
  "avg_service_rate": 0.2258637384993979,
  "final_mean_served_delay_s": 26.81728880157171,
  "final_p95_served_delay_s": 39.0,
  "final_mean_timeout_delay_s": 40.0
}