{
  "scenario": "baseline_both",
  "strategy": "proportional_fair",
  "seed": 48,
  "samples": 600,
  "avg_offered_load_mbps": 786.1313096884865,
  "avg_accepted_load_mbps": 638.4296554255016,
  "avg_capacity_mbps": 157.79985885639968,
  "avg_goodput_mbps": 157.75744291851217,
  "avg_queue": 60.33,
  "final_capacity_mbps": 165.21506803438248,
  "final_goodput_mbps": 165.21506803438245,
  "final_queue": 58,
  "final_blocked_rate": 0.7877164056059357,
  "final_blocked_queue_cap_rate": 0.1966199505358615,
  "final_blocked_timeout_rate": 0.5910964550700742,
  "final_utilization": 1.0,
  "final_fairness": 0.8794728720158711,
  "avg_utilization": 0.9975,
  "avg_fairness": 0.8170012196840883,
  "avg_acceptance_rate": 0.8178384336726806,
  "avg_service_rate": 0.18807297059894953,
  "final_mean_served_delay_s": 15.894967177242888,
  "final_p95_served_delay_s": 20.0,
  "final_mean_timeout_delay_s": 20.0
}