{
  "scenario": "both_ch64",
  "strategy": "greedy_backlog",
  "seed": 45,
  "samples": 600,
  "avg_offered_load_mbps": 787.1612102454801,
  "avg_accepted_load_mbps": 650.8549927500568,
  "avg_capacity_mbps": 240.3016432435194,
  "avg_goodput_mbps": 240.05317233990726,
  "avg_queue": 58.11,
  "final_capacity_mbps": 220.73342506373208,
  "final_goodput_mbps": 220.73342506373208,
  "final_queue": 62,
  "final_blocked_rate": 0.6559934318555009,
  "final_blocked_queue_cap_rate": 0.16954022988505746,
  "final_blocked_timeout_rate": 0.48645320197044334,
  "final_utilization": 1.0,
  "final_fairness": 0.985402990684122,
  "avg_utilization": 0.9971354166666667,
  "avg_fairness": 0.9715381017223541,
  "avg_acceptance_rate": 0.8435697602725576,
  "avg_service_rate": 0.3307041601836074,
  "final_mean_served_delay_s": 14.480670103092784,
  "final_p95_served_delay_s": 20.0,
  "final_mean_timeout_delay_s": 20.0
}