{
  "scenario": "both_q5_t10",
  "strategy": "ppo_v4",
  "seed": 46,
  "episode_reward": 141.3000365303464,
  "episode_steps": 600,
  "samples": 600,
  "avg_offered_load_mbps": 752.7792334683929,
  "avg_accepted_load_mbps": 730.5764315204146,
  "avg_capacity_mbps": 168.11289861149055,
  "avg_goodput_mbps": 166.27327473566874,
  "avg_queue": 33.865,
  "final_capacity_mbps": 161.49395584450878,
  "final_goodput_mbps": 161.49395584450878,
  "final_queue": 43,
  "final_blocked_rate": 0.7686375321336761,
  "final_blocked_queue_cap_rate": 0.027420736932305057,
  "final_blocked_timeout_rate": 0.7412167952013711,
  "final_utilization": 1.0,
  "final_fairness": 0.7231773843411079,
  "avg_utilization": 0.9985416666666667,
  "avg_fairness": 0.6898496024341945,
  "avg_acceptance_rate": 0.9742102138252443,
  "avg_service_rate": 0.2132463264002895,
  "final_mean_served_delay_s": 6.621730382293762,
  "final_p95_served_delay_s": 10.0,
  "final_mean_timeout_delay_s": 10.0
}