{
  "scenario": "both_int6",
  "strategy": "round_robin",
  "seed": 42,
  "samples": 600,
  "avg_offered_load_mbps": 766.2760178948384,
  "avg_accepted_load_mbps": 612.1811736693643,
  "avg_capacity_mbps": 132.172995031132,
  "avg_goodput_mbps": 131.81817212122098,
  "avg_queue": 58.78666666666667,
  "final_capacity_mbps": 129.8367548185834,
  "final_goodput_mbps": 129.83675481858336,
  "final_queue": 73,
  "final_blocked_rate": 0.7949790794979079,
  "final_blocked_queue_cap_rate": 0.1895397489539749,
  "final_blocked_timeout_rate": 0.6054393305439331,
  "final_utilization": 1.0,
  "final_fairness": 0.938428286661606,
  "avg_utilization": 0.99625,
  "avg_fairness": 0.9428405443182769,
  "avg_acceptance_rate": 0.8283295977854188,
  "avg_service_rate": 0.17383962232458805,
  "final_mean_served_delay_s": 14.256594724220623,
  "final_p95_served_delay_s": 20.0,
  "final_mean_timeout_delay_s": 20.0
}