{
  "scenario": "baseline_both",
  "strategy": "longest_queue_first",
  "seed": 48,
  "samples": 600,
  "avg_offered_load_mbps": 786.1313096884865,
  "avg_accepted_load_mbps": 628.9845834051522,
  "avg_capacity_mbps": 153.09654445442126,
  "avg_goodput_mbps": 152.936363053893,
  "avg_queue": 59.74666666666667,
  "final_capacity_mbps": 156.03645640023012,
  "final_goodput_mbps": 156.03645640023012,
  "final_queue": 57,
  "final_blocked_rate": 0.7959604286892004,
  "final_blocked_queue_cap_rate": 0.19868095630667765,
  "final_blocked_timeout_rate": 0.5972794723825227,
  "final_utilization": 1.0,
  "final_fairness": 0.947676333117966,
  "avg_utilization": 0.9975,
  "avg_fairness": 0.9371710989339904,
  "avg_acceptance_rate": 0.8140946214315994,
  "avg_service_rate": 0.1783578685327853,
  "final_mean_served_delay_s": 15.100456621004566,
  "final_p95_served_delay_s": 20.0,
  "final_mean_timeout_delay_s": 20.0
}