{
  "scenario": "both_int6",
  "strategy": "greedy_backlog",
  "seed": 42,
  "samples": 600,
  "avg_offered_load_mbps": 766.2760178948384,
  "avg_accepted_load_mbps": 626.4324247987093,
  "avg_capacity_mbps": 182.66024191438996,
  "avg_goodput_mbps": 182.51493425177196,
  "avg_queue": 59.958333333333336,
  "final_capacity_mbps": 186.7086584717246,
  "final_goodput_mbps": 186.7086584717246,
  "final_queue": 73,
  "final_blocked_rate": 0.7330543933054393,
  "final_blocked_queue_cap_rate": 0.1694560669456067,
  "final_blocked_timeout_rate": 0.5635983263598326,
  "final_utilization": 1.0,
  "final_fairness": 0.983056035309062,
  "avg_utilization": 0.99625,
  "avg_fairness": 0.979117022498106,
  "avg_acceptance_rate": 0.8440718947080238,
  "avg_service_rate": 0.22185855800193532,
  "final_mean_served_delay_s": 15.568141592920353,
  "final_p95_served_delay_s": 20.0,
  "final_mean_timeout_delay_s": 20.0
}