{
  "scenario": "baseline_queue_cap",
  "strategy": "proportional_fair",
  "seed": 43,
  "samples": 600,
  "avg_offered_load_mbps": 759.8008368706072,
  "avg_accepted_load_mbps": 631.4323963407113,
  "avg_capacity_mbps": 150.48198374071688,
  "avg_goodput_mbps": 150.4665099981799,
  "avg_queue": 930.195,
  "final_capacity_mbps": 151.07985063930715,
  "final_goodput_mbps": 151.0798506393072,
  "final_queue": 1517,
  "final_blocked_rate": 0.18074735987002438,
  "final_blocked_queue_cap_rate": 0.18074735987002438,
  "final_blocked_timeout_rate": 0.0,
  "final_utilization": 1.0,
  "final_fairness": 0.9319887686574543,
  "avg_utilization": 0.9985416666666667,
  "avg_fairness": 0.9112477719032349,
  "avg_acceptance_rate": 0.9711115860527335,
  "avg_service_rate": 0.1983214181850995,
  "final_mean_served_delay_s": 245.556,
  "final_p95_served_delay_s": 449.0,
  "final_mean_timeout_delay_s": 0.0
}