{
  "scenario": "baseline_both",
  "strategy": "longest_queue_first",
  "seed": 46,
  "samples": 600,
  "avg_offered_load_mbps": 752.7792334683929,
  "avg_accepted_load_mbps": 607.3286563873352,
  "avg_capacity_mbps": 154.00933687296927,
  "avg_goodput_mbps": 153.77216155790592,
  "avg_queue": 57.498333333333335,
  "final_capacity_mbps": 156.35958898975602,
  "final_goodput_mbps": 156.35958898975605,
  "final_queue": 60,
  "final_blocked_rate": 0.781491002570694,
  "final_blocked_queue_cap_rate": 0.18508997429305912,
  "final_blocked_timeout_rate": 0.596401028277635,
  "final_utilization": 1.0,
  "final_fairness": 0.9454216427607078,
  "avg_utilization": 0.9985416666666667,
  "avg_fairness": 0.9410572372377763,
  "avg_acceptance_rate": 0.81830290797042,
  "avg_service_rate": 0.19324122058895937,
  "final_mean_served_delay_s": 14.664444444444445,
  "final_p95_served_delay_s": 20.0,
  "final_mean_timeout_delay_s": 20.0
}