{
  "scenario": "baseline_queue_cap",
  "strategy": "longest_queue_first",
  "seed": 45,
  "samples": 600,
  "avg_offered_load_mbps": 787.1612102454801,
  "avg_accepted_load_mbps": 639.1471225624317,
  "avg_capacity_mbps": 150.9387444707273,
  "avg_goodput_mbps": 150.82050338119336,
  "avg_queue": 920.815,
  "final_capacity_mbps": 150.3809107541281,
  "final_goodput_mbps": 150.38091075412814,
  "final_queue": 1514,
  "final_blocked_rate": 0.180623973727422,
  "final_blocked_queue_cap_rate": 0.180623973727422,
  "final_blocked_timeout_rate": 0.0,
  "final_utilization": 1.0,
  "final_fairness": 0.9403613010286225,
  "avg_utilization": 0.9985416666666667,
  "avg_fairness": 0.9352619589510748,
  "avg_acceptance_rate": 0.9773531866002848,
  "avg_service_rate": 0.19717000393920436,
  "final_mean_served_delay_s": 241.02489626556016,
  "final_p95_served_delay_s": 443.0,
  "final_mean_timeout_delay_s": 0.0
}