{
  "scenario": "both_ch32",
  "strategy": "greedy_backlog",
  "seed": 44,
  "samples": 600,
  "avg_offered_load_mbps": 764.4133077715236,
  "avg_accepted_load_mbps": 616.7605352399318,
  "avg_capacity_mbps": 134.37331038501353,
  "avg_goodput_mbps": 134.23907706220987,
  "avg_queue": 61.278333333333336,
  "final_capacity_mbps": 142.68992293923708,
  "final_goodput_mbps": 142.68992293923708,
  "final_queue": 63,
  "final_blocked_rate": 0.7948190789473685,
  "final_blocked_queue_cap_rate": 0.18503289473684212,
  "final_blocked_timeout_rate": 0.6097861842105263,
  "final_utilization": 1.0,
  "final_fairness": 0.9008135890903423,
  "avg_utilization": 1.0,
  "avg_fairness": 0.9133185111950182,
  "avg_acceptance_rate": 0.8270602955187062,
  "avg_service_rate": 0.19671165879459346,
  "final_mean_served_delay_s": 15.788990825688073,
  "final_p95_served_delay_s": 20.0,
  "final_mean_timeout_delay_s": 20.0
}