{
  "scenario": "baseline_queue_cap",
  "strategy": "greedy_backlog",
  "seed": 46,
  "samples": 600,
  "avg_offered_load_mbps": 752.7792334683929,
  "avg_accepted_load_mbps": 687.893391462232,
  "avg_capacity_mbps": 190.80135406839813,
  "avg_goodput_mbps": 190.71151764422402,
  "avg_queue": 858.8916666666667,
  "final_capacity_mbps": 182.44385037569342,
  "final_goodput_mbps": 182.44385037569342,
  "final_queue": 1518,
  "final_blocked_rate": 0.0895458440445587,
  "final_blocked_queue_cap_rate": 0.0895458440445587,
  "final_blocked_timeout_rate": 0.0,
  "final_utilization": 1.0,
  "final_fairness": 0.9535281688920003,
  "avg_utilization": 0.9985416666666667,
  "avg_fairness": 0.9796704820806559,
  "avg_acceptance_rate": 0.9930854684868031,
  "avg_service_rate": 0.25934876540742513,
  "final_mean_served_delay_s": 216.57331136738057,
  "final_p95_served_delay_s": 438.0,
  "final_mean_timeout_delay_s": 0.0
}