{
  "scenario": "both_q15_t20",
  "strategy": "greedy_backlog",
  "seed": 48,
  "samples": 600,
  "avg_offered_load_mbps": 786.1313096884865,
  "avg_accepted_load_mbps": 786.1313096884865,
  "avg_capacity_mbps": 191.96986164537304,
  "avg_goodput_mbps": 191.9227835556232,
  "avg_queue": 75.66166666666666,
  "final_capacity_mbps": 181.59994720888767,
  "final_goodput_mbps": 181.59994720888767,
  "final_queue": 75,
  "final_blocked_rate": 0.7221764220939819,
  "final_blocked_queue_cap_rate": 0.0,
  "final_blocked_timeout_rate": 0.7221764220939819,
  "final_utilization": 1.0,
  "final_fairness": 0.9640704632548746,
  "avg_utilization": 0.9975,
  "avg_fairness": 0.98384883788781,
  "avg_acceptance_rate": 1.0,
  "avg_service_rate": 0.24522640063288004,
  "final_mean_served_delay_s": 16.76794657762938,
  "final_p95_served_delay_s": 20.0,
  "final_mean_timeout_delay_s": 20.0
}