{
  "scenario": "both_ch64",
  "strategy": "round_robin",
  "seed": 45,
  "samples": 600,
  "avg_offered_load_mbps": 787.1612102454801,
  "avg_accepted_load_mbps": 638.4439436010563,
  "avg_capacity_mbps": 204.59651305194183,
  "avg_goodput_mbps": 203.75906647593908,
  "avg_queue": 57.11,
  "final_capacity_mbps": 201.03285092992283,
  "final_goodput_mbps": 201.0328509299228,
  "final_queue": 62,
  "final_blocked_rate": 0.7085385878489326,
  "final_blocked_queue_cap_rate": 0.18760262725779966,
  "final_blocked_timeout_rate": 0.520935960591133,
  "final_utilization": 1.0,
  "final_fairness": 0.9547402014526806,
  "avg_utilization": 0.9971354166666667,
  "avg_fairness": 0.9608412824113483,
  "avg_acceptance_rate": 0.8297542698379685,
  "avg_service_rate": 0.2905075297685744,
  "final_mean_served_delay_s": 13.595679012345679,
  "final_p95_served_delay_s": 20.0,
  "final_mean_timeout_delay_s": 20.0
}