{
  "scenario": "baseline_both",
  "strategy": "ppo",
  "seed": 44,
  "episode_reward": -3.2992051641877644,
  "episode_steps": 600,
  "samples": 600,
  "avg_offered_load_mbps": 764.4133077715236,
  "avg_accepted_load_mbps": 614.075131751248,
  "avg_capacity_mbps": 153.9793851116436,
  "avg_goodput_mbps": 153.4970862425845,
  "avg_queue": 58.27,
  "final_capacity_mbps": 154.09729739979633,
  "final_goodput_mbps": 154.0972973997963,
  "final_queue": 58,
  "final_blocked_rate": 0.7742598684210527,
  "final_blocked_queue_cap_rate": 0.19572368421052633,
  "final_blocked_timeout_rate": 0.5785361842105263,
  "final_utilization": 1.0,
  "final_fairness": 0.9456896453016352,
  "avg_utilization": 0.9989583333333333,
  "avg_fairness": 0.9312422911510418,
  "avg_acceptance_rate": 0.8204587179326617,
  "avg_service_rate": 0.22423708128323047,
  "final_mean_served_delay_s": 13.65376782077393,
  "final_p95_served_delay_s": 20.0,
  "final_mean_timeout_delay_s": 20.0
}