{
  "scenario": "both_ch32",
  "strategy": "greedy_backlog",
  "seed": 49,
  "samples": 600,
  "avg_offered_load_mbps": 743.3465389769656,
  "avg_accepted_load_mbps": 610.0559975051555,
  "avg_capacity_mbps": 133.33030327541726,
  "avg_goodput_mbps": 133.17993388364647,
  "avg_queue": 61.45,
  "final_capacity_mbps": 132.92447107778378,
  "final_goodput_mbps": 132.92447107778378,
  "final_queue": 69,
  "final_blocked_rate": 0.8039867109634552,
  "final_blocked_queue_cap_rate": 0.18023255813953487,
  "final_blocked_timeout_rate": 0.6237541528239202,
  "final_utilization": 1.0,
  "final_fairness": 0.9066881275473516,
  "avg_utilization": 1.0,
  "avg_fairness": 0.9114243371855454,
  "avg_acceptance_rate": 0.8420344135501856,
  "avg_service_rate": 0.18525531594821906,
  "final_mean_served_delay_s": 16.09181141439206,
  "final_p95_served_delay_s": 20.0,
  "final_mean_timeout_delay_s": 20.0
}