{
  "scenario": "both_ch32",
  "strategy": "greedy_backlog",
  "seed": 50,
  "samples": 600,
  "avg_offered_load_mbps": 778.7999490711376,
  "avg_accepted_load_mbps": 632.939876514953,
  "avg_capacity_mbps": 133.93162210238708,
  "avg_goodput_mbps": 133.83685882905053,
  "avg_queue": 61.086666666666666,
  "final_capacity_mbps": 140.44682869677,
  "final_goodput_mbps": 140.44682869676998,
  "final_queue": 60,
  "final_blocked_rate": 0.8078979843685726,
  "final_blocked_queue_cap_rate": 0.1921020156314274,
  "final_blocked_timeout_rate": 0.6157959687371453,
  "final_utilization": 1.0,
  "final_fairness": 0.9016831465744084,
  "avg_utilization": 0.9991666666666666,
  "avg_fairness": 0.9123721393098453,
  "avg_acceptance_rate": 0.8262811581241817,
  "avg_service_rate": 0.18222239774769627,
  "final_mean_served_delay_s": 15.879606879606879,
  "final_p95_served_delay_s": 20.0,
  "final_mean_timeout_delay_s": 20.0
}