{
  "scenario": "both_ch32",
  "strategy": "proportional_fair",
  "seed": 42,
  "samples": 600,
  "avg_offered_load_mbps": 766.2760178948384,
  "avg_accepted_load_mbps": 613.5833773053656,
  "avg_capacity_mbps": 106.08993642871192,
  "avg_goodput_mbps": 105.96819390196956,
  "avg_queue": 60.5,
  "final_capacity_mbps": 105.87971253532791,
  "final_goodput_mbps": 105.87971253532791,
  "final_queue": 72,
  "final_blocked_rate": 0.8330543933054393,
  "final_blocked_queue_cap_rate": 0.1899581589958159,
  "final_blocked_timeout_rate": 0.6430962343096235,
  "final_utilization": 1.0,
  "final_fairness": 0.8215987465450206,
  "avg_utilization": 0.9983333333333333,
  "avg_fairness": 0.8341015212649463,
  "avg_acceptance_rate": 0.8278104250187733,
  "avg_service_rate": 0.14199861055675628,
  "final_mean_served_delay_s": 15.55045871559633,
  "final_p95_served_delay_s": 20.0,
  "final_mean_timeout_delay_s": 20.0
}