{
  "scenario": "baseline_both",
  "strategy": "ppo",
  "seed": 42,
  "episode_reward": 7.37973669997195,
  "episode_steps": 600,
  "samples": 600,
  "avg_offered_load_mbps": 766.2760178948384,
  "avg_accepted_load_mbps": 614.5707025525844,
  "avg_capacity_mbps": 152.8039646435033,
  "avg_goodput_mbps": 152.37084238962836,
  "avg_queue": 58.17666666666667,
  "final_capacity_mbps": 149.26649846105684,
  "final_goodput_mbps": 149.26649846105687,
  "final_queue": 71,
  "final_blocked_rate": 0.7602510460251046,
  "final_blocked_queue_cap_rate": 0.18619246861924685,
  "final_blocked_timeout_rate": 0.5740585774058578,
  "final_utilization": 1.0,
  "final_fairness": 0.9573166237512132,
  "avg_utilization": 0.99625,
  "avg_fairness": 0.9305883303803669,
  "avg_acceptance_rate": 0.8309223081151957,
  "avg_service_rate": 0.20889902693852427,
  "final_mean_served_delay_s": 14.300796812749004,
  "final_p95_served_delay_s": 20.0,
  "final_mean_timeout_delay_s": 20.0
}