{
  "scenario": "baseline",
  "strategy": "greedy_backlog",
  "seed": 47,
  "samples": 600,
  "avg_offered_load_mbps": 46.523040333042054,
  "avg_accepted_load_mbps": 46.523040333042054,
  "avg_capacity_mbps": 57.07972585363025,
  "avg_goodput_mbps": 46.35657259541171,
  "avg_queue": 1.5183333333333333,
  "final_capacity_mbps": 56.30412746248362,
  "final_goodput_mbps": 56.30412746248362,
  "final_queue": 4,
  "final_blocked_rate": 0.0,
  "final_blocked_queue_cap_rate": 0.0,
  "final_blocked_timeout_rate": 0.0,
  "final_utilization": 0.25,
  "final_fairness": 0.9893073079483027,
  "avg_utilization": 0.27166666666666667,
  "avg_fairness": 0.8735035498110608,
  "avg_acceptance_rate": 1.0,
  "avg_service_rate": 0.9832899502295279,
  "final_mean_served_delay_s": 2.72936660268714,
  "final_p95_served_delay_s": 7.0,
  "final_mean_timeout_delay_s": 0.0
}