{
  "scenario": "both_q10_t20",
  "strategy": "round_robin",
  "seed": 50,
  "samples": 600,
  "avg_offered_load_mbps": 778.7999490711376,
  "avg_accepted_load_mbps": 770.2690534190507,
  "avg_capacity_mbps": 152.25484024877528,
  "avg_goodput_mbps": 151.94044877054884,
  "avg_queue": 74.04833333333333,
  "final_capacity_mbps": 150.42533021983195,
  "final_goodput_mbps": 150.42533021983198,
  "final_queue": 82,
  "final_blocked_rate": 0.7708761826408885,
  "final_blocked_queue_cap_rate": 0.014397367338543809,
  "final_blocked_timeout_rate": 0.7564788153023447,
  "final_utilization": 1.0,
  "final_fairness": 0.9429411864269189,
  "avg_utilization": 0.9983333333333333,
  "avg_fairness": 0.9467061789797229,
  "avg_acceptance_rate": 0.9880167147626645,
  "avg_service_rate": 0.20004236656435265,
  "final_mean_served_delay_s": 15.256842105263157,
  "final_p95_served_delay_s": 20.0,
  "final_mean_timeout_delay_s": 20.0
}