{
  "scenario": "both_ch64",
  "strategy": "ppo_v4",
  "seed": 51,
  "episode_reward": 252.44524076468997,
  "episode_steps": 600,
  "samples": 600,
  "avg_offered_load_mbps": 770.4303003527792,
  "avg_accepted_load_mbps": 616.1029892331142,
  "avg_capacity_mbps": 210.44135989366305,
  "avg_goodput_mbps": 209.4512184365773,
  "avg_queue": 57.03333333333333,
  "final_capacity_mbps": 211.78729193157338,
  "final_goodput_mbps": 210.3720980710952,
  "final_queue": 50,
  "final_blocked_rate": 0.7162771627716277,
  "final_blocked_queue_cap_rate": 0.1922919229192292,
  "final_blocked_timeout_rate": 0.5239852398523985,
  "final_utilization": 1.0,
  "final_fairness": 0.7168515558536225,
  "avg_utilization": 0.9981770833333333,
  "avg_fairness": 0.7324709654331789,
  "avg_acceptance_rate": 0.8289963076366373,
  "avg_service_rate": 0.2732498732471687,
  "final_mean_served_delay_s": 13.750778816199377,
  "final_p95_served_delay_s": 20.0,
  "final_mean_timeout_delay_s": 20.0
}