{
  "scenario": "baseline_both",
  "strategy": "ppo",
  "seed": 51,
  "episode_reward": -8.213442750184015,
  "episode_steps": 600,
  "samples": 600,
  "avg_offered_load_mbps": 770.4303003527792,
  "avg_accepted_load_mbps": 607.4272251891755,
  "avg_capacity_mbps": 153.49838973702143,
  "avg_goodput_mbps": 153.1545505713405,
  "avg_queue": 58.223333333333336,
  "final_capacity_mbps": 153.82375990197838,
  "final_goodput_mbps": 153.82375990197835,
  "final_queue": 51,
  "final_blocked_rate": 0.7925379253792538,
  "final_blocked_queue_cap_rate": 0.2070520705207052,
  "final_blocked_timeout_rate": 0.5854858548585485,
  "final_utilization": 1.0,
  "final_fairness": 0.9401028663226992,
  "avg_utilization": 0.9989583333333333,
  "avg_fairness": 0.9324420610478231,
  "avg_acceptance_rate": 0.8163322525438781,
  "avg_service_rate": 0.19956102934538658,
  "final_mean_served_delay_s": 13.903296703296704,
  "final_p95_served_delay_s": 20.0,
  "final_mean_timeout_delay_s": 20.0
}