{
  "scenario": "both_q5_t10",
  "strategy": "ppo_v4",
  "seed": 42,
  "episode_reward": 133.84081746504827,
  "episode_steps": 600,
  "samples": 600,
  "avg_offered_load_mbps": 766.2760178948384,
  "avg_accepted_load_mbps": 739.9876866802119,
  "avg_capacity_mbps": 166.070608143397,
  "avg_goodput_mbps": 164.1537953075361,
  "avg_queue": 34.575,
  "final_capacity_mbps": 163.16085759840175,
  "final_goodput_mbps": 163.16085759840178,
  "final_queue": 39,
  "final_blocked_rate": 0.7669456066945607,
  "final_blocked_queue_cap_rate": 0.032635983263598324,
  "final_blocked_timeout_rate": 0.7343096234309623,
  "final_utilization": 1.0,
  "final_fairness": 0.6534111338676627,
  "avg_utilization": 0.99625,
  "avg_fairness": 0.694324843497201,
  "avg_acceptance_rate": 0.9720112544431279,
  "avg_service_rate": 0.20484251592624428,
  "final_mean_served_delay_s": 6.77027027027027,
  "final_p95_served_delay_s": 10.0,
  "final_mean_timeout_delay_s": 10.0
}