{
  "scenario": "both_ch64",
  "strategy": "round_robin",
  "seed": 47,
  "samples": 600,
  "avg_offered_load_mbps": 776.7866375396233,
  "avg_accepted_load_mbps": 634.2953984390963,
  "avg_capacity_mbps": 203.9011113729068,
  "avg_goodput_mbps": 203.34696832535195,
  "avg_queue": 57.57,
  "final_capacity_mbps": 206.81064383197162,
  "final_goodput_mbps": 206.8106438319716,
  "final_queue": 58,
  "final_blocked_rate": 0.7368421052631579,
  "final_blocked_queue_cap_rate": 0.18295739348370926,
  "final_blocked_timeout_rate": 0.5538847117794486,
  "final_utilization": 1.0,
  "final_fairness": 0.9760716854468785,
  "avg_utilization": 0.99875,
  "avg_fairness": 0.9606881320648822,
  "avg_acceptance_rate": 0.8161440965147484,
  "avg_service_rate": 0.22350587822075516,
  "final_mean_served_delay_s": 13.996503496503497,
  "final_p95_served_delay_s": 20.0,
  "final_mean_timeout_delay_s": 20.0
}