{
  "scenario": "both_ch64",
  "strategy": "greedy_backlog",
  "seed": 48,
  "samples": 600,
  "avg_offered_load_mbps": 786.1313096884865,
  "avg_accepted_load_mbps": 652.9847974049245,
  "avg_capacity_mbps": 240.1556426799292,
  "avg_goodput_mbps": 240.0972069565543,
  "avg_queue": 59.28,
  "final_capacity_mbps": 235.04821383913054,
  "final_goodput_mbps": 235.04821383913054,
  "final_queue": 58,
  "final_blocked_rate": 0.6813685078318219,
  "final_blocked_queue_cap_rate": 0.17724649629018963,
  "final_blocked_timeout_rate": 0.5041220115416323,
  "final_utilization": 1.0,
  "final_fairness": 0.964962651344194,
  "avg_utilization": 0.9965104166666666,
  "avg_fairness": 0.9715103312508224,
  "avg_acceptance_rate": 0.8441966511392329,
  "avg_service_rate": 0.2977984899320897,
  "final_mean_served_delay_s": 15.527272727272727,
  "final_p95_served_delay_s": 20.0,
  "final_mean_timeout_delay_s": 20.0
}