{
  "scenario": "both_q15_t20",
  "strategy": "greedy_backlog",
  "seed": 51,
  "samples": 600,
  "avg_offered_load_mbps": 770.4303003527792,
  "avg_accepted_load_mbps": 770.4303003527792,
  "avg_capacity_mbps": 193.16440603183125,
  "avg_goodput_mbps": 193.13164697878528,
  "avg_queue": 75.425,
  "final_capacity_mbps": 193.757268905922,
  "final_goodput_mbps": 193.757268905922,
  "final_queue": 78,
  "final_blocked_rate": 0.7273472734727348,
  "final_blocked_queue_cap_rate": 0.0,
  "final_blocked_timeout_rate": 0.7273472734727348,
  "final_utilization": 1.0,
  "final_fairness": 0.9788450184841792,
  "avg_utilization": 0.9989583333333333,
  "avg_fairness": 0.9854177513613552,
  "avg_acceptance_rate": 1.0,
  "avg_service_rate": 0.24863755995425024,
  "final_mean_served_delay_s": 16.29471890971039,
  "final_p95_served_delay_s": 20.0,
  "final_mean_timeout_delay_s": 20.0
}