{
  "scenario": "both_q5_t10",
  "strategy": "proportional_fair",
  "seed": 49,
  "samples": 600,
  "avg_offered_load_mbps": 743.3465389769656,
  "avg_accepted_load_mbps": 715.8719511792921,
  "avg_capacity_mbps": 161.38471941229736,
  "avg_goodput_mbps": 160.913622947127,
  "avg_queue": 35.34166666666667,
  "final_capacity_mbps": 160.0391220506829,
  "final_goodput_mbps": 160.0391220506829,
  "final_queue": 36,
  "final_blocked_rate": 0.768687707641196,
  "final_blocked_queue_cap_rate": 0.03156146179401993,
  "final_blocked_timeout_rate": 0.7371262458471761,
  "final_utilization": 1.0,
  "final_fairness": 0.8432112417392601,
  "avg_utilization": 0.99875,
  "avg_fairness": 0.7459419693158816,
  "avg_acceptance_rate": 0.9726051562609035,
  "avg_service_rate": 0.24092074312522466,
  "final_mean_served_delay_s": 7.301343570057582,
  "final_p95_served_delay_s": 10.0,
  "final_mean_timeout_delay_s": 10.0
}