{
  "scenario": "both_int3",
  "strategy": "ppo_v4",
  "seed": 45,
  "episode_reward": 158.13911281468782,
  "episode_steps": 600,
  "samples": 600,
  "avg_offered_load_mbps": 787.1612102454801,
  "avg_accepted_load_mbps": 638.6411930888119,
  "avg_capacity_mbps": 181.65961541324214,
  "avg_goodput_mbps": 180.55435083095065,
  "avg_queue": 57.58833333333333,
  "final_capacity_mbps": 174.96004954539862,
  "final_goodput_mbps": 174.96004954539856,
  "final_queue": 61,
  "final_blocked_rate": 0.7413793103448276,
  "final_blocked_queue_cap_rate": 0.18883415435139572,
  "final_blocked_timeout_rate": 0.5525451559934319,
  "final_utilization": 1.0,
  "final_fairness": 0.67223779213828,
  "avg_utilization": 0.9985416666666667,
  "avg_fairness": 0.655978573113762,
  "avg_acceptance_rate": 0.8280117756912702,
  "avg_service_rate": 0.2544765087153993,
  "final_mean_served_delay_s": 13.196836555360282,
  "final_p95_served_delay_s": 20.0,
  "final_mean_timeout_delay_s": 20.0
}