{
  "scenario": "both_int6",
  "strategy": "greedy_backlog",
  "seed": 46,
  "samples": 600,
  "avg_offered_load_mbps": 752.7792334683929,
  "avg_accepted_load_mbps": 621.9850489238106,
  "avg_capacity_mbps": 183.1784037489232,
  "avg_goodput_mbps": 183.10285598687355,
  "avg_queue": 58.255,
  "final_capacity_mbps": 175.3105101117986,
  "final_goodput_mbps": 175.3105101117986,
  "final_queue": 64,
  "final_blocked_rate": 0.7240788346186804,
  "final_blocked_queue_cap_rate": 0.1662382176520994,
  "final_blocked_timeout_rate": 0.5578406169665809,
  "final_utilization": 1.0,
  "final_fairness": 0.9777325106954362,
  "avg_utilization": 0.9985416666666667,
  "avg_fairness": 0.9799347014612262,
  "avg_acceptance_rate": 0.8371492339848724,
  "avg_service_rate": 0.2552941983128735,
  "final_mean_served_delay_s": 15.412068965517241,
  "final_p95_served_delay_s": 20.0,
  "final_mean_timeout_delay_s": 20.0
}