{
  "scenario": "both_ch64",
  "strategy": "greedy_backlog",
  "seed": 47,
  "samples": 600,
  "avg_offered_load_mbps": 776.7866375396233,
  "avg_accepted_load_mbps": 653.5451941166415,
  "avg_capacity_mbps": 240.66741060133194,
  "avg_goodput_mbps": 240.59294664301925,
  "avg_queue": 58.81333333333333,
  "final_capacity_mbps": 238.2953713927069,
  "final_goodput_mbps": 238.29537139270687,
  "final_queue": 58,
  "final_blocked_rate": 0.6825396825396826,
  "final_blocked_queue_cap_rate": 0.16541353383458646,
  "final_blocked_timeout_rate": 0.5171261487050961,
  "final_utilization": 1.0,
  "final_fairness": 0.9747161426831968,
  "avg_utilization": 0.99875,
  "avg_fairness": 0.9712402730502718,
  "avg_acceptance_rate": 0.8385951711366583,
  "avg_service_rate": 0.27488178852056006,
  "final_mean_served_delay_s": 15.155270655270655,
  "final_p95_served_delay_s": 20.0,
  "final_mean_timeout_delay_s": 20.0
}