{
  "scenario": "baseline_both",
  "strategy": "greedy_backlog",
  "seed": 44,
  "samples": 600,
  "avg_offered_load_mbps": 764.4133077715236,
  "avg_accepted_load_mbps": 629.8742131625493,
  "avg_capacity_mbps": 191.80821684285183,
  "avg_goodput_mbps": 191.65073739414123,
  "avg_queue": 60.083333333333336,
  "final_capacity_mbps": 196.26157072833718,
  "final_goodput_mbps": 196.26157072833715,
  "final_queue": 64,
  "final_blocked_rate": 0.7203947368421053,
  "final_blocked_queue_cap_rate": 0.17722039473684212,
  "final_blocked_timeout_rate": 0.5431743421052632,
  "final_utilization": 1.0,
  "final_fairness": 0.9860514719077553,
  "avg_utilization": 0.9989583333333333,
  "avg_fairness": 0.9829865841720243,
  "avg_acceptance_rate": 0.8365625812005609,
  "avg_service_rate": 0.26316993754509016,
  "final_mean_served_delay_s": 15.563311688311689,
  "final_p95_served_delay_s": 20.0,
  "final_mean_timeout_delay_s": 20.0
}