{
  "scenario": "both_q5_t40",
  "strategy": "greedy_backlog",
  "seed": 48,
  "samples": 600,
  "avg_offered_load_mbps": 786.1313096884865,
  "avg_accepted_load_mbps": 450.4151331728665,
  "avg_capacity_mbps": 189.65133156229993,
  "avg_goodput_mbps": 189.60425347255006,
  "avg_queue": 78.47666666666667,
  "final_capacity_mbps": 187.97939687182114,
  "final_goodput_mbps": 187.97939687182114,
  "final_queue": 77,
  "final_blocked_rate": 0.7234130255564716,
  "final_blocked_queue_cap_rate": 0.4356966199505359,
  "final_blocked_timeout_rate": 0.2877164056059357,
  "final_utilization": 1.0,
  "final_fairness": 0.9738954501967862,
  "avg_utilization": 0.9975,
  "avg_fairness": 0.9813416244545026,
  "avg_acceptance_rate": 0.6130453011004147,
  "avg_service_rate": 0.24358028104574272,
  "final_mean_served_delay_s": 30.59090909090909,
  "final_p95_served_delay_s": 40.0,
  "final_mean_timeout_delay_s": 40.0
}