{
  "scenario": "both_q15_t20",
  "strategy": "round_robin",
  "seed": 42,
  "samples": 600,
  "avg_offered_load_mbps": 766.2760178948384,
  "avg_accepted_load_mbps": 766.2760178948384,
  "avg_capacity_mbps": 151.90982995142554,
  "avg_goodput_mbps": 151.50250018369653,
  "avg_queue": 73.24,
  "final_capacity_mbps": 150.42533021983195,
  "final_goodput_mbps": 150.42533021983198,
  "final_queue": 92,
  "final_blocked_rate": 0.7627615062761506,
  "final_blocked_queue_cap_rate": 0.0,
  "final_blocked_timeout_rate": 0.7627615062761506,
  "final_utilization": 1.0,
  "final_fairness": 0.9429411864269189,
  "avg_utilization": 0.99625,
  "avg_fairness": 0.9472748973268282,
  "avg_acceptance_rate": 1.0,
  "avg_service_rate": 0.19302456840979354,
  "final_mean_served_delay_s": 14.726315789473684,
  "final_p95_served_delay_s": 20.0,
  "final_mean_timeout_delay_s": 20.0
}