{
  "scenario": "both_int6",
  "strategy": "longest_queue_first",
  "seed": 46,
  "samples": 600,
  "avg_offered_load_mbps": 752.7792334683929,
  "avg_accepted_load_mbps": 608.802678688807,
  "avg_capacity_mbps": 134.22300287129607,
  "avg_goodput_mbps": 134.05504192484327,
  "avg_queue": 57.95666666666666,
  "final_capacity_mbps": 136.97162822647223,
  "final_goodput_mbps": 136.9716282264722,
  "final_queue": 62,
  "final_blocked_rate": 0.8059125964010283,
  "final_blocked_queue_cap_rate": 0.18766066838046272,
  "final_blocked_timeout_rate": 0.6182519280205655,
  "final_utilization": 1.0,
  "final_fairness": 0.9414778101536903,
  "avg_utilization": 0.9985416666666667,
  "avg_fairness": 0.9352942664871807,
  "avg_acceptance_rate": 0.8165361234962641,
  "avg_service_rate": 0.171531361533737,
  "final_mean_served_delay_s": 14.772378516624041,
  "final_p95_served_delay_s": 20.0,
  "final_mean_timeout_delay_s": 20.0
}