{
  "scenario": "baseline_timeout",
  "strategy": "round_robin",
  "seed": 43,
  "samples": 600,
  "avg_offered_load_mbps": 759.8008368706072,
  "avg_accepted_load_mbps": 759.8008368706072,
  "avg_capacity_mbps": 152.42650621412668,
  "avg_goodput_mbps": 152.17763060319575,
  "avg_queue": 76.28,
  "final_capacity_mbps": 153.57053018346738,
  "final_goodput_mbps": 153.5705301834674,
  "final_queue": 72,
  "final_blocked_rate": 0.7725426482534524,
  "final_blocked_queue_cap_rate": 0.0,
  "final_blocked_timeout_rate": 0.7725426482534524,
  "final_utilization": 1.0,
  "final_fairness": 0.9647761146471019,
  "avg_utilization": 0.9985416666666667,
  "avg_fairness": 0.9470529901558101,
  "avg_acceptance_rate": 1.0,
  "avg_service_rate": 0.20438792059100705,
  "final_mean_served_delay_s": 15.405737704918034,
  "final_p95_served_delay_s": 20.0,
  "final_mean_timeout_delay_s": 20.0
}