{
  "scenario": "baseline_timeout",
  "strategy": "longest_queue_first",
  "seed": 43,
  "samples": 600,
  "avg_offered_load_mbps": 759.8008368706072,
  "avg_accepted_load_mbps": 759.8008368706072,
  "avg_capacity_mbps": 153.19888330996037,
  "avg_goodput_mbps": 152.99978588635454,
  "avg_queue": 76.505,
  "final_capacity_mbps": 155.85887871227277,
  "final_goodput_mbps": 155.8588787122728,
  "final_queue": 72,
  "final_blocked_rate": 0.7717303005686433,
  "final_blocked_queue_cap_rate": 0.0,
  "final_blocked_timeout_rate": 0.7717303005686433,
  "final_utilization": 1.0,
  "final_fairness": 0.9381993443753402,
  "avg_utilization": 0.9985416666666667,
  "avg_fairness": 0.9336927331883794,
  "avg_acceptance_rate": 1.0,
  "avg_service_rate": 0.2020236948309405,
  "final_mean_served_delay_s": 15.704081632653061,
  "final_p95_served_delay_s": 20.0,
  "final_mean_timeout_delay_s": 20.0
}