{
  "scenario": "both_q10_t20",
  "strategy": "greedy_backlog",
  "seed": 51,
  "samples": 600,
  "avg_offered_load_mbps": 770.4303003527792,
  "avg_accepted_load_mbps": 765.9302189011794,
  "avg_capacity_mbps": 193.1341894845582,
  "avg_goodput_mbps": 193.10143043151223,
  "avg_queue": 74.80666666666667,
  "final_capacity_mbps": 193.757268905922,
  "final_goodput_mbps": 193.757268905922,
  "final_queue": 78,
  "final_blocked_rate": 0.7273472734727348,
  "final_blocked_queue_cap_rate": 0.007380073800738007,
  "final_blocked_timeout_rate": 0.7199671996719967,
  "final_utilization": 1.0,
  "final_fairness": 0.9788450184841792,
  "avg_utilization": 0.9989583333333333,
  "avg_fairness": 0.985299756235817,
  "avg_acceptance_rate": 0.9954098747358686,
  "avg_service_rate": 0.24888303604137652,
  "final_mean_served_delay_s": 16.275979557069846,
  "final_p95_served_delay_s": 20.0,
  "final_mean_timeout_delay_s": 20.0
}