{
  "scenario": "both_q5_t40",
  "strategy": "longest_queue_first",
  "seed": 51,
  "samples": 600,
  "avg_offered_load_mbps": 770.4303003527792,
  "avg_accepted_load_mbps": 415.57771448150186,
  "avg_capacity_mbps": 151.65774726005193,
  "avg_goodput_mbps": 151.52076429384988,
  "avg_queue": 76.525,
  "final_capacity_mbps": 150.87087620428952,
  "final_goodput_mbps": 150.87087620428954,
  "final_queue": 77,
  "final_blocked_rate": 0.7736777367773677,
  "final_blocked_queue_cap_rate": 0.45469454694546946,
  "final_blocked_timeout_rate": 0.31898318983189833,
  "final_utilization": 1.0,
  "final_fairness": 0.9336992949238301,
  "avg_utilization": 0.9989583333333333,
  "avg_fairness": 0.93395878433801,
  "avg_acceptance_rate": 0.5933825743540959,
  "avg_service_rate": 0.21227939985772087,
  "final_mean_served_delay_s": 29.24,
  "final_p95_served_delay_s": 40.0,
  "final_mean_timeout_delay_s": 40.0
}