{
  "scenario": "both_ch32",
  "strategy": "ppo_v4",
  "seed": 43,
  "episode_reward": -99.57208421892818,
  "episode_steps": 600,
  "samples": 600,
  "avg_offered_load_mbps": 759.8008368706072,
  "avg_accepted_load_mbps": 598.807348723662,
  "avg_capacity_mbps": 107.42381936580398,
  "avg_goodput_mbps": 107.22904302075192,
  "avg_queue": 59.99666666666667,
  "final_capacity_mbps": 109.86260932650248,
  "final_goodput_mbps": 109.86260932650247,
  "final_queue": 62,
  "final_blocked_rate": 0.8322502030869212,
  "final_blocked_queue_cap_rate": 0.2140536149471974,
  "final_blocked_timeout_rate": 0.6181965881397238,
  "final_utilization": 1.0,
  "final_fairness": 0.7172134866045432,
  "avg_utilization": 0.9998958333333333,
  "avg_fairness": 0.704813119859984,
  "avg_acceptance_rate": 0.8000126811642028,
  "avg_service_rate": 0.1430844543429338,
  "final_mean_served_delay_s": 15.108262108262108,
  "final_p95_served_delay_s": 20.0,
  "final_mean_timeout_delay_s": 20.0
}