{
  "scenario": "baseline_both",
  "strategy": "ppo",
  "seed": 49,
  "episode_reward": 5.395170920960051,
  "episode_steps": 600,
  "samples": 600,
  "avg_offered_load_mbps": 743.3465389769656,
  "avg_accepted_load_mbps": 599.3900251948534,
  "avg_capacity_mbps": 153.79942068548513,
  "avg_goodput_mbps": 153.06209116120078,
  "avg_queue": 58.42666666666667,
  "final_capacity_mbps": 152.30831119921191,
  "final_goodput_mbps": 152.30831119921194,
  "final_queue": 64,
  "final_blocked_rate": 0.7632890365448505,
  "final_blocked_queue_cap_rate": 0.18853820598006646,
  "final_blocked_timeout_rate": 0.574750830564784,
  "final_utilization": 1.0,
  "final_fairness": 0.9439435815778899,
  "avg_utilization": 0.99875,
  "avg_fairness": 0.9298586399754999,
  "avg_acceptance_rate": 0.8359539978221335,
  "avg_service_rate": 0.23099739646001122,
  "final_mean_served_delay_s": 14.189723320158103,
  "final_p95_served_delay_s": 20.0,
  "final_mean_timeout_delay_s": 20.0
}