{
  "scenario": "both_int3",
  "strategy": "round_robin",
  "seed": 44,
  "samples": 600,
  "avg_offered_load_mbps": 764.4133077715236,
  "avg_accepted_load_mbps": 620.9988203576893,
  "avg_capacity_mbps": 173.9350344931935,
  "avg_goodput_mbps": 173.33178760494064,
  "avg_queue": 57.865,
  "final_capacity_mbps": 174.08813700428215,
  "final_goodput_mbps": 174.08813700428215,
  "final_queue": 59,
  "final_blocked_rate": 0.748766447368421,
  "final_blocked_queue_cap_rate": 0.19161184210526316,
  "final_blocked_timeout_rate": 0.5571546052631579,
  "final_utilization": 1.0,
  "final_fairness": 0.9687486389484704,
  "avg_utilization": 0.9989583333333333,
  "avg_fairness": 0.953091535753574,
  "avg_acceptance_rate": 0.823496087730237,
  "avg_service_rate": 0.2478570011571234,
  "final_mean_served_delay_s": 13.664855072463768,
  "final_p95_served_delay_s": 20.0,
  "final_mean_timeout_delay_s": 20.0
}