{
  "scenario": "both_int3",
  "strategy": "longest_queue_first",
  "seed": 50,
  "samples": 600,
  "avg_offered_load_mbps": 778.7999490711376,
  "avg_accepted_load_mbps": 629.8489265747083,
  "avg_capacity_mbps": 173.88266040098935,
  "avg_goodput_mbps": 173.53330490955472,
  "avg_queue": 58.40833333333333,
  "final_capacity_mbps": 177.92829264827867,
  "final_goodput_mbps": 177.92829264827864,
  "final_queue": 55,
  "final_blocked_rate": 0.7564788153023447,
  "final_blocked_queue_cap_rate": 0.19868366927190456,
  "final_blocked_timeout_rate": 0.5577951460304401,
  "final_utilization": 1.0,
  "final_fairness": 0.9399698276861763,
  "avg_utilization": 0.9983333333333333,
  "avg_fairness": 0.9454717843580134,
  "avg_acceptance_rate": 0.8208491296761249,
  "avg_service_rate": 0.23001736443539325,
  "final_mean_served_delay_s": 14.692737430167599,
  "final_p95_served_delay_s": 20.0,
  "final_mean_timeout_delay_s": 20.0
}