{
  "scenario": "both_int6",
  "strategy": "greedy_backlog",
  "seed": 49,
  "samples": 600,
  "avg_offered_load_mbps": 743.3465389769656,
  "avg_accepted_load_mbps": 616.6917671608536,
  "avg_capacity_mbps": 182.0707823077984,
  "avg_goodput_mbps": 181.8604443532751,
  "avg_queue": 60.153333333333336,
  "final_capacity_mbps": 194.73429395774403,
  "final_goodput_mbps": 194.73429395774403,
  "final_queue": 67,
  "final_blocked_rate": 0.7308970099667774,
  "final_blocked_queue_cap_rate": 0.1744186046511628,
  "final_blocked_timeout_rate": 0.5564784053156147,
  "final_utilization": 1.0,
  "final_fairness": 0.9824493066011479,
  "avg_utilization": 0.99875,
  "avg_fairness": 0.9787270912283973,
  "avg_acceptance_rate": 0.8466405976003865,
  "avg_service_rate": 0.2610362141700621,
  "final_mean_served_delay_s": 15.748709122203097,
  "final_p95_served_delay_s": 20.0,
  "final_mean_timeout_delay_s": 20.0
}