{
  "scenario": "both_q5_t10",
  "strategy": "ppo_v4",
  "seed": 45,
  "episode_reward": 132.46093469611517,
  "episode_steps": 600,
  "samples": 600,
  "avg_offered_load_mbps": 787.1612102454801,
  "avg_accepted_load_mbps": 761.9421836704996,
  "avg_capacity_mbps": 167.8673228512868,
  "avg_goodput_mbps": 165.9037424692815,
  "avg_queue": 35.208333333333336,
  "final_capacity_mbps": 180.14562913453705,
  "final_goodput_mbps": 180.14562913453707,
  "final_queue": 28,
  "final_blocked_rate": 0.7742200328407225,
  "final_blocked_queue_cap_rate": 0.03201970443349754,
  "final_blocked_timeout_rate": 0.7422003284072249,
  "final_utilization": 1.0,
  "final_fairness": 0.6625988513573577,
  "avg_utilization": 0.9985416666666667,
  "avg_fairness": 0.6919914224684851,
  "avg_acceptance_rate": 0.9666466824781892,
  "avg_service_rate": 0.24140269397230943,
  "final_mean_served_delay_s": 6.509578544061303,
  "final_p95_served_delay_s": 10.0,
  "final_mean_timeout_delay_s": 10.0
}