{
  "scenario": "both_q5_t40",
  "strategy": "proportional_fair",
  "seed": 47,
  "samples": 600,
  "avg_offered_load_mbps": 776.7866375396233,
  "avg_accepted_load_mbps": 424.3024438568446,
  "avg_capacity_mbps": 152.1797345548419,
  "avg_goodput_mbps": 152.10488494164028,
  "avg_queue": 77.305,
  "final_capacity_mbps": 151.21123614338518,
  "final_goodput_mbps": 151.2112361433852,
  "final_queue": 85,
  "final_blocked_rate": 0.7840434419381788,
  "final_blocked_queue_cap_rate": 0.4527986633249791,
  "final_blocked_timeout_rate": 0.3312447786131997,
  "final_utilization": 1.0,
  "final_fairness": 0.9010922122216902,
  "avg_utilization": 0.9995833333333334,
  "avg_fairness": 0.9098462331927993,
  "avg_acceptance_rate": 0.574033859759176,
  "avg_service_rate": 0.1749493657634435,
  "final_mean_served_delay_s": 31.19212962962963,
  "final_p95_served_delay_s": 40.0,
  "final_mean_timeout_delay_s": 40.0
}