{
  "scenario": "both_q10_t20",
  "strategy": "round_robin",
  "seed": 44,
  "samples": 600,
  "avg_offered_load_mbps": 764.4133077715236,
  "avg_accepted_load_mbps": 757.2218658478632,
  "avg_capacity_mbps": 152.78154352209043,
  "avg_goodput_mbps": 152.3067913369856,
  "avg_queue": 73.75,
  "final_capacity_mbps": 153.8588202669597,
  "final_goodput_mbps": 153.8588202669597,
  "final_queue": 77,
  "final_blocked_rate": 0.7672697368421053,
  "final_blocked_queue_cap_rate": 0.009046052631578948,
  "final_blocked_timeout_rate": 0.7582236842105263,
  "final_utilization": 1.0,
  "final_fairness": 0.9663380829026595,
  "avg_utilization": 0.9989583333333333,
  "avg_fairness": 0.94829144189083,
  "avg_acceptance_rate": 0.9921800262718858,
  "avg_service_rate": 0.2223813743222232,
  "final_mean_served_delay_s": 14.38241308793456,
  "final_p95_served_delay_s": 20.0,
  "final_mean_timeout_delay_s": 20.0
}