{
  "scenario": "baseline_both",
  "strategy": "ppo",
  "seed": 49,
  "episode_reward": 5.658167697641848,
  "episode_steps": 600,
  "samples": 600,
  "avg_offered_load_mbps": 743.3465389769656,
  "avg_accepted_load_mbps": 602.5776443446604,
  "avg_capacity_mbps": 156.1626245327363,
  "avg_goodput_mbps": 155.5075447036322,
  "avg_queue": 58.945,
  "final_capacity_mbps": 159.30027619580832,
  "final_goodput_mbps": 159.30027619580832,
  "final_queue": 63,
  "final_blocked_rate": 0.7695182724252492,
  "final_blocked_queue_cap_rate": 0.1856312292358804,
  "final_blocked_timeout_rate": 0.5838870431893688,
  "final_utilization": 1.0,
  "final_fairness": 0.7247783395817676,
  "avg_utilization": 0.99875,
  "avg_fairness": 0.7524989232137717,
  "avg_acceptance_rate": 0.8366910821684892,
  "avg_service_rate": 0.2255135489092102,
  "final_mean_served_delay_s": 14.31910569105691,
  "final_p95_served_delay_s": 20.0,
  "final_mean_timeout_delay_s": 20.0
}