{
  "scenario": "baseline_both",
  "strategy": "proportional_fair",
  "seed": 51,
  "samples": 600,
  "avg_offered_load_mbps": 770.4303003527792,
  "avg_accepted_load_mbps": 610.7375803712802,
  "avg_capacity_mbps": 158.16920455152524,
  "avg_goodput_mbps": 158.11473067190963,
  "avg_queue": 59.47,
  "final_capacity_mbps": 156.18309753033637,
  "final_goodput_mbps": 156.18309753033637,
  "final_queue": 55,
  "final_blocked_rate": 0.7794177941779418,
  "final_blocked_queue_cap_rate": 0.2009020090200902,
  "final_blocked_timeout_rate": 0.5785157851578516,
  "final_utilization": 1.0,
  "final_fairness": 0.7667897375553624,
  "avg_utilization": 0.9989583333333333,
  "avg_fairness": 0.8221057052691458,
  "avg_acceptance_rate": 0.8230200839405664,
  "avg_service_rate": 0.21159632995998218,
  "final_mean_served_delay_s": 15.306418219461698,
  "final_p95_served_delay_s": 20.0,
  "final_mean_timeout_delay_s": 20.0
}