{
  "scenario": "both_int6",
  "strategy": "ppo_v4",
  "seed": 44,
  "episode_reward": 7.02337155594086,
  "episode_steps": 600,
  "samples": 600,
  "avg_offered_load_mbps": 764.4133077715236,
  "avg_accepted_load_mbps": 614.106491083321,
  "avg_capacity_mbps": 141.42605465812264,
  "avg_goodput_mbps": 140.86875665144706,
  "avg_queue": 58.748333333333335,
  "final_capacity_mbps": 133.9563109649113,
  "final_goodput_mbps": 133.95631096491132,
  "final_queue": 60,
  "final_blocked_rate": 0.7915296052631579,
  "final_blocked_queue_cap_rate": 0.1953125,
  "final_blocked_timeout_rate": 0.5962171052631579,
  "final_utilization": 1.0,
  "final_fairness": 0.6868477850933823,
  "avg_utilization": 0.9989583333333333,
  "avg_fairness": 0.6429615691994194,
  "avg_acceptance_rate": 0.8212693062916574,
  "avg_service_rate": 0.20163399890963427,
  "final_mean_served_delay_s": 13.61744966442953,
  "final_p95_served_delay_s": 20.0,
  "final_mean_timeout_delay_s": 20.0
}