{
  "scenario": "baseline_both",
  "strategy": "ppo",
  "seed": 46,
  "episode_reward": 11.520630376066494,
  "episode_steps": 600,
  "samples": 600,
  "avg_offered_load_mbps": 752.7792334683929,
  "avg_accepted_load_mbps": 603.0187242020233,
  "avg_capacity_mbps": 156.91499338763998,
  "avg_goodput_mbps": 156.47263232845717,
  "avg_queue": 57.18,
  "final_capacity_mbps": 158.62776857547507,
  "final_goodput_mbps": 158.62776857547507,
  "final_queue": 59,
  "final_blocked_rate": 0.779777206512425,
  "final_blocked_queue_cap_rate": 0.18337617823479005,
  "final_blocked_timeout_rate": 0.596401028277635,
  "final_utilization": 1.0,
  "final_fairness": 0.7891333044656903,
  "avg_utilization": 0.9985416666666667,
  "avg_fairness": 0.7459992860498776,
  "avg_acceptance_rate": 0.8210023951962122,
  "avg_service_rate": 0.19691793581381453,
  "final_mean_served_delay_s": 14.134065934065934,
  "final_p95_served_delay_s": 20.0,
  "final_mean_timeout_delay_s": 20.0
}