{
  "scenario": "both_int6",
  "strategy": "round_robin",
  "seed": 46,
  "samples": 600,
  "avg_offered_load_mbps": 752.7792334683929,
  "avg_accepted_load_mbps": 606.7751068031499,
  "avg_capacity_mbps": 133.63195954472477,
  "avg_goodput_mbps": 133.3423275193584,
  "avg_queue": 57.85333333333333,
  "final_capacity_mbps": 134.93878557355444,
  "final_goodput_mbps": 134.93878557355444,
  "final_queue": 63,
  "final_blocked_rate": 0.8084832904884319,
  "final_blocked_queue_cap_rate": 0.18894601542416453,
  "final_blocked_timeout_rate": 0.6195372750642674,
  "final_utilization": 1.0,
  "final_fairness": 0.965787480360865,
  "avg_utilization": 0.9985416666666667,
  "avg_fairness": 0.9449859368415865,
  "avg_acceptance_rate": 0.8155597647063355,
  "avg_service_rate": 0.16760825710983748,
  "final_mean_served_delay_s": 14.658854166666666,
  "final_p95_served_delay_s": 20.0,
  "final_mean_timeout_delay_s": 20.0
}