{
  "scenario": "both_ch32",
  "strategy": "ppo_v4",
  "seed": 51,
  "episode_reward": -106.68190625169359,
  "episode_steps": 600,
  "samples": 600,
  "avg_offered_load_mbps": 770.4303003527792,
  "avg_accepted_load_mbps": 600.7112988989015,
  "avg_capacity_mbps": 107.94921655279599,
  "avg_goodput_mbps": 107.75339500287994,
  "avg_queue": 59.665,
  "final_capacity_mbps": 105.56210181249351,
  "final_goodput_mbps": 104.14690795201533,
  "final_queue": 54,
  "final_blocked_rate": 0.8499384993849939,
  "final_blocked_queue_cap_rate": 0.2119721197211972,
  "final_blocked_timeout_rate": 0.6379663796637967,
  "final_utilization": 1.0,
  "final_fairness": 0.6240295636436156,
  "avg_utilization": 0.9995833333333334,
  "avg_fairness": 0.6925214293668421,
  "avg_acceptance_rate": 0.8076216296130602,
  "avg_service_rate": 0.1345181151201509,
  "final_mean_served_delay_s": 14.301282051282051,
  "final_p95_served_delay_s": 20.0,
  "final_mean_timeout_delay_s": 20.0
}