{
  "scenario": "both_ch64",
  "strategy": "greedy_backlog",
  "seed": 46,
  "samples": 600,
  "avg_offered_load_mbps": 752.7792334683929,
  "avg_accepted_load_mbps": 623.7324944948716,
  "avg_capacity_mbps": 240.29892353368777,
  "avg_goodput_mbps": 240.15890330108604,
  "avg_queue": 56.50833333333333,
  "final_capacity_mbps": 245.49722293482822,
  "final_goodput_mbps": 245.4972229348282,
  "final_queue": 61,
  "final_blocked_rate": 0.6456726649528706,
  "final_blocked_queue_cap_rate": 0.15895458440445587,
  "final_blocked_timeout_rate": 0.48671808054841476,
  "final_utilization": 1.0,
  "final_fairness": 0.9767099096762044,
  "avg_utilization": 0.9969791666666666,
  "avg_fairness": 0.97200512743012,
  "avg_acceptance_rate": 0.8469328066628011,
  "avg_service_rate": 0.32862106102622163,
  "final_mean_served_delay_s": 14.933420365535248,
  "final_p95_served_delay_s": 20.0,
  "final_mean_timeout_delay_s": 20.0
}