{
  "scenario": "both_ch32",
  "strategy": "round_robin",
  "seed": 47,
  "samples": 600,
  "avg_offered_load_mbps": 776.7866375396233,
  "avg_accepted_load_mbps": 620.5963856448437,
  "avg_capacity_mbps": 101.56890544509285,
  "avg_goodput_mbps": 101.4198988992829,
  "avg_queue": 60.016666666666666,
  "final_capacity_mbps": 101.53994924912206,
  "final_goodput_mbps": 101.35722462556609,
  "final_queue": 61,
  "final_blocked_rate": 0.8521303258145363,
  "final_blocked_queue_cap_rate": 0.1971595655806182,
  "final_blocked_timeout_rate": 0.6549707602339181,
  "final_utilization": 1.0,
  "final_fairness": 0.892424358077934,
  "avg_utilization": 1.0,
  "avg_fairness": 0.9210766924750726,
  "avg_acceptance_rate": 0.804088419937065,
  "avg_service_rate": 0.11907688899120498,
  "final_mean_served_delay_s": 14.699658703071673,
  "final_p95_served_delay_s": 20.0,
  "final_mean_timeout_delay_s": 20.0
}