{
  "scenario": "baseline_both",
  "strategy": "ppo",
  "seed": 50,
  "episode_reward": 4.985767894385128,
  "episode_steps": 600,
  "samples": 600,
  "avg_offered_load_mbps": 778.7999490711376,
  "avg_accepted_load_mbps": 622.8675485635835,
  "avg_capacity_mbps": 156.3926724735447,
  "avg_goodput_mbps": 155.7658405337053,
  "avg_queue": 58.336666666666666,
  "final_capacity_mbps": 158.7702775062279,
  "final_goodput_mbps": 158.77027750622793,
  "final_queue": 56,
  "final_blocked_rate": 0.7758124228712464,
  "final_blocked_queue_cap_rate": 0.20156314273961332,
  "final_blocked_timeout_rate": 0.5742492801316331,
  "final_utilization": 1.0,
  "final_fairness": 0.769343208356597,
  "avg_utilization": 0.9983333333333333,
  "avg_fairness": 0.7467182523664041,
  "avg_acceptance_rate": 0.8172916753415924,
  "avg_service_rate": 0.2133435941595496,
  "final_mean_served_delay_s": 14.229038854805726,
  "final_p95_served_delay_s": 20.0,
  "final_mean_timeout_delay_s": 20.0
}