{
  "scenario": "baseline_queue_cap",
  "strategy": "round_robin",
  "seed": 43,
  "samples": 600,
  "avg_offered_load_mbps": 759.8008368706072,
  "avg_accepted_load_mbps": 629.1958475775359,
  "avg_capacity_mbps": 150.07612296487105,
  "avg_goodput_mbps": 150.0255759711832,
  "avg_queue": 925.6366666666667,
  "final_capacity_mbps": 150.42533021983195,
  "final_goodput_mbps": 150.42533021983198,
  "final_queue": 1510,
  "final_blocked_rate": 0.1827782290820471,
  "final_blocked_queue_cap_rate": 0.1827782290820471,
  "final_blocked_timeout_rate": 0.0,
  "final_utilization": 1.0,
  "final_fairness": 0.9429411864269189,
  "avg_utilization": 0.9985416666666667,
  "avg_fairness": 0.9418436289450566,
  "avg_acceptance_rate": 0.9671634586250991,
  "avg_service_rate": 0.19368370418523573,
  "final_mean_served_delay_s": 248.8585657370518,
  "final_p95_served_delay_s": 461.0,
  "final_mean_timeout_delay_s": 0.0
}