{
  "scenario": "baseline_both",
  "strategy": "round_robin",
  "seed": 48,
  "samples": 600,
  "avg_offered_load_mbps": 786.1313096884865,
  "avg_accepted_load_mbps": 627.7300349742538,
  "avg_capacity_mbps": 152.51170034532655,
  "avg_goodput_mbps": 152.1190606441921,
  "avg_queue": 59.44833333333333,
  "final_capacity_mbps": 157.02827692756216,
  "final_goodput_mbps": 157.02827692756216,
  "final_queue": 55,
  "final_blocked_rate": 0.8017312448474856,
  "final_blocked_queue_cap_rate": 0.20032976092333057,
  "final_blocked_timeout_rate": 0.6014014839241549,
  "final_utilization": 1.0,
  "final_fairness": 0.9700817157946467,
  "avg_utilization": 0.9975,
  "avg_fairness": 0.9489754838561447,
  "avg_acceptance_rate": 0.8121419495979013,
  "avg_service_rate": 0.17110810732199308,
  "final_mean_served_delay_s": 14.673708920187794,
  "final_p95_served_delay_s": 20.0,
  "final_mean_timeout_delay_s": 20.0
}