{
  "scenario": "baseline_both",
  "strategy": "proportional_fair",
  "seed": 47,
  "samples": 600,
  "avg_offered_load_mbps": 776.7866375396233,
  "avg_accepted_load_mbps": 633.5270832883261,
  "avg_capacity_mbps": 157.63522220919623,
  "avg_goodput_mbps": 157.5447823209172,
  "avg_queue": 59.755,
  "final_capacity_mbps": 160.72737838114872,
  "final_goodput_mbps": 160.72737838114872,
  "final_queue": 60,
  "final_blocked_rate": 0.7798663324979115,
  "final_blocked_queue_cap_rate": 0.1846282372598162,
  "final_blocked_timeout_rate": 0.5952380952380952,
  "final_utilization": 1.0,
  "final_fairness": 0.7970583157393395,
  "avg_utilization": 0.9995833333333334,
  "avg_fairness": 0.8159866106536158,
  "avg_acceptance_rate": 0.814827505047656,
  "avg_service_rate": 0.1820406453830546,
  "final_mean_served_delay_s": 15.443254817987151,
  "final_p95_served_delay_s": 20.0,
  "final_mean_timeout_delay_s": 20.0
}