{
  "scenario": "baseline_queue_cap",
  "strategy": "proportional_fair",
  "seed": 50,
  "samples": 600,
  "avg_offered_load_mbps": 778.7999490711376,
  "avg_accepted_load_mbps": 621.5315861459957,
  "avg_capacity_mbps": 150.65924341838488,
  "avg_goodput_mbps": 150.57942217748055,
  "avg_queue": 922.1,
  "final_capacity_mbps": 152.89988196632498,
  "final_goodput_mbps": 152.89988196632504,
  "final_queue": 1516,
  "final_blocked_rate": 0.18716577540106952,
  "final_blocked_queue_cap_rate": 0.18716577540106952,
  "final_blocked_timeout_rate": 0.0,
  "final_utilization": 1.0,
  "final_fairness": 0.9127432938258352,
  "avg_utilization": 0.9983333333333333,
  "avg_fairness": 0.9163348903102043,
  "avg_acceptance_rate": 0.9732033306139682,
  "avg_service_rate": 0.19104768417978524,
  "final_mean_served_delay_s": 242.06739130434784,
  "final_p95_served_delay_s": 450.0,
  "final_mean_timeout_delay_s": 0.0
}