{
  "scenario": "both_q10_t20",
  "strategy": "ppo_v4",
  "seed": 43,
  "episode_reward": 68.46324176632687,
  "episode_steps": 600,
  "samples": 600,
  "avg_offered_load_mbps": 759.8008368706072,
  "avg_accepted_load_mbps": 753.7891291947797,
  "avg_capacity_mbps": 158.68073143870572,
  "avg_goodput_mbps": 158.36231226114364,
  "avg_queue": 75.35666666666667,
  "final_capacity_mbps": 156.4300892994309,
  "final_goodput_mbps": 156.43008929943085,
  "final_queue": 71,
  "final_blocked_rate": 0.7579203899268887,
  "final_blocked_queue_cap_rate": 0.006904955320877335,
  "final_blocked_timeout_rate": 0.7510154346060114,
  "final_utilization": 1.0,
  "final_fairness": 0.7038430354175141,
  "avg_utilization": 0.9985416666666667,
  "avg_fairness": 0.66146474497976,
  "avg_acceptance_rate": 0.9930888766807139,
  "avg_service_rate": 0.2128947467885284,
  "final_mean_served_delay_s": 15.388571428571428,
  "final_p95_served_delay_s": 20.0,
  "final_mean_timeout_delay_s": 20.0
}