{
  "scenario": "baseline_both",
  "strategy": "ppo",
  "seed": 49,
  "episode_reward": 78.26332075170009,
  "episode_steps": 600,
  "samples": 600,
  "avg_offered_load_mbps": 743.3465389769656,
  "avg_accepted_load_mbps": 601.6604261791354,
  "avg_capacity_mbps": 156.338740073077,
  "avg_goodput_mbps": 155.6415725928076,
  "avg_queue": 58.62,
  "final_capacity_mbps": 157.9684544509847,
  "final_goodput_mbps": 157.96845445098472,
  "final_queue": 63,
  "final_blocked_rate": 0.7657807308970099,
  "final_blocked_queue_cap_rate": 0.18687707641196014,
  "final_blocked_timeout_rate": 0.5789036544850499,
  "final_utilization": 1.0,
  "final_fairness": 0.801997550552702,
  "avg_utilization": 0.99875,
  "avg_fairness": 0.7881750437642954,
  "avg_acceptance_rate": 0.8348104912643154,
  "avg_service_rate": 0.22941502444548295,
  "final_mean_served_delay_s": 14.169660678642714,
  "final_p95_served_delay_s": 20.0,
  "final_mean_timeout_delay_s": 20.0
}