{
  "scenario": "both_ch64",
  "strategy": "longest_queue_first",
  "seed": 48,
  "samples": 600,
  "avg_offered_load_mbps": 786.1313096884865,
  "avg_accepted_load_mbps": 640.6184627917746,
  "avg_capacity_mbps": 204.3359641620594,
  "avg_goodput_mbps": 203.8540601702899,
  "avg_queue": 58.461666666666666,
  "final_capacity_mbps": 209.68727968348355,
  "final_goodput_mbps": 209.68727968348358,
  "final_queue": 56,
  "final_blocked_rate": 0.7337180544105524,
  "final_blocked_queue_cap_rate": 0.1900247320692498,
  "final_blocked_timeout_rate": 0.5436933223413025,
  "final_utilization": 1.0,
  "final_fairness": 0.9731048105827137,
  "avg_utilization": 0.9965104166666666,
  "avg_fairness": 0.952964811304074,
  "avg_acceptance_rate": 0.8254421468273813,
  "avg_service_rate": 0.24360114841733457,
  "final_mean_served_delay_s": 14.59322033898305,
  "final_p95_served_delay_s": 20.0,
  "final_mean_timeout_delay_s": 20.0
}