{
  "scenario": "both_q10_t20",
  "strategy": "round_robin",
  "seed": 43,
  "samples": 600,
  "avg_offered_load_mbps": 759.8008368706072,
  "avg_accepted_load_mbps": 753.8638061858414,
  "avg_capacity_mbps": 152.42650621412668,
  "avg_goodput_mbps": 152.17763060319575,
  "avg_queue": 75.70833333333333,
  "final_capacity_mbps": 153.57053018346738,
  "final_goodput_mbps": 153.5705301834674,
  "final_queue": 72,
  "final_blocked_rate": 0.7721364744110479,
  "final_blocked_queue_cap_rate": 0.006904955320877335,
  "final_blocked_timeout_rate": 0.7652315190901706,
  "final_utilization": 1.0,
  "final_fairness": 0.9647761146471019,
  "avg_utilization": 0.9985416666666667,
  "avg_fairness": 0.9470529901558101,
  "avg_acceptance_rate": 0.9930817791217826,
  "avg_service_rate": 0.20531228701819249,
  "final_mean_served_delay_s": 15.411042944785276,
  "final_p95_served_delay_s": 20.0,
  "final_mean_timeout_delay_s": 20.0
}