{
  "scenario": "both_q5_t10",
  "strategy": "proportional_fair",
  "seed": 51,
  "samples": 600,
  "avg_offered_load_mbps": 770.4303003527792,
  "avg_accepted_load_mbps": 742.0633288522364,
  "avg_capacity_mbps": 162.41357197947838,
  "avg_goodput_mbps": 162.16873248369512,
  "avg_queue": 36.03333333333333,
  "final_capacity_mbps": 171.5542825701708,
  "final_goodput_mbps": 171.55428257017084,
  "final_queue": 31,
  "final_blocked_rate": 0.7913079130791308,
  "final_blocked_queue_cap_rate": 0.03567035670356704,
  "final_blocked_timeout_rate": 0.7556375563755637,
  "final_utilization": 1.0,
  "final_fairness": 0.7390055427238307,
  "avg_utilization": 0.9989583333333333,
  "avg_fairness": 0.7270274696257193,
  "avg_acceptance_rate": 0.971509655459092,
  "avg_service_rate": 0.20315340883998145,
  "final_mean_served_delay_s": 7.424686192468619,
  "final_p95_served_delay_s": 10.0,
  "final_mean_timeout_delay_s": 10.0
}