{
  "scenario": "both_q5_t40",
  "strategy": "round_robin",
  "seed": 48,
  "samples": 600,
  "avg_offered_load_mbps": 786.1313096884865,
  "avg_accepted_load_mbps": 428.1483847762604,
  "avg_capacity_mbps": 150.01249654569898,
  "avg_goodput_mbps": 149.9268502139082,
  "avg_queue": 77.08333333333333,
  "final_capacity_mbps": 150.42533021983195,
  "final_goodput_mbps": 150.42533021983198,
  "final_queue": 64,
  "final_blocked_rate": 0.79719703215169,
  "final_blocked_queue_cap_rate": 0.4620774938169827,
  "final_blocked_timeout_rate": 0.3351195383347073,
  "final_utilization": 1.0,
  "final_fairness": 0.9429411864269189,
  "avg_utilization": 0.9975,
  "avg_fairness": 0.9419428608653924,
  "avg_acceptance_rate": 0.586743791476937,
  "avg_service_rate": 0.178900918987375,
  "final_mean_served_delay_s": 30.046728971962615,
  "final_p95_served_delay_s": 40.0,
  "final_mean_timeout_delay_s": 40.0
}