{
  "scenario": "both_int3",
  "strategy": "greedy_backlog",
  "seed": 44,
  "samples": 600,
  "avg_offered_load_mbps": 764.4133077715236,
  "avg_accepted_load_mbps": 628.7052578535468,
  "avg_capacity_mbps": 201.67453915412318,
  "avg_goodput_mbps": 201.49682120821234,
  "avg_queue": 59.81,
  "final_capacity_mbps": 206.1428027008408,
  "final_goodput_mbps": 206.14280270084078,
  "final_queue": 64,
  "final_blocked_rate": 0.7055921052631579,
  "final_blocked_queue_cap_rate": 0.17598684210526316,
  "final_blocked_timeout_rate": 0.5296052631578947,
  "final_utilization": 1.0,
  "final_fairness": 0.9857859256292665,
  "avg_utilization": 0.9989583333333333,
  "avg_fairness": 0.9855680823533362,
  "avg_acceptance_rate": 0.8381714465808298,
  "avg_service_rate": 0.276240873527581,
  "final_mean_served_delay_s": 15.519938650306749,
  "final_p95_served_delay_s": 20.0,
  "final_mean_timeout_delay_s": 20.0
}