{
  "scenario": "both_int3",
  "strategy": "ppo_v4",
  "seed": 50,
  "episode_reward": 131.51258935707222,
  "episode_steps": 600,
  "samples": 600,
  "avg_offered_load_mbps": 778.7999490711376,
  "avg_accepted_load_mbps": 635.1354846127035,
  "avg_capacity_mbps": 176.85638737312308,
  "avg_goodput_mbps": 175.94891515956198,
  "avg_queue": 57.88166666666667,
  "final_capacity_mbps": 186.0926750306864,
  "final_goodput_mbps": 186.09267503068634,
  "final_queue": 54,
  "final_blocked_rate": 0.7577128753599341,
  "final_blocked_queue_cap_rate": 0.19991772932949403,
  "final_blocked_timeout_rate": 0.5577951460304401,
  "final_utilization": 1.0,
  "final_fairness": 0.6161264278159329,
  "avg_utilization": 0.9983333333333333,
  "avg_fairness": 0.6702681552239161,
  "avg_acceptance_rate": 0.8186080531336337,
  "avg_service_rate": 0.23087884415022306,
  "final_mean_served_delay_s": 14.157009345794393,
  "final_p95_served_delay_s": 20.0,
  "final_mean_timeout_delay_s": 20.0
}