{
  "scenario": "both_q5_t40",
  "strategy": "longest_queue_first",
  "seed": 48,
  "samples": 600,
  "avg_offered_load_mbps": 786.1313096884865,
  "avg_accepted_load_mbps": 429.4407267594562,
  "avg_capacity_mbps": 150.80916172244758,
  "avg_goodput_mbps": 150.76451527926358,
  "avg_queue": 77.56666666666666,
  "final_capacity_mbps": 152.0018189327137,
  "final_goodput_mbps": 152.0018189327137,
  "final_queue": 66,
  "final_blocked_rate": 0.8000824402308326,
  "final_blocked_queue_cap_rate": 0.46125309150865623,
  "final_blocked_timeout_rate": 0.3388293487221764,
  "final_utilization": 1.0,
  "final_fairness": 0.922180380014595,
  "avg_utilization": 0.9975,
  "avg_fairness": 0.9320120719895323,
  "avg_acceptance_rate": 0.58664919798672,
  "avg_service_rate": 0.17339538102949809,
  "final_mean_served_delay_s": 30.41527446300716,
  "final_p95_served_delay_s": 40.0,
  "final_mean_timeout_delay_s": 40.0
}