{
  "scenario": "baseline_both",
  "strategy": "ppo",
  "seed": 47,
  "episode_reward": 78.63497400829056,
  "episode_steps": 600,
  "samples": 600,
  "avg_offered_load_mbps": 776.7866375396233,
  "avg_accepted_load_mbps": 625.7712089463083,
  "avg_capacity_mbps": 161.09136522410378,
  "avg_goodput_mbps": 160.34510334825382,
  "avg_queue": 58.781666666666666,
  "final_capacity_mbps": 157.90128439178443,
  "final_goodput_mbps": 157.90128439178443,
  "final_queue": 62,
  "final_blocked_rate": 0.7802840434419381,
  "final_blocked_queue_cap_rate": 0.18671679197994986,
  "final_blocked_timeout_rate": 0.5935672514619883,
  "final_utilization": 1.0,
  "final_fairness": 0.7051758409569034,
  "avg_utilization": 0.9995833333333334,
  "avg_fairness": 0.6506635137543056,
  "avg_acceptance_rate": 0.8155727270775216,
  "avg_service_rate": 0.18768063671242688,
  "final_mean_served_delay_s": 14.338362068965518,
  "final_p95_served_delay_s": 20.0,
  "final_mean_timeout_delay_s": 20.0
}