{
  "scenario": "baseline_both",
  "strategy": "round_robin",
  "seed": 45,
  "samples": 600,
  "avg_offered_load_mbps": 787.1612102454801,
  "avg_accepted_load_mbps": 627.5466653520824,
  "avg_capacity_mbps": 153.2248895816473,
  "avg_goodput_mbps": 152.73814640789266,
  "avg_queue": 58.38333333333333,
  "final_capacity_mbps": 150.42533021983195,
  "final_goodput_mbps": 150.42533021983198,
  "final_queue": 62,
  "final_blocked_rate": 0.7680623973727422,
  "final_blocked_queue_cap_rate": 0.19950738916256158,
  "final_blocked_timeout_rate": 0.5685550082101807,
  "final_utilization": 1.0,
  "final_fairness": 0.9429411864269189,
  "avg_utilization": 0.9985416666666667,
  "avg_fairness": 0.9478059992218808,
  "avg_acceptance_rate": 0.8127675776560951,
  "avg_service_rate": 0.22757687823668873,
  "final_mean_served_delay_s": 14.16699801192843,
  "final_p95_served_delay_s": 20.0,
  "final_mean_timeout_delay_s": 20.0
}