{
  "scenario": "both_q10_t20",
  "strategy": "greedy_backlog",
  "seed": 49,
  "samples": 600,
  "avg_offered_load_mbps": 743.3465389769656,
  "avg_accepted_load_mbps": 741.5145092828903,
  "avg_capacity_mbps": 192.0256946178151,
  "avg_goodput_mbps": 191.7756360807196,
  "avg_queue": 73.91333333333333,
  "final_capacity_mbps": 196.40327802210325,
  "final_goodput_mbps": 196.40327802210325,
  "final_queue": 86,
  "final_blocked_rate": 0.7180232558139535,
  "final_blocked_queue_cap_rate": 0.005813953488372093,
  "final_blocked_timeout_rate": 0.7122093023255814,
  "final_utilization": 1.0,
  "final_fairness": 0.9907036578332288,
  "avg_utilization": 0.99875,
  "avg_fairness": 0.9846762986406327,
  "avg_acceptance_rate": 0.9946506897792792,
  "avg_service_rate": 0.2673895733491252,
  "final_mean_served_delay_s": 16.401349072512648,
  "final_p95_served_delay_s": 20.0,
  "final_mean_timeout_delay_s": 20.0
}