{
  "scenario": "both_ch32",
  "strategy": "longest_queue_first",
  "seed": 47,
  "samples": 600,
  "avg_offered_load_mbps": 776.7866375396233,
  "avg_accepted_load_mbps": 620.1877990162153,
  "avg_capacity_mbps": 102.11818117199903,
  "avg_goodput_mbps": 102.03070874989535,
  "avg_queue": 60.291666666666664,
  "final_capacity_mbps": 101.21676294393221,
  "final_goodput_mbps": 101.03403832037625,
  "final_queue": 61,
  "final_blocked_rate": 0.8517126148705096,
  "final_blocked_queue_cap_rate": 0.195906432748538,
  "final_blocked_timeout_rate": 0.6558061821219716,
  "final_utilization": 1.0,
  "final_fairness": 0.8956526016472975,
  "avg_utilization": 1.0,
  "avg_fairness": 0.9100907675679986,
  "avg_acceptance_rate": 0.8046462683284974,
  "avg_service_rate": 0.11762539507291953,
  "final_mean_served_delay_s": 15.078231292517007,
  "final_p95_served_delay_s": 20.0,
  "final_mean_timeout_delay_s": 20.0
}