{
  "scenario": "both_ch64",
  "strategy": "longest_queue_first",
  "seed": 42,
  "samples": 600,
  "avg_offered_load_mbps": 766.2760178948384,
  "avg_accepted_load_mbps": 620.0269796452138,
  "avg_capacity_mbps": 203.614365588828,
  "avg_goodput_mbps": 203.09538541478318,
  "avg_queue": 56.95,
  "final_capacity_mbps": 203.16709988620016,
  "final_goodput_mbps": 203.16709988620022,
  "final_queue": 68,
  "final_blocked_rate": 0.697907949790795,
  "final_blocked_queue_cap_rate": 0.17824267782426778,
  "final_blocked_timeout_rate": 0.5196652719665272,
  "final_utilization": 1.0,
  "final_fairness": 0.932024234714449,
  "avg_utilization": 0.9945833333333334,
  "avg_fairness": 0.9521387036313771,
  "avg_acceptance_rate": 0.8374985453968149,
  "avg_service_rate": 0.26650796867798054,
  "final_mean_served_delay_s": 14.168195718654435,
  "final_p95_served_delay_s": 20.0,
  "final_mean_timeout_delay_s": 20.0
}