{
  "scenario": "baseline_timeout",
  "strategy": "round_robin",
  "seed": 49,
  "samples": 600,
  "avg_offered_load_mbps": 743.3465389769656,
  "avg_accepted_load_mbps": 743.3465389769656,
  "avg_capacity_mbps": 152.84467413972558,
  "avg_goodput_mbps": 152.24117887969405,
  "avg_queue": 73.96,
  "final_capacity_mbps": 152.06922473013165,
  "final_goodput_mbps": 152.06922473013165,
  "final_queue": 83,
  "final_blocked_rate": 0.7649501661129569,
  "final_blocked_queue_cap_rate": 0.0,
  "final_blocked_timeout_rate": 0.7649501661129569,
  "final_utilization": 1.0,
  "final_fairness": 0.9640382123315073,
  "avg_utilization": 0.99875,
  "avg_fairness": 0.947350820076332,
  "avg_acceptance_rate": 1.0,
  "avg_service_rate": 0.22553934382032537,
  "final_mean_served_delay_s": 14.766045548654244,
  "final_p95_served_delay_s": 20.0,
  "final_mean_timeout_delay_s": 20.0
}