{
  "scenario": "baseline_both",
  "strategy": "ppo",
  "seed": 43,
  "episode_reward": 79.50017705080585,
  "episode_steps": 600,
  "samples": 600,
  "avg_offered_load_mbps": 759.8008368706072,
  "avg_accepted_load_mbps": 608.0515092621187,
  "avg_capacity_mbps": 156.47225552694982,
  "avg_goodput_mbps": 156.02484048238082,
  "avg_queue": 58.75,
  "final_capacity_mbps": 154.8541749025919,
  "final_goodput_mbps": 154.8541749025919,
  "final_queue": 60,
  "final_blocked_rate": 0.7575142160844841,
  "final_blocked_queue_cap_rate": 0.20349309504467913,
  "final_blocked_timeout_rate": 0.554021121039805,
  "final_utilization": 1.0,
  "final_fairness": 0.8665049090461684,
  "avg_utilization": 0.9985416666666667,
  "avg_fairness": 0.7857724306321925,
  "avg_acceptance_rate": 0.8114103082775661,
  "avg_service_rate": 0.21880109982865956,
  "final_mean_served_delay_s": 14.802607076350093,
  "final_p95_served_delay_s": 20.0,
  "final_mean_timeout_delay_s": 20.0
}