{
  "scenario": "both_ch32",
  "strategy": "greedy_backlog",
  "seed": 45,
  "samples": 600,
  "avg_offered_load_mbps": 787.1612102454801,
  "avg_accepted_load_mbps": 636.5762517231917,
  "avg_capacity_mbps": 134.43624317515756,
  "avg_goodput_mbps": 134.36876123128044,
  "avg_queue": 61.075,
  "final_capacity_mbps": 121.07733519344112,
  "final_goodput_mbps": 121.07733519344112,
  "final_queue": 65,
  "final_blocked_rate": 0.7935139573070608,
  "final_blocked_queue_cap_rate": 0.1867816091954023,
  "final_blocked_timeout_rate": 0.6067323481116584,
  "final_utilization": 1.0,
  "final_fairness": 0.8930506923356801,
  "avg_utilization": 0.9992708333333333,
  "avg_fairness": 0.9135429533099855,
  "avg_acceptance_rate": 0.8283498598815168,
  "avg_service_rate": 0.19120649640774512,
  "final_mean_served_delay_s": 15.429223744292237,
  "final_p95_served_delay_s": 20.0,
  "final_mean_timeout_delay_s": 20.0
}