{
  "scenario": "both_q5_t10",
  "strategy": "round_robin",
  "seed": 47,
  "samples": 600,
  "avg_offered_load_mbps": 776.7866375396233,
  "avg_accepted_load_mbps": 751.9410226914923,
  "avg_capacity_mbps": 161.72396019937108,
  "avg_goodput_mbps": 160.61398023809988,
  "avg_queue": 34.93,
  "final_capacity_mbps": 162.59798530297584,
  "final_goodput_mbps": 161.13648868764182,
  "final_queue": 31,
  "final_blocked_rate": 0.7990810359231412,
  "final_blocked_queue_cap_rate": 0.034252297410192145,
  "final_blocked_timeout_rate": 0.7648287385129491,
  "final_utilization": 1.0,
  "final_fairness": 0.9719923398703956,
  "avg_utilization": 0.9995833333333334,
  "avg_fairness": 0.9654726805257913,
  "avg_acceptance_rate": 0.9670683519397373,
  "avg_service_rate": 0.17436524366008624,
  "final_mean_served_delay_s": 6.517777777777778,
  "final_p95_served_delay_s": 10.0,
  "final_mean_timeout_delay_s": 10.0
}