{
  "scenario": "baseline_both",
  "strategy": "round_robin",
  "seed": 47,
  "samples": 600,
  "avg_offered_load_mbps": 776.7866375396233,
  "avg_accepted_load_mbps": 625.5524877916517,
  "avg_capacity_mbps": 152.64366178252962,
  "avg_goodput_mbps": 152.349022250869,
  "avg_queue": 58.693333333333335,
  "final_capacity_mbps": 154.42363689027405,
  "final_goodput_mbps": 154.42363689027405,
  "final_queue": 60,
  "final_blocked_rate": 0.7911445279866333,
  "final_blocked_queue_cap_rate": 0.19172932330827067,
  "final_blocked_timeout_rate": 0.5994152046783626,
  "final_utilization": 1.0,
  "final_fairness": 0.9719181052539838,
  "avg_utilization": 0.9995833333333334,
  "avg_fairness": 0.9468749539840386,
  "avg_acceptance_rate": 0.8073932486011836,
  "avg_service_rate": 0.1745817005853336,
  "final_mean_served_delay_s": 14.397727272727273,
  "final_p95_served_delay_s": 20.0,
  "final_mean_timeout_delay_s": 20.0
}