{
  "scenario": "both_int3",
  "strategy": "longest_queue_first",
  "seed": 46,
  "samples": 600,
  "avg_offered_load_mbps": 752.7792334683929,
  "avg_accepted_load_mbps": 611.2845085960341,
  "avg_capacity_mbps": 174.53581499636107,
  "avg_goodput_mbps": 174.25316155126686,
  "avg_queue": 57.031666666666666,
  "final_capacity_mbps": 176.45150548906105,
  "final_goodput_mbps": 176.45150548906102,
  "final_queue": 60,
  "final_blocked_rate": 0.7502142245072836,
  "final_blocked_queue_cap_rate": 0.181662382176521,
  "final_blocked_timeout_rate": 0.5685518423307626,
  "final_utilization": 1.0,
  "final_fairness": 0.9483658870801539,
  "avg_utilization": 0.9985416666666667,
  "avg_fairness": 0.9455048458152727,
  "avg_acceptance_rate": 0.8216364681998116,
  "avg_service_rate": 0.22582133674519658,
  "final_mean_served_delay_s": 14.707456978967496,
  "final_p95_served_delay_s": 20.0,
  "final_mean_timeout_delay_s": 20.0
}