{
  "scenario": "baseline_both",
  "strategy": "ppo",
  "seed": 46,
  "episode_reward": 88.50115181880035,
  "episode_steps": 600,
  "samples": 600,
  "avg_offered_load_mbps": 752.7792334683929,
  "avg_accepted_load_mbps": 610.9236871599064,
  "avg_capacity_mbps": 161.17511378898956,
  "avg_goodput_mbps": 160.7318931668455,
  "avg_queue": 57.26166666666666,
  "final_capacity_mbps": 158.67886986680557,
  "final_goodput_mbps": 158.6788698668056,
  "final_queue": 61,
  "final_blocked_rate": 0.7720651242502142,
  "final_blocked_queue_cap_rate": 0.18123393316195371,
  "final_blocked_timeout_rate": 0.5908311910882605,
  "final_utilization": 1.0,
  "final_fairness": 0.7224619568959985,
  "avg_utilization": 0.9985416666666667,
  "avg_fairness": 0.6506231187029425,
  "avg_acceptance_rate": 0.8200860024379713,
  "avg_service_rate": 0.20417583904091327,
  "final_mean_served_delay_s": 14.276008492569002,
  "final_p95_served_delay_s": 20.0,
  "final_mean_timeout_delay_s": 20.0
}