{
  "scenario": "both_q5_t40",
  "strategy": "greedy_backlog",
  "seed": 49,
  "samples": 600,
  "avg_offered_load_mbps": 743.3465389769656,
  "avg_accepted_load_mbps": 432.9950407681174,
  "avg_capacity_mbps": 189.48800871420124,
  "avg_goodput_mbps": 189.23795017710577,
  "avg_queue": 77.63666666666667,
  "final_capacity_mbps": 184.05111769456784,
  "final_goodput_mbps": 184.05111769456784,
  "final_queue": 87,
  "final_blocked_rate": 0.7163621262458472,
  "final_blocked_queue_cap_rate": 0.43064784053156147,
  "final_blocked_timeout_rate": 0.2857142857142857,
  "final_utilization": 1.0,
  "final_fairness": 0.9786985855569845,
  "avg_utilization": 0.99875,
  "avg_fairness": 0.9820673055608509,
  "avg_acceptance_rate": 0.62946374822057,
  "avg_service_rate": 0.26147959646321584,
  "final_mean_served_delay_s": 30.26006711409396,
  "final_p95_served_delay_s": 40.0,
  "final_mean_timeout_delay_s": 40.0
}