{
  "scenario": "both_q5_t10",
  "strategy": "proportional_fair",
  "seed": 48,
  "samples": 600,
  "avg_offered_load_mbps": 786.1313096884865,
  "avg_accepted_load_mbps": 757.934950080394,
  "avg_capacity_mbps": 162.3034850162422,
  "avg_goodput_mbps": 162.11672760282332,
  "avg_queue": 36.193333333333335,
  "final_capacity_mbps": 166.83244923413713,
  "final_goodput_mbps": 166.83244923413713,
  "final_queue": 25,
  "final_blocked_rate": 0.8033800494641385,
  "final_blocked_queue_cap_rate": 0.036273701566364384,
  "final_blocked_timeout_rate": 0.7671063478977741,
  "final_utilization": 1.0,
  "final_fairness": 0.7756815549440341,
  "avg_utilization": 0.9975,
  "avg_fairness": 0.735167937800695,
  "avg_acceptance_rate": 0.9589903765937301,
  "avg_service_rate": 0.17634774761358715,
  "final_mean_served_delay_s": 7.539823008849558,
  "final_p95_served_delay_s": 10.0,
  "final_mean_timeout_delay_s": 10.0
}