{
  "scenario": "baseline_both",
  "strategy": "ppo",
  "seed": 51,
  "episode_reward": -2.018471830597263,
  "episode_steps": 600,
  "samples": 600,
  "avg_offered_load_mbps": 770.4303003527792,
  "avg_accepted_load_mbps": 608.8983058165636,
  "avg_capacity_mbps": 155.92222925492536,
  "avg_goodput_mbps": 155.4313400589805,
  "avg_queue": 58.31333333333333,
  "final_capacity_mbps": 155.1479409369978,
  "final_goodput_mbps": 150.9554384548462,
  "final_queue": 52,
  "final_blocked_rate": 0.7867978679786798,
  "final_blocked_queue_cap_rate": 0.2025420254202542,
  "final_blocked_timeout_rate": 0.5842558425584256,
  "final_utilization": 1.0,
  "final_fairness": 0.7040173172296965,
  "avg_utilization": 0.9989583333333333,
  "avg_fairness": 0.7478741111668926,
  "avg_acceptance_rate": 0.8203699471747409,
  "avg_service_rate": 0.20313116782112006,
  "final_mean_served_delay_s": 13.850427350427351,
  "final_p95_served_delay_s": 20.0,
  "final_mean_timeout_delay_s": 20.0
}