{
  "scenario": "both_int6",
  "strategy": "longest_queue_first",
  "seed": 50,
  "samples": 600,
  "avg_offered_load_mbps": 778.7999490711376,
  "avg_accepted_load_mbps": 622.4965388937434,
  "avg_capacity_mbps": 133.30675869711712,
  "avg_goodput_mbps": 133.0843562637995,
  "avg_queue": 59.48166666666667,
  "final_capacity_mbps": 139.0089015926716,
  "final_goodput_mbps": 139.0089015926716,
  "final_queue": 55,
  "final_blocked_rate": 0.809132044426162,
  "final_blocked_queue_cap_rate": 0.2044426162073221,
  "final_blocked_timeout_rate": 0.60468942821884,
  "final_utilization": 1.0,
  "final_fairness": 0.9262591102533797,
  "avg_utilization": 0.9983333333333333,
  "avg_fairness": 0.9337328175495403,
  "avg_acceptance_rate": 0.814234471186171,
  "avg_service_rate": 0.17238773938998314,
  "final_mean_served_delay_s": 14.921760391198044,
  "final_p95_served_delay_s": 20.0,
  "final_mean_timeout_delay_s": 20.0
}