{
  "scenario": "baseline_queue_cap",
  "strategy": "round_robin",
  "seed": 50,
  "samples": 600,
  "avg_offered_load_mbps": 778.7999490711376,
  "avg_accepted_load_mbps": 626.1793486212979,
  "avg_capacity_mbps": 150.21005231255685,
  "avg_goodput_mbps": 150.12322432485095,
  "avg_queue": 916.4616666666667,
  "final_capacity_mbps": 150.42533021983195,
  "final_goodput_mbps": 150.42533021983198,
  "final_queue": 1516,
  "final_blocked_rate": 0.18716577540106952,
  "final_blocked_queue_cap_rate": 0.18716577540106952,
  "final_blocked_timeout_rate": 0.0,
  "final_utilization": 1.0,
  "final_fairness": 0.9429411864269189,
  "avg_utilization": 0.9983333333333333,
  "avg_fairness": 0.9421881465450169,
  "avg_acceptance_rate": 0.971389623161646,
  "avg_service_rate": 0.1905394371858655,
  "final_mean_served_delay_s": 235.61521739130436,
  "final_p95_served_delay_s": 455.0,
  "final_mean_timeout_delay_s": 0.0
}