{
  "scenario": "both_ch64",
  "strategy": "ppo_v4",
  "seed": 44,
  "episode_reward": 267.67592137415227,
  "episode_steps": 600,
  "samples": 600,
  "avg_offered_load_mbps": 764.4133077715236,
  "avg_accepted_load_mbps": 628.316576727774,
  "avg_capacity_mbps": 212.7023276758485,
  "avg_goodput_mbps": 211.6853531537887,
  "avg_queue": 56.845,
  "final_capacity_mbps": 206.2351533003918,
  "final_goodput_mbps": 206.2351533003918,
  "final_queue": 61,
  "final_blocked_rate": 0.7027138157894737,
  "final_blocked_queue_cap_rate": 0.18338815789473684,
  "final_blocked_timeout_rate": 0.5193256578947368,
  "final_utilization": 1.0,
  "final_fairness": 0.7194862096073059,
  "avg_utilization": 0.99703125,
  "avg_fairness": 0.7157348231780394,
  "avg_acceptance_rate": 0.8333836061668471,
  "avg_service_rate": 0.2983609130894166,
  "final_mean_served_delay_s": 13.40332326283988,
  "final_p95_served_delay_s": 20.0,
  "final_mean_timeout_delay_s": 20.0
}