{
  "scenario": "both_ch64",
  "strategy": "ppo_v4",
  "seed": 42,
  "episode_reward": 268.9149921929151,
  "episode_steps": 600,
  "samples": 600,
  "avg_offered_load_mbps": 766.2760178948384,
  "avg_accepted_load_mbps": 629.0413825814363,
  "avg_capacity_mbps": 210.26346004155224,
  "avg_goodput_mbps": 209.33367775305686,
  "avg_queue": 56.638333333333335,
  "final_capacity_mbps": 210.56014692876926,
  "final_goodput_mbps": 210.56014692876929,
  "final_queue": 68,
  "final_blocked_rate": 0.6895397489539749,
  "final_blocked_queue_cap_rate": 0.1707112970711297,
  "final_blocked_timeout_rate": 0.5188284518828452,
  "final_utilization": 1.0,
  "final_fairness": 0.6978278077728676,
  "avg_utilization": 0.9945833333333334,
  "avg_fairness": 0.7250319584564033,
  "avg_acceptance_rate": 0.8451576874551828,
  "avg_service_rate": 0.26981913521031253,
  "final_mean_served_delay_s": 13.568249258160238,
  "final_p95_served_delay_s": 20.0,
  "final_mean_timeout_delay_s": 20.0
}