{
  "scenario": "baseline_both",
  "strategy": "round_robin",
  "seed": 43,
  "samples": 600,
  "avg_offered_load_mbps": 759.8008368706072,
  "avg_accepted_load_mbps": 600.2377442266736,
  "avg_capacity_mbps": 153.06575010155458,
  "avg_goodput_mbps": 152.71853766323238,
  "avg_queue": 58.666666666666664,
  "final_capacity_mbps": 153.57053018346738,
  "final_goodput_mbps": 153.5705301834674,
  "final_queue": 62,
  "final_blocked_rate": 0.7713241267262388,
  "final_blocked_queue_cap_rate": 0.20796100731112915,
  "final_blocked_timeout_rate": 0.5633631194151096,
  "final_utilization": 1.0,
  "final_fairness": 0.9647761146471019,
  "avg_utilization": 0.9985416666666667,
  "avg_fairness": 0.9486417473674783,
  "avg_acceptance_rate": 0.8047047867523697,
  "avg_service_rate": 0.20323507182809525,
  "final_mean_served_delay_s": 14.70059880239521,
  "final_p95_served_delay_s": 20.0,
  "final_mean_timeout_delay_s": 20.0
}