{
  "scenario": "both_int3",
  "strategy": "greedy_backlog",
  "seed": 42,
  "samples": 600,
  "avg_offered_load_mbps": 766.2760178948384,
  "avg_accepted_load_mbps": 632.2482056840283,
  "avg_capacity_mbps": 201.53507699479178,
  "avg_goodput_mbps": 201.36225625000696,
  "avg_queue": 59.525,
  "final_capacity_mbps": 201.98288960997388,
  "final_goodput_mbps": 201.98288960997388,
  "final_queue": 73,
  "final_blocked_rate": 0.7092050209205021,
  "final_blocked_queue_cap_rate": 0.16610878661087866,
  "final_blocked_timeout_rate": 0.5430962343096234,
  "final_utilization": 1.0,
  "final_fairness": 0.9861751723542563,
  "avg_utilization": 0.99625,
  "avg_fairness": 0.9855731908648742,
  "avg_acceptance_rate": 0.8473806839584507,
  "avg_service_rate": 0.2399747642763463,
  "final_mean_served_delay_s": 15.397106109324758,
  "final_p95_served_delay_s": 20.0,
  "final_mean_timeout_delay_s": 20.0
}