{
  "scenario": "baseline_both",
  "strategy": "ppo",
  "seed": 48,
  "episode_reward": -9.478723896928516,
  "episode_steps": 600,
  "samples": 600,
  "avg_offered_load_mbps": 786.1313096884865,
  "avg_accepted_load_mbps": 627.2190282866279,
  "avg_capacity_mbps": 153.48250411098022,
  "avg_goodput_mbps": 153.05561350010632,
  "avg_queue": 59.295,
  "final_capacity_mbps": 156.1127823153051,
  "final_goodput_mbps": 156.1127823153051,
  "final_queue": 55,
  "final_blocked_rate": 0.7959604286892004,
  "final_blocked_queue_cap_rate": 0.20115416323165705,
  "final_blocked_timeout_rate": 0.5948062654575432,
  "final_utilization": 1.0,
  "final_fairness": 0.9483781801595083,
  "avg_utilization": 0.9975,
  "avg_fairness": 0.928721676397016,
  "avg_acceptance_rate": 0.8130472469603558,
  "avg_service_rate": 0.179031223334862,
  "final_mean_served_delay_s": 14.752272727272727,
  "final_p95_served_delay_s": 20.0,
  "final_mean_timeout_delay_s": 20.0
}