{
  "scenario": "both_q5_t40",
  "strategy": "longest_queue_first",
  "seed": 50,
  "samples": 600,
  "avg_offered_load_mbps": 778.7999490711376,
  "avg_accepted_load_mbps": 415.84846049911386,
  "avg_capacity_mbps": 150.9532979866221,
  "avg_goodput_mbps": 150.78031634637523,
  "avg_queue": 75.94333333333333,
  "final_capacity_mbps": 152.13503381818745,
  "final_goodput_mbps": 152.13503381818748,
  "final_queue": 78,
  "final_blocked_rate": 0.7782805429864253,
  "final_blocked_queue_cap_rate": 0.4594816947758124,
  "final_blocked_timeout_rate": 0.31879884821061294,
  "final_utilization": 1.0,
  "final_fairness": 0.9198744162653743,
  "avg_utilization": 0.9983333333333333,
  "avg_fairness": 0.9355646409955075,
  "avg_acceptance_rate": 0.5891592132808835,
  "avg_service_rate": 0.19843434642602814,
  "final_mean_served_delay_s": 29.288503253796094,
  "final_p95_served_delay_s": 40.0,
  "final_mean_timeout_delay_s": 40.0
}