{
  "scenario": "both_ch64",
  "strategy": "ppo_v4",
  "seed": 47,
  "episode_reward": 262.7395913531769,
  "episode_steps": 600,
  "samples": 600,
  "avg_offered_load_mbps": 776.7866375396233,
  "avg_accepted_load_mbps": 636.4675412932874,
  "avg_capacity_mbps": 213.49524645816268,
  "avg_goodput_mbps": 212.36175354091583,
  "avg_queue": 57.13,
  "final_capacity_mbps": 215.45166191726986,
  "final_goodput_mbps": 215.45166191726983,
  "final_queue": 55,
  "final_blocked_rate": 0.7176274018379282,
  "final_blocked_queue_cap_rate": 0.17878028404344193,
  "final_blocked_timeout_rate": 0.5388471177944862,
  "final_utilization": 1.0,
  "final_fairness": 0.7533700026217672,
  "avg_utilization": 0.99875,
  "avg_fairness": 0.710166805389712,
  "avg_acceptance_rate": 0.8234741489188813,
  "avg_service_rate": 0.24397692639212834,
  "final_mean_served_delay_s": 13.742351046698873,
  "final_p95_served_delay_s": 20.0,
  "final_mean_timeout_delay_s": 20.0
}