{
  "scenario": "both_int3",
  "strategy": "proportional_fair",
  "seed": 43,
  "samples": 600,
  "avg_offered_load_mbps": 759.8008368706072,
  "avg_accepted_load_mbps": 608.0862664596233,
  "avg_capacity_mbps": 177.96684834362023,
  "avg_goodput_mbps": 177.92661566621385,
  "avg_queue": 59.221666666666664,
  "final_capacity_mbps": 179.11209785989274,
  "final_goodput_mbps": 179.11209785989274,
  "final_queue": 61,
  "final_blocked_rate": 0.7392363931762794,
  "final_blocked_queue_cap_rate": 0.1990251827782291,
  "final_blocked_timeout_rate": 0.5402112103980503,
  "final_utilization": 1.0,
  "final_fairness": 0.8311659834095301,
  "avg_utilization": 0.9985416666666667,
  "avg_fairness": 0.8192831392041311,
  "avg_acceptance_rate": 0.8140515430009366,
  "avg_service_rate": 0.23500879879395753,
  "final_mean_served_delay_s": 15.390705679862306,
  "final_p95_served_delay_s": 20.0,
  "final_mean_timeout_delay_s": 20.0
}