{
  "scenario": "baseline_queue_cap",
  "strategy": "round_robin",
  "seed": 47,
  "samples": 600,
  "avg_offered_load_mbps": 776.7866375396233,
  "avg_accepted_load_mbps": 641.486650536634,
  "avg_capacity_mbps": 150.36281309902674,
  "avg_goodput_mbps": 150.29510447020073,
  "avg_queue": 946.8016666666666,
  "final_capacity_mbps": 150.42533021983195,
  "final_goodput_mbps": 150.42533021983198,
  "final_queue": 1516,
  "final_blocked_rate": 0.18170426065162906,
  "final_blocked_queue_cap_rate": 0.18170426065162906,
  "final_blocked_timeout_rate": 0.0,
  "final_utilization": 1.0,
  "final_fairness": 0.9429411864269189,
  "avg_utilization": 0.9995833333333334,
  "avg_fairness": 0.9420550991280882,
  "avg_acceptance_rate": 0.9722486852243039,
  "avg_service_rate": 0.17294194462903797,
  "final_mean_served_delay_s": 252.4446952595937,
  "final_p95_served_delay_s": 483.0,
  "final_mean_timeout_delay_s": 0.0
}