{
  "scenario": "both_q5_t40",
  "strategy": "longest_queue_first",
  "seed": 47,
  "samples": 600,
  "avg_offered_load_mbps": 776.7866375396233,
  "avg_accepted_load_mbps": 422.48227433056655,
  "avg_capacity_mbps": 151.08529400575182,
  "avg_goodput_mbps": 151.00733467687937,
  "avg_queue": 76.675,
  "final_capacity_mbps": 152.35816591798104,
  "final_goodput_mbps": 152.3581659179811,
  "final_queue": 88,
  "final_blocked_rate": 0.7848788638262323,
  "final_blocked_queue_cap_rate": 0.454469507101086,
  "final_blocked_timeout_rate": 0.3304093567251462,
  "final_utilization": 1.0,
  "final_fairness": 0.9186563719118942,
  "avg_utilization": 0.9995833333333334,
  "avg_fairness": 0.9348341634371932,
  "avg_acceptance_rate": 0.5692376084712961,
  "avg_service_rate": 0.17339812710354388,
  "final_mean_served_delay_s": 30.71896955503513,
  "final_p95_served_delay_s": 40.0,
  "final_mean_timeout_delay_s": 40.0
}