{
  "scenario": "baseline_both",
  "strategy": "ppo",
  "seed": 42,
  "episode_reward": 81.97800021479836,
  "episode_steps": 600,
  "samples": 600,
  "avg_offered_load_mbps": 766.2760178948384,
  "avg_accepted_load_mbps": 620.9429989032893,
  "avg_capacity_mbps": 158.87410746196915,
  "avg_goodput_mbps": 158.22492902077406,
  "avg_queue": 58.55,
  "final_capacity_mbps": 155.15929121631373,
  "final_goodput_mbps": 155.15929121631373,
  "final_queue": 69,
  "final_blocked_rate": 0.7648535564853557,
  "final_blocked_queue_cap_rate": 0.1803347280334728,
  "final_blocked_timeout_rate": 0.5845188284518829,
  "final_utilization": 1.0,
  "final_fairness": 0.6770525113580805,
  "avg_utilization": 0.99625,
  "avg_fairness": 0.6565460581469135,
  "avg_acceptance_rate": 0.8357134739021799,
  "avg_service_rate": 0.2044052317888209,
  "final_mean_served_delay_s": 14.075050709939148,
  "final_p95_served_delay_s": 20.0,
  "final_mean_timeout_delay_s": 20.0
}