{
  "scenario": "baseline_both",
  "strategy": "ppo",
  "seed": 42,
  "episode_reward": 14.514489232561615,
  "episode_steps": 600,
  "samples": 600,
  "avg_offered_load_mbps": 766.2760178948384,
  "avg_accepted_load_mbps": 618.6016342134978,
  "avg_capacity_mbps": 155.66728297608876,
  "avg_goodput_mbps": 155.25644726527972,
  "avg_queue": 58.115,
  "final_capacity_mbps": 156.50446742790768,
  "final_goodput_mbps": 156.50446742790774,
  "final_queue": 71,
  "final_blocked_rate": 0.7539748953974895,
  "final_blocked_queue_cap_rate": 0.18242677824267783,
  "final_blocked_timeout_rate": 0.5715481171548117,
  "final_utilization": 1.0,
  "final_fairness": 0.6729678573711767,
  "avg_utilization": 0.99625,
  "avg_fairness": 0.7425321130534998,
  "avg_acceptance_rate": 0.8354793624693172,
  "avg_service_rate": 0.21103575354348347,
  "final_mean_served_delay_s": 14.13733075435203,
  "final_p95_served_delay_s": 20.0,
  "final_mean_timeout_delay_s": 20.0
}