{
  "scenario": "both_ch32",
  "strategy": "round_robin",
  "seed": 42,
  "samples": 600,
  "avg_offered_load_mbps": 766.2760178948384,
  "avg_accepted_load_mbps": 610.580159579945,
  "avg_capacity_mbps": 101.38578436926942,
  "avg_goodput_mbps": 101.12584506345961,
  "avg_queue": 59.64833333333333,
  "final_capacity_mbps": 101.53994924912206,
  "final_goodput_mbps": 101.53994924912203,
  "final_queue": 71,
  "final_blocked_rate": 0.8359832635983263,
  "final_blocked_queue_cap_rate": 0.19456066945606695,
  "final_blocked_timeout_rate": 0.6414225941422594,
  "final_utilization": 1.0,
  "final_fairness": 0.892424358077934,
  "avg_utilization": 0.9983333333333333,
  "avg_fairness": 0.9212075420057293,
  "avg_acceptance_rate": 0.8231231596371006,
  "avg_service_rate": 0.14276172289085842,
  "final_mean_served_delay_s": 14.49221183800623,
  "final_p95_served_delay_s": 20.0,
  "final_mean_timeout_delay_s": 20.0
}