{
  "scenario": "both_q10_t20",
  "strategy": "proportional_fair",
  "seed": 43,
  "samples": 600,
  "avg_offered_load_mbps": 759.8008368706072,
  "avg_accepted_load_mbps": 754.8499036823248,
  "avg_capacity_mbps": 159.8391457066991,
  "avg_goodput_mbps": 159.8236719641621,
  "avg_queue": 76.565,
  "final_capacity_mbps": 159.41836329939568,
  "final_goodput_mbps": 159.41836329939565,
  "final_queue": 72,
  "final_blocked_rate": 0.7632006498781478,
  "final_blocked_queue_cap_rate": 0.005686433793663688,
  "final_blocked_timeout_rate": 0.7575142160844841,
  "final_utilization": 1.0,
  "final_fairness": 0.8007890574549786,
  "avg_utilization": 0.9985416666666667,
  "avg_fairness": 0.765678049520977,
  "avg_acceptance_rate": 0.9938062932447741,
  "avg_service_rate": 0.20751309063800338,
  "final_mean_served_delay_s": 16.54794520547945,
  "final_p95_served_delay_s": 20.0,
  "final_mean_timeout_delay_s": 20.0
}