{
  "scenario": "both_int3",
  "strategy": "round_robin",
  "seed": 42,
  "samples": 600,
  "avg_offered_load_mbps": 766.2760178948384,
  "avg_accepted_load_mbps": 616.525763974026,
  "avg_capacity_mbps": 172.79682202074963,
  "avg_goodput_mbps": 172.28312358615497,
  "avg_queue": 57.55833333333333,
  "final_capacity_mbps": 171.87717620590024,
  "final_goodput_mbps": 171.87717620590018,
  "final_queue": 71,
  "final_blocked_rate": 0.7414225941422594,
  "final_blocked_queue_cap_rate": 0.18284518828451882,
  "final_blocked_timeout_rate": 0.5585774058577406,
  "final_utilization": 1.0,
  "final_fairness": 0.9465398708118147,
  "avg_utilization": 0.99625,
  "avg_fairness": 0.9526735433872743,
  "avg_acceptance_rate": 0.832552104682669,
  "avg_service_rate": 0.22350189664368023,
  "final_mean_served_delay_s": 13.937842778793419,
  "final_p95_served_delay_s": 20.0,
  "final_mean_timeout_delay_s": 20.0
}