{
  "scenario": "both_ch32",
  "strategy": "ppo_v4",
  "seed": 44,
  "episode_reward": -103.1686266403985,
  "episode_steps": 600,
  "samples": 600,
  "avg_offered_load_mbps": 764.4133077715236,
  "avg_accepted_load_mbps": 611.4123578202142,
  "avg_capacity_mbps": 108.32054000227438,
  "avg_goodput_mbps": 108.044100459972,
  "avg_queue": 59.63166666666667,
  "final_capacity_mbps": 103.8715847741652,
  "final_goodput_mbps": 103.87158477416519,
  "final_queue": 60,
  "final_blocked_rate": 0.8355263157894737,
  "final_blocked_queue_cap_rate": 0.20189144736842105,
  "final_blocked_timeout_rate": 0.6336348684210527,
  "final_utilization": 1.0,
  "final_fairness": 0.7179094736150642,
  "avg_utilization": 1.0,
  "avg_fairness": 0.7086488012600377,
  "avg_acceptance_rate": 0.8132532166545752,
  "avg_service_rate": 0.15864995454396486,
  "final_mean_served_delay_s": 13.723529411764705,
  "final_p95_served_delay_s": 20.0,
  "final_mean_timeout_delay_s": 20.0
}