{
  "scenario": "both_ch32",
  "strategy": "proportional_fair",
  "seed": 43,
  "samples": 600,
  "avg_offered_load_mbps": 759.8008368706072,
  "avg_accepted_load_mbps": 599.2247882605678,
  "avg_capacity_mbps": 107.01899284160748,
  "avg_goodput_mbps": 107.00034190706424,
  "avg_queue": 60.77333333333333,
  "final_capacity_mbps": 107.50085762283315,
  "final_goodput_mbps": 107.50085762283311,
  "final_queue": 63,
  "final_blocked_rate": 0.8338748984565394,
  "final_blocked_queue_cap_rate": 0.21121039805036557,
  "final_blocked_timeout_rate": 0.6226645004061738,
  "final_utilization": 1.0,
  "final_fairness": 0.7918129945313109,
  "avg_utilization": 0.9998958333333333,
  "avg_fairness": 0.834992083118487,
  "avg_acceptance_rate": 0.8024284647140673,
  "avg_service_rate": 0.13908171126982113,
  "final_mean_served_delay_s": 16.020231213872833,
  "final_p95_served_delay_s": 20.0,
  "final_mean_timeout_delay_s": 20.0
}