{
  "scenario": "both_ch32",
  "strategy": "ppo_v4",
  "seed": 49,
  "episode_reward": -102.30255875957077,
  "episode_steps": 600,
  "samples": 600,
  "avg_offered_load_mbps": 743.3465389769656,
  "avg_accepted_load_mbps": 597.0750409260804,
  "avg_capacity_mbps": 107.01878710272182,
  "avg_goodput_mbps": 106.66710951301945,
  "avg_queue": 60.178333333333335,
  "final_capacity_mbps": 107.59754756795084,
  "final_goodput_mbps": 107.59754756795087,
  "final_queue": 65,
  "final_blocked_rate": 0.8413621262458472,
  "final_blocked_queue_cap_rate": 0.19352159468438537,
  "final_blocked_timeout_rate": 0.6478405315614618,
  "final_utilization": 1.0,
  "final_fairness": 0.6529469797841416,
  "avg_utilization": 1.0,
  "avg_fairness": 0.7129415900061588,
  "avg_acceptance_rate": 0.8285635030131498,
  "avg_service_rate": 0.14392186105217686,
  "final_mean_served_delay_s": 14.220820189274448,
  "final_p95_served_delay_s": 20.0,
  "final_mean_timeout_delay_s": 20.0
}