{
  "scenario": "both_q5_t40",
  "strategy": "greedy_backlog",
  "seed": 50,
  "samples": 600,
  "avg_offered_load_mbps": 778.7999490711376,
  "avg_accepted_load_mbps": 432.03823747140683,
  "avg_capacity_mbps": 189.85743931205053,
  "avg_goodput_mbps": 189.74394555571126,
  "avg_queue": 77.065,
  "final_capacity_mbps": 192.20370657521303,
  "final_goodput_mbps": 192.20370657521303,
  "final_queue": 76,
  "final_blocked_rate": 0.7268613739201975,
  "final_blocked_queue_cap_rate": 0.44014808720691073,
  "final_blocked_timeout_rate": 0.2867132867132867,
  "final_utilization": 1.0,
  "final_fairness": 0.9837177191035993,
  "avg_utilization": 0.9983333333333333,
  "avg_fairness": 0.9812306166088273,
  "avg_acceptance_rate": 0.6134531687455453,
  "avg_service_rate": 0.2536625846029543,
  "final_mean_served_delay_s": 29.79591836734694,
  "final_p95_served_delay_s": 40.0,
  "final_mean_timeout_delay_s": 40.0
}