{
  "scenario": "both_int6",
  "strategy": "longest_queue_first",
  "seed": 49,
  "samples": 600,
  "avg_offered_load_mbps": 743.3465389769656,
  "avg_accepted_load_mbps": 600.4994065079766,
  "avg_capacity_mbps": 133.3456533463138,
  "avg_goodput_mbps": 133.0301538520698,
  "avg_queue": 59.486666666666665,
  "final_capacity_mbps": 135.84937771471886,
  "final_goodput_mbps": 135.84937771471883,
  "final_queue": 65,
  "final_blocked_rate": 0.7915282392026578,
  "final_blocked_queue_cap_rate": 0.1897840531561462,
  "final_blocked_timeout_rate": 0.6017441860465116,
  "final_utilization": 1.0,
  "final_fairness": 0.9151566394433012,
  "avg_utilization": 0.99875,
  "avg_fairness": 0.9339722670971465,
  "avg_acceptance_rate": 0.8339166044466395,
  "avg_service_rate": 0.203466084146471,
  "final_mean_served_delay_s": 14.709382151029748,
  "final_p95_served_delay_s": 20.0,
  "final_mean_timeout_delay_s": 20.0
}