{
  "scenario": "baseline_both",
  "strategy": "proportional_fair",
  "seed": 45,
  "samples": 600,
  "avg_offered_load_mbps": 787.1612102454801,
  "avg_accepted_load_mbps": 633.9617382952987,
  "avg_capacity_mbps": 158.22874643616814,
  "avg_goodput_mbps": 158.12192315089217,
  "avg_queue": 59.413333333333334,
  "final_capacity_mbps": 153.43566086652785,
  "final_goodput_mbps": 153.43566086652785,
  "final_queue": 61,
  "final_blocked_rate": 0.7582101806239737,
  "final_blocked_queue_cap_rate": 0.1921182266009852,
  "final_blocked_timeout_rate": 0.5660919540229885,
  "final_utilization": 1.0,
  "final_fairness": 0.8402919651048649,
  "avg_utilization": 0.9985416666666667,
  "avg_fairness": 0.8196196876592088,
  "avg_acceptance_rate": 0.8252450249035521,
  "avg_service_rate": 0.2402515013376626,
  "final_mean_served_delay_s": 14.93939393939394,
  "final_p95_served_delay_s": 20.0,
  "final_mean_timeout_delay_s": 20.0
}