{
  "scenario": "both_int6",
  "strategy": "greedy_backlog",
  "seed": 50,
  "samples": 600,
  "avg_offered_load_mbps": 778.7999490711376,
  "avg_accepted_load_mbps": 632.2302960451144,
  "avg_capacity_mbps": 182.5557378266691,
  "avg_goodput_mbps": 182.48072342254991,
  "avg_queue": 59.958333333333336,
  "final_capacity_mbps": 189.35679801386334,
  "final_goodput_mbps": 189.35679801386337,
  "final_queue": 59,
  "final_blocked_rate": 0.7363225010283834,
  "final_blocked_queue_cap_rate": 0.1851090086384204,
  "final_blocked_timeout_rate": 0.551213492389963,
  "final_utilization": 1.0,
  "final_fairness": 0.9898640416497626,
  "avg_utilization": 0.9983333333333333,
  "avg_fairness": 0.9779527383465428,
  "avg_acceptance_rate": 0.8340636919450578,
  "avg_service_rate": 0.24651659469734202,
  "final_mean_served_delay_s": 15.6786941580756,
  "final_p95_served_delay_s": 20.0,
  "final_mean_timeout_delay_s": 20.0
}