{
  "scenario": "both_q10_t20",
  "strategy": "proportional_fair",
  "seed": 49,
  "samples": 600,
  "avg_offered_load_mbps": 743.3465389769656,
  "avg_accepted_load_mbps": 741.5145092828903,
  "avg_capacity_mbps": 158.7929759361424,
  "avg_goodput_mbps": 158.5650557487369,
  "avg_queue": 74.405,
  "final_capacity_mbps": 153.64510675801935,
  "final_goodput_mbps": 153.64510675801935,
  "final_queue": 86,
  "final_blocked_rate": 0.7591362126245847,
  "final_blocked_queue_cap_rate": 0.005813953488372093,
  "final_blocked_timeout_rate": 0.7533222591362126,
  "final_utilization": 1.0,
  "final_fairness": 0.8048440553114116,
  "avg_utilization": 0.99875,
  "avg_fairness": 0.7919808369234929,
  "avg_acceptance_rate": 0.9946506897792792,
  "avg_service_rate": 0.2314739337206972,
  "final_mean_served_delay_s": 16.060728744939272,
  "final_p95_served_delay_s": 20.0,
  "final_mean_timeout_delay_s": 20.0
}