{
  "scenario": "baseline_both",
  "strategy": "round_robin",
  "seed": 44,
  "samples": 600,
  "avg_offered_load_mbps": 764.4133077715236,
  "avg_accepted_load_mbps": 618.7364518774434,
  "avg_capacity_mbps": 153.22728618548675,
  "avg_goodput_mbps": 152.6968130674806,
  "avg_queue": 58.435,
  "final_capacity_mbps": 153.8588202669597,
  "final_goodput_mbps": 153.8588202669597,
  "final_queue": 59,
  "final_blocked_rate": 0.780016447368421,
  "final_blocked_queue_cap_rate": 0.19613486842105263,
  "final_blocked_timeout_rate": 0.5838815789473685,
  "final_utilization": 1.0,
  "final_fairness": 0.9663380829026595,
  "avg_utilization": 0.9989583333333333,
  "avg_fairness": 0.9496506109515253,
  "avg_acceptance_rate": 0.8190188907044533,
  "avg_service_rate": 0.2185725247767225,
  "final_mean_served_delay_s": 13.67436974789916,
  "final_p95_served_delay_s": 20.0,
  "final_mean_timeout_delay_s": 20.0
}