{
  "scenario": "both_ch64",
  "strategy": "greedy_backlog",
  "seed": 44,
  "samples": 600,
  "avg_offered_load_mbps": 764.4133077715236,
  "avg_accepted_load_mbps": 633.6339097792305,
  "avg_capacity_mbps": 238.7115775549263,
  "avg_goodput_mbps": 238.50653468584053,
  "avg_queue": 58.27166666666667,
  "final_capacity_mbps": 243.56982228144912,
  "final_goodput_mbps": 243.56982228144906,
  "final_queue": 63,
  "final_blocked_rate": 0.657483552631579,
  "final_blocked_queue_cap_rate": 0.17228618421052633,
  "final_blocked_timeout_rate": 0.48519736842105265,
  "final_utilization": 1.0,
  "final_fairness": 0.9693131919978176,
  "avg_utilization": 0.99703125,
  "avg_fairness": 0.9702531429148875,
  "avg_acceptance_rate": 0.8429265153188277,
  "avg_service_rate": 0.3291466707680591,
  "final_mean_served_delay_s": 14.91948051948052,
  "final_p95_served_delay_s": 20.0,
  "final_mean_timeout_delay_s": 20.0
}