{
  "scenario": "both_q10_t20",
  "strategy": "longest_queue_first",
  "seed": 45,
  "samples": 600,
  "avg_offered_load_mbps": 787.1612102454801,
  "avg_accepted_load_mbps": 784.3975819821528,
  "avg_capacity_mbps": 153.35944261006154,
  "avg_goodput_mbps": 153.0339323684575,
  "avg_queue": 74.84166666666667,
  "final_capacity_mbps": 150.7840098575307,
  "final_goodput_mbps": 150.7840098575307,
  "final_queue": 80,
  "final_blocked_rate": 0.7614942528735632,
  "final_blocked_queue_cap_rate": 0.003694581280788177,
  "final_blocked_timeout_rate": 0.7577996715927751,
  "final_utilization": 1.0,
  "final_fairness": 0.935401189738023,
  "avg_utilization": 0.9985416666666667,
  "avg_fairness": 0.9355618170827548,
  "avg_acceptance_rate": 0.9949161824063659,
  "avg_service_rate": 0.22396282450875338,
  "final_mean_served_delay_s": 15.145708582834331,
  "final_p95_served_delay_s": 20.0,
  "final_mean_timeout_delay_s": 20.0
}