{
  "scenario": "baseline_both",
  "strategy": "ppo",
  "seed": 45,
  "episode_reward": 86.47410528671307,
  "episode_steps": 600,
  "samples": 600,
  "avg_offered_load_mbps": 787.1612102454801,
  "avg_accepted_load_mbps": 637.4443102981357,
  "avg_capacity_mbps": 161.3744357720461,
  "avg_goodput_mbps": 160.68103824255004,
  "avg_queue": 58.123333333333335,
  "final_capacity_mbps": 153.53955153922587,
  "final_goodput_mbps": 153.53955153922584,
  "final_queue": 59,
  "final_blocked_rate": 0.7692939244663383,
  "final_blocked_queue_cap_rate": 0.1933497536945813,
  "final_blocked_timeout_rate": 0.575944170771757,
  "final_utilization": 1.0,
  "final_fairness": 0.6612446217066171,
  "avg_utilization": 0.9985416666666667,
  "avg_fairness": 0.651422178243581,
  "avg_acceptance_rate": 0.8240223603210617,
  "avg_service_rate": 0.23211990074014394,
  "final_mean_served_delay_s": 13.192842942345925,
  "final_p95_served_delay_s": 20.0,
  "final_mean_timeout_delay_s": 20.0
}