{
  "scenario": "both_int3",
  "strategy": "ppo_v4",
  "seed": 46,
  "episode_reward": 158.3428663528482,
  "episode_steps": 600,
  "samples": 600,
  "avg_offered_load_mbps": 752.7792334683929,
  "avg_accepted_load_mbps": 612.8527356767623,
  "avg_capacity_mbps": 181.78361886171658,
  "avg_goodput_mbps": 181.111675760037,
  "avg_queue": 56.71,
  "final_capacity_mbps": 178.00984041708395,
  "final_goodput_mbps": 178.009840417084,
  "final_queue": 58,
  "final_blocked_rate": 0.7442159383033419,
  "final_blocked_queue_cap_rate": 0.17823479005998286,
  "final_blocked_timeout_rate": 0.565981148243359,
  "final_utilization": 1.0,
  "final_fairness": 0.70433113594787,
  "avg_utilization": 0.9985416666666667,
  "avg_fairness": 0.6511207044893804,
  "avg_acceptance_rate": 0.8251479517568512,
  "avg_service_rate": 0.23297768416865133,
  "final_mean_served_delay_s": 14.196660482374767,
  "final_p95_served_delay_s": 20.0,
  "final_mean_timeout_delay_s": 20.0
}