{
  "scenario": "both_q15_t20",
  "strategy": "greedy_backlog",
  "seed": 50,
  "samples": 600,
  "avg_offered_load_mbps": 778.7999490711376,
  "avg_accepted_load_mbps": 778.725138208903,
  "avg_capacity_mbps": 192.89945114566396,
  "avg_goodput_mbps": 192.7859573893247,
  "avg_queue": 75.09,
  "final_capacity_mbps": 203.9661072563603,
  "final_goodput_mbps": 203.9661072563603,
  "final_queue": 82,
  "final_blocked_rate": 0.7149321266968326,
  "final_blocked_queue_cap_rate": 0.00041135335252982314,
  "final_blocked_timeout_rate": 0.7145207733443028,
  "final_utilization": 1.0,
  "final_fairness": 0.9894717915409121,
  "avg_utilization": 0.9983333333333333,
  "avg_fairness": 0.9835088352881739,
  "avg_acceptance_rate": 0.9998866292923446,
  "avg_service_rate": 0.25810813892324574,
  "final_mean_served_delay_s": 16.44844517184943,
  "final_p95_served_delay_s": 20.0,
  "final_mean_timeout_delay_s": 20.0
}