{
  "scenario": "both_int6",
  "strategy": "proportional_fair",
  "seed": 46,
  "samples": 600,
  "avg_offered_load_mbps": 752.7792334683929,
  "avg_accepted_load_mbps": 609.5278697815395,
  "avg_capacity_mbps": 138.90199296964698,
  "avg_goodput_mbps": 138.85693140609789,
  "avg_queue": 58.335,
  "final_capacity_mbps": 137.97707482173945,
  "final_goodput_mbps": 137.97707482173945,
  "final_queue": 62,
  "final_blocked_rate": 0.794344473007712,
  "final_blocked_queue_cap_rate": 0.18380462724935734,
  "final_blocked_timeout_rate": 0.6105398457583547,
  "final_utilization": 1.0,
  "final_fairness": 0.8583383945189079,
  "avg_utilization": 0.9985416666666667,
  "avg_fairness": 0.813995147119128,
  "avg_acceptance_rate": 0.8197882234541697,
  "avg_service_rate": 0.1787200708392206,
  "final_mean_served_delay_s": 15.263157894736842,
  "final_p95_served_delay_s": 20.0,
  "final_mean_timeout_delay_s": 20.0
}