{
  "scenario": "both_ch32",
  "strategy": "longest_queue_first",
  "seed": 50,
  "samples": 600,
  "avg_offered_load_mbps": 778.7999490711376,
  "avg_accepted_load_mbps": 619.205313446098,
  "avg_capacity_mbps": 102.07534055705737,
  "avg_goodput_mbps": 102.00239914507665,
  "avg_queue": 60.11833333333333,
  "final_capacity_mbps": 105.68627147204867,
  "final_goodput_mbps": 105.68627147204866,
  "final_queue": 60,
  "final_blocked_rate": 0.8477992595639654,
  "final_blocked_queue_cap_rate": 0.21102426984779926,
  "final_blocked_timeout_rate": 0.6367749897161662,
  "final_utilization": 1.0,
  "final_fairness": 0.9150921453732289,
  "avg_utilization": 0.9991666666666666,
  "avg_fairness": 0.9135202757627365,
  "avg_acceptance_rate": 0.8038917040581643,
  "avg_service_rate": 0.13264262347430608,
  "final_mean_served_delay_s": 15.287096774193548,
  "final_p95_served_delay_s": 20.0,
  "final_mean_timeout_delay_s": 20.0
}