{
  "scenario": "both_int3",
  "strategy": "proportional_fair",
  "seed": 49,
  "samples": 600,
  "avg_offered_load_mbps": 743.3465389769656,
  "avg_accepted_load_mbps": 605.296537544298,
  "avg_capacity_mbps": 177.01545099715935,
  "avg_goodput_mbps": 176.73161608887742,
  "avg_queue": 59.32666666666667,
  "final_capacity_mbps": 174.8778296616665,
  "final_goodput_mbps": 174.87782966166645,
  "final_queue": 63,
  "final_blocked_rate": 0.7479235880398671,
  "final_blocked_queue_cap_rate": 0.18272425249169436,
  "final_blocked_timeout_rate": 0.5651993355481728,
  "final_utilization": 1.0,
  "final_fairness": 0.8440929155392716,
  "avg_utilization": 0.99875,
  "avg_fairness": 0.8347616012748337,
  "avg_acceptance_rate": 0.8397973208228209,
  "avg_service_rate": 0.24688589601370442,
  "final_mean_served_delay_s": 15.172794117647058,
  "final_p95_served_delay_s": 20.0,
  "final_mean_timeout_delay_s": 20.0
}