{
  "scenario": "both_q15_t20",
  "strategy": "greedy_backlog",
  "seed": 44,
  "samples": 600,
  "avg_offered_load_mbps": 764.4133077715236,
  "avg_accepted_load_mbps": 764.4133077715236,
  "avg_capacity_mbps": 192.43234755821626,
  "avg_goodput_mbps": 192.27607194667533,
  "avg_queue": 75.12333333333333,
  "final_capacity_mbps": 192.5612585364487,
  "final_goodput_mbps": 192.56125853644866,
  "final_queue": 77,
  "final_blocked_rate": 0.7166940789473685,
  "final_blocked_queue_cap_rate": 0.0,
  "final_blocked_timeout_rate": 0.7166940789473685,
  "final_utilization": 1.0,
  "final_fairness": 0.9888288603317824,
  "avg_utilization": 0.9989583333333333,
  "avg_fairness": 0.9835574132484862,
  "avg_acceptance_rate": 1.0,
  "avg_service_rate": 0.265059805237121,
  "final_mean_served_delay_s": 16.354575163398692,
  "final_p95_served_delay_s": 20.0,
  "final_mean_timeout_delay_s": 20.0
}