{
  "scenario": "baseline_both",
  "strategy": "ppo",
  "seed": 44,
  "episode_reward": 81.23072327142957,
  "episode_steps": 600,
  "samples": 600,
  "avg_offered_load_mbps": 764.4133077715236,
  "avg_accepted_load_mbps": 617.3773382163829,
  "avg_capacity_mbps": 161.80335086392984,
  "avg_goodput_mbps": 161.13670208645632,
  "avg_queue": 58.23166666666667,
  "final_capacity_mbps": 154.19634458987738,
  "final_goodput_mbps": 154.1963445898774,
  "final_queue": 62,
  "final_blocked_rate": 0.764391447368421,
  "final_blocked_queue_cap_rate": 0.19120065789473684,
  "final_blocked_timeout_rate": 0.5731907894736842,
  "final_utilization": 1.0,
  "final_fairness": 0.6887386506698299,
  "avg_utilization": 0.9989583333333333,
  "avg_fairness": 0.6481844866091124,
  "avg_acceptance_rate": 0.826419983030563,
  "avg_service_rate": 0.22267397403254427,
  "final_mean_served_delay_s": 13.58904109589041,
  "final_p95_served_delay_s": 20.0,
  "final_mean_timeout_delay_s": 20.0
}