{
  "scenario": "both_q10_t20",
  "strategy": "round_robin",
  "seed": 47,
  "samples": 600,
  "avg_offered_load_mbps": 776.7866375396233,
  "avg_accepted_load_mbps": 770.9008118229499,
  "avg_capacity_mbps": 152.26462010052626,
  "avg_goodput_mbps": 152.018547632686,
  "avg_queue": 73.66166666666666,
  "final_capacity_mbps": 154.42363689027405,
  "final_goodput_mbps": 154.42363689027405,
  "final_queue": 74,
  "final_blocked_rate": 0.7878028404344194,
  "final_blocked_queue_cap_rate": 0.007936507936507936,
  "final_blocked_timeout_rate": 0.7798663324979115,
  "final_utilization": 1.0,
  "final_fairness": 0.9719181052539838,
  "avg_utilization": 0.9995833333333334,
  "avg_fairness": 0.9462701997148468,
  "avg_acceptance_rate": 0.9944079750518837,
  "avg_service_rate": 0.17161708194073388,
  "final_mean_served_delay_s": 15.02073732718894,
  "final_p95_served_delay_s": 20.0,
  "final_mean_timeout_delay_s": 20.0
}