{
  "scenario": "both_q5_t10",
  "strategy": "proportional_fair",
  "seed": 44,
  "samples": 600,
  "avg_offered_load_mbps": 764.4133077715236,
  "avg_accepted_load_mbps": 742.7657890078316,
  "avg_capacity_mbps": 161.9299065828207,
  "avg_goodput_mbps": 161.58775843916882,
  "avg_queue": 35.76166666666666,
  "final_capacity_mbps": 160.00141622036918,
  "final_goodput_mbps": 160.00141622036915,
  "final_queue": 38,
  "final_blocked_rate": 0.7804276315789473,
  "final_blocked_queue_cap_rate": 0.03248355263157895,
  "final_blocked_timeout_rate": 0.7479440789473685,
  "final_utilization": 1.0,
  "final_fairness": 0.7813114577890314,
  "avg_utilization": 0.9989583333333333,
  "avg_fairness": 0.7364113371539083,
  "avg_acceptance_rate": 0.9647119075975154,
  "avg_service_rate": 0.22503018954422505,
  "final_mean_served_delay_s": 7.153225806451613,
  "final_p95_served_delay_s": 10.0,
  "final_mean_timeout_delay_s": 10.0
}