{
  "scenario": "both_q5_t40",
  "strategy": "longest_queue_first",
  "seed": 44,
  "samples": 600,
  "avg_offered_load_mbps": 764.4133077715236,
  "avg_accepted_load_mbps": 415.7571870584021,
  "avg_capacity_mbps": 151.67702392886704,
  "avg_goodput_mbps": 151.4658471297422,
  "avg_queue": 76.49166666666666,
  "final_capacity_mbps": 156.676943133254,
  "final_goodput_mbps": 156.676943133254,
  "final_queue": 81,
  "final_blocked_rate": 0.759046052631579,
  "final_blocked_queue_cap_rate": 0.4473684210526316,
  "final_blocked_timeout_rate": 0.31167763157894735,
  "final_utilization": 1.0,
  "final_fairness": 0.9344988871492165,
  "avg_utilization": 0.9989583333333333,
  "avg_fairness": 0.9349841273090148,
  "avg_acceptance_rate": 0.5966010979876467,
  "avg_service_rate": 0.23319982086882027,
  "final_mean_served_delay_s": 29.075247524752474,
  "final_p95_served_delay_s": 40.0,
  "final_mean_timeout_delay_s": 40.0
}