{
  "scenario": "both_ch32",
  "strategy": "proportional_fair",
  "seed": 51,
  "samples": 600,
  "avg_offered_load_mbps": 770.4303003527792,
  "avg_accepted_load_mbps": 604.5817954035846,
  "avg_capacity_mbps": 106.7356877642332,
  "avg_goodput_mbps": 106.72568107691376,
  "avg_queue": 60.348333333333336,
  "final_capacity_mbps": 105.66206450717466,
  "final_goodput_mbps": 105.66206450717463,
  "final_queue": 54,
  "final_blocked_rate": 0.8409184091840919,
  "final_blocked_queue_cap_rate": 0.2099220992209922,
  "final_blocked_timeout_rate": 0.6309963099630996,
  "final_utilization": 1.0,
  "final_fairness": 0.8194902941715819,
  "avg_utilization": 0.9995833333333334,
  "avg_fairness": 0.8342802925868856,
  "avg_acceptance_rate": 0.811446275248082,
  "avg_service_rate": 0.1444035210574801,
  "final_mean_served_delay_s": 15.661676646706587,
  "final_p95_served_delay_s": 20.0,
  "final_mean_timeout_delay_s": 20.0
}