{
  "scenario": "both_q15_t20",
  "strategy": "proportional_fair",
  "seed": 49,
  "samples": 600,
  "avg_offered_load_mbps": 743.3465389769656,
  "avg_accepted_load_mbps": 743.3465389769656,
  "avg_capacity_mbps": 158.8612811805872,
  "avg_goodput_mbps": 158.63336099318175,
  "avg_queue": 74.88833333333334,
  "final_capacity_mbps": 153.64510675801935,
  "final_goodput_mbps": 153.64510675801935,
  "final_queue": 86,
  "final_blocked_rate": 0.7574750830564784,
  "final_blocked_queue_cap_rate": 0.0,
  "final_blocked_timeout_rate": 0.7574750830564784,
  "final_utilization": 1.0,
  "final_fairness": 0.8048440553114116,
  "avg_utilization": 0.99875,
  "avg_fairness": 0.7905268321254938,
  "avg_acceptance_rate": 1.0,
  "avg_service_rate": 0.23166656310771866,
  "final_mean_served_delay_s": 16.120481927710845,
  "final_p95_served_delay_s": 20.0,
  "final_mean_timeout_delay_s": 20.0
}