{
  "scenario": "baseline_both",
  "strategy": "proportional_fair",
  "seed": 42,
  "samples": 600,
  "avg_offered_load_mbps": 766.2760178948384,
  "avg_accepted_load_mbps": 619.712723429976,
  "avg_capacity_mbps": 156.78059519568217,
  "avg_goodput_mbps": 156.6485932557881,
  "avg_queue": 59.41833333333334,
  "final_capacity_mbps": 156.27811871427932,
  "final_goodput_mbps": 156.27811871427932,
  "final_queue": 72,
  "final_blocked_rate": 0.7635983263598326,
  "final_blocked_queue_cap_rate": 0.18242677824267783,
  "final_blocked_timeout_rate": 0.5811715481171548,
  "final_utilization": 1.0,
  "final_fairness": 0.9288984239016546,
  "avg_utilization": 0.99625,
  "avg_fairness": 0.825715945999669,
  "avg_acceptance_rate": 0.8348682159633718,
  "avg_service_rate": 0.20303737373337918,
  "final_mean_served_delay_s": 15.350912778904664,
  "final_p95_served_delay_s": 20.0,
  "final_mean_timeout_delay_s": 20.0
}