{
  "scenario": "both_q5_t40",
  "strategy": "proportional_fair",
  "seed": 46,
  "samples": 600,
  "avg_offered_load_mbps": 752.7792334683929,
  "avg_accepted_load_mbps": 414.4912858617484,
  "avg_capacity_mbps": 152.87416325448382,
  "avg_goodput_mbps": 152.82690046524485,
  "avg_queue": 75.895,
  "final_capacity_mbps": 154.8135288266849,
  "final_goodput_mbps": 154.8135288266849,
  "final_queue": 80,
  "final_blocked_rate": 0.773350471293916,
  "final_blocked_queue_cap_rate": 0.44301628106255353,
  "final_blocked_timeout_rate": 0.33033419023136246,
  "final_utilization": 1.0,
  "final_fairness": 0.9611560919440779,
  "avg_utilization": 0.9985416666666667,
  "avg_fairness": 0.9122788897073066,
  "avg_acceptance_rate": 0.597102861684138,
  "avg_service_rate": 0.2013191826701368,
  "final_mean_served_delay_s": 30.679287305122493,
  "final_p95_served_delay_s": 40.0,
  "final_mean_timeout_delay_s": 40.0
}