{
  "scenario": "baseline_both",
  "strategy": "ppo",
  "seed": 45,
  "episode_reward": 2.115496176560601,
  "episode_steps": 600,
  "samples": 600,
  "avg_offered_load_mbps": 787.1612102454801,
  "avg_accepted_load_mbps": 629.029446918685,
  "avg_capacity_mbps": 153.89884778015067,
  "avg_goodput_mbps": 153.37828979218705,
  "avg_queue": 58.26833333333333,
  "final_capacity_mbps": 149.26649846105684,
  "final_goodput_mbps": 149.2664984610568,
  "final_queue": 63,
  "final_blocked_rate": 0.7750410509031199,
  "final_blocked_queue_cap_rate": 0.20032840722495895,
  "final_blocked_timeout_rate": 0.5747126436781609,
  "final_utilization": 1.0,
  "final_fairness": 0.9573166237512132,
  "avg_utilization": 0.9985416666666667,
  "avg_fairness": 0.9302515362398884,
  "avg_acceptance_rate": 0.8121439747316577,
  "avg_service_rate": 0.220334764394687,
  "final_mean_served_delay_s": 13.853608247422681,
  "final_p95_served_delay_s": 20.0,
  "final_mean_timeout_delay_s": 20.0
}