{
  "scenario": "both_q10_t20",
  "strategy": "proportional_fair",
  "seed": 45,
  "samples": 600,
  "avg_offered_load_mbps": 787.1612102454801,
  "avg_accepted_load_mbps": 785.658823483538,
  "avg_capacity_mbps": 160.4800570560145,
  "avg_goodput_mbps": 160.38977594997866,
  "avg_queue": 75.445,
  "final_capacity_mbps": 150.5134795340096,
  "final_goodput_mbps": 150.5134795340096,
  "final_queue": 80,
  "final_blocked_rate": 0.7553366174055829,
  "final_blocked_queue_cap_rate": 0.0024630541871921183,
  "final_blocked_timeout_rate": 0.7528735632183908,
  "final_utilization": 1.0,
  "final_fairness": 0.8267980234238991,
  "avg_utilization": 0.9985416666666667,
  "avg_fairness": 0.7765133614430454,
  "avg_acceptance_rate": 0.9967644959093047,
  "avg_service_rate": 0.2269825804186022,
  "final_mean_served_delay_s": 15.901162790697674,
  "final_p95_served_delay_s": 20.0,
  "final_mean_timeout_delay_s": 20.0
}