{
  "scenario": "baseline_both",
  "strategy": "ppo",
  "seed": 44,
  "episode_reward": 71.99684762233393,
  "episode_steps": 600,
  "samples": 600,
  "avg_offered_load_mbps": 764.4133077715236,
  "avg_accepted_load_mbps": 618.2588976942769,
  "avg_capacity_mbps": 157.42629871608088,
  "avg_goodput_mbps": 156.9064870333759,
  "avg_queue": 58.38666666666666,
  "final_capacity_mbps": 156.20474580150932,
  "final_goodput_mbps": 156.2047458015093,
  "final_queue": 59,
  "final_blocked_rate": 0.7734375,
  "final_blocked_queue_cap_rate": 0.19325657894736842,
  "final_blocked_timeout_rate": 0.5801809210526315,
  "final_utilization": 1.0,
  "final_fairness": 0.815379538819841,
  "avg_utilization": 0.9989583333333333,
  "avg_fairness": 0.7747575145942212,
  "avg_acceptance_rate": 0.8223405059421208,
  "avg_service_rate": 0.2266573543917589,
  "final_mean_served_delay_s": 13.59959349593496,
  "final_p95_served_delay_s": 20.0,
  "final_mean_timeout_delay_s": 20.0
}