{
  "scenario": "both_ch32",
  "strategy": "round_robin",
  "seed": 51,
  "samples": 600,
  "avg_offered_load_mbps": 770.4303003527792,
  "avg_accepted_load_mbps": 599.7599764916026,
  "avg_capacity_mbps": 101.77533753142195,
  "avg_goodput_mbps": 101.61008741792116,
  "avg_queue": 59.415,
  "final_capacity_mbps": 101.53994924912206,
  "final_goodput_mbps": 100.12475538864386,
  "final_queue": 51,
  "final_blocked_rate": 0.8536285362853628,
  "final_blocked_queue_cap_rate": 0.21484214842148422,
  "final_blocked_timeout_rate": 0.6387863878638786,
  "final_utilization": 1.0,
  "final_fairness": 0.892424358077934,
  "avg_utilization": 0.9995833333333334,
  "avg_fairness": 0.9210937414698246,
  "avg_acceptance_rate": 0.8052340274979798,
  "avg_service_rate": 0.13377040351025077,
  "final_mean_served_delay_s": 13.92156862745098,
  "final_p95_served_delay_s": 20.0,
  "final_mean_timeout_delay_s": 20.0
}